,interest_rate,treasury_10y,treasury_2y,cpi,core_cpi,industrial_production,retail_sales,unemployment,dollar_index,money_supply_m2
2015-01-02,0.11,2.12,0.66,234.747,239.811,102.7923,428208.0,5.7,111.6852,11787.8
2015-01-03,0.11,2.12,0.66,234.747,239.811,102.7923,428208.0,5.7,111.6852,11787.8
2015-01-04,0.11,2.12,0.66,234.747,239.811,102.7923,428208.0,5.7,111.6852,11787.8
2015-01-05,0.11,2.04,0.68,234.747,239.811,102.7923,428208.0,5.7,112.3254,11787.8
2015-01-06,0.11,1.97,0.65,234.747,239.811,102.7923,428208.0,5.7,112.1016,11787.8
2015-01-07,0.11,1.96,0.62,234.747,239.811,102.7923,428208.0,5.7,112.4336,11787.8
2015-01-08,0.11,2.03,0.62,234.747,239.811,102.7923,428208.0,5.7,112.0596,11787.8
2015-01-09,0.11,1.98,0.59,234.747,239.811,102.7923,428208.0,5.7,111.9052,11787.8
2015-01-10,0.11,1.98,0.59,234.747,239.811,102.7923,428208.0,5.7,111.9052,11787.8
2015-01-11,0.11,1.98,0.59,234.747,239.811,102.7923,428208.0,5.7,111.9052,11787.8
2015-01-12,0.11,1.92,0.56,234.747,239.811,102.7923,428208.0,5.7,112.0182,11787.8
2015-01-13,0.11,1.91,0.54,234.747,239.811,102.7923,428208.0,5.7,112.0622,11787.8
2015-01-14,0.11,1.86,0.51,234.747,239.811,102.7923,428208.0,5.7,111.8773,11787.8
2015-01-15,0.11,1.77,0.44,234.747,239.811,102.7923,428208.0,5.7,111.8911,11787.8
2015-01-16,0.11,1.83,0.49,234.747,239.811,102.7923,428208.0,5.7,112.0592,11787.8
2015-01-17,0.11,1.83,0.49,234.747,239.811,102.7923,428208.0,5.7,112.0592,11787.8
2015-01-18,0.11,1.83,0.49,234.747,239.811,102.7923,428208.0,5.7,112.0592,11787.8
2015-01-19,0.11,1.83,0.49,234.747,239.811,102.7923,428208.0,5.7,112.0592,11787.8
2015-01-20,0.11,1.82,0.53,234.747,239.811,102.7923,428208.0,5.7,112.3884,11787.8
2015-01-21,0.11,1.87,0.53,234.747,239.811,102.7923,428208.0,5.7,112.6051,11787.8
2015-01-22,0.11,1.9,0.53,234.747,239.811,102.7923,428208.0,5.7,112.7187,11787.8
2015-01-23,0.11,1.81,0.52,234.747,239.811,102.7923,428208.0,5.7,113.1599,11787.8
2015-01-24,0.11,1.81,0.52,234.747,239.811,102.7923,428208.0,5.7,113.1599,11787.8
2015-01-25,0.11,1.81,0.52,234.747,239.811,102.7923,428208.0,5.7,113.1599,11787.8
2015-01-26,0.11,1.83,0.54,234.747,239.811,102.7923,428208.0,5.7,113.3625,11787.8
2015-01-27,0.11,1.83,0.54,234.747,239.811,102.7923,428208.0,5.7,113.0168,11787.8
2015-01-28,0.11,1.73,0.5,234.747,239.811,102.7923,428208.0,5.7,113.3484,11787.8
2015-01-29,0.11,1.77,0.51,234.747,239.811,102.7923,428208.0,5.7,114.1467,11787.8
2015-01-30,0.11,1.68,0.47,234.747,239.811,102.7923,428208.0,5.7,114.4698,11787.8
2015-01-31,0.11,1.68,0.47,234.747,239.811,102.7923,428208.0,5.7,114.4698,11787.8
2015-02-01,0.11,1.68,0.47,235.342,240.172,102.1366,427119.0,5.5,114.4698,11904.7
2015-02-02,0.11,1.68,0.49,235.342,240.172,102.1366,427119.0,5.5,114.0885,11904.7
2015-02-03,0.11,1.79,0.52,235.342,240.172,102.1366,427119.0,5.5,113.4656,11904.7
2015-02-04,0.11,1.81,0.52,235.342,240.172,102.1366,427119.0,5.5,113.6375,11904.7
2015-02-05,0.11,1.83,0.52,235.342,240.172,102.1366,427119.0,5.5,113.3626,11904.7
2015-02-06,0.11,1.95,0.65,235.342,240.172,102.1366,427119.0,5.5,113.9949,11904.7
2015-02-07,0.11,1.95,0.65,235.342,240.172,102.1366,427119.0,5.5,113.9949,11904.7
2015-02-08,0.11,1.95,0.65,235.342,240.172,102.1366,427119.0,5.5,113.9949,11904.7
2015-02-09,0.11,1.96,0.65,235.342,240.172,102.1366,427119.0,5.5,113.8461,11904.7
2015-02-10,0.11,2.01,0.67,235.342,240.172,102.1366,427119.0,5.5,114.1379,11904.7
2015-02-11,0.11,2.0,0.67,235.342,240.172,102.1366,427119.0,5.5,114.6429,11904.7
2015-02-12,0.11,1.99,0.61,235.342,240.172,102.1366,427119.0,5.5,113.8116,11904.7
2015-02-13,0.11,2.02,0.66,235.342,240.172,102.1366,427119.0,5.5,113.6874,11904.7
2015-02-14,0.11,2.02,0.66,235.342,240.172,102.1366,427119.0,5.5,113.6874,11904.7
2015-02-15,0.11,2.02,0.66,235.342,240.172,102.1366,427119.0,5.5,113.6874,11904.7
2015-02-16,0.11,2.02,0.66,235.342,240.172,102.1366,427119.0,5.5,113.6874,11904.7
2015-02-17,0.11,2.14,0.7,235.342,240.172,102.1366,427119.0,5.5,113.6874,11904.7
2015-02-18,0.11,2.07,0.62,235.342,240.172,102.1366,427119.0,5.5,114.1224,11904.7
2015-02-19,0.11,2.11,0.67,235.342,240.172,102.1366,427119.0,5.5,114.0098,11904.7
2015-02-20,0.11,2.13,0.67,235.342,240.172,102.1366,427119.0,5.5,114.2029,11904.7
2015-02-21,0.11,2.13,0.67,235.342,240.172,102.1366,427119.0,5.5,114.2029,11904.7
2015-02-22,0.11,2.13,0.67,235.342,240.172,102.1366,427119.0,5.5,114.2029,11904.7
2015-02-23,0.11,2.06,0.64,235.342,240.172,102.1366,427119.0,5.5,114.4195,11904.7
2015-02-24,0.11,1.99,0.6,235.342,240.172,102.1366,427119.0,5.5,114.4165,11904.7
2015-02-25,0.11,1.96,0.61,235.342,240.172,102.1366,427119.0,5.5,113.9132,11904.7
2015-02-26,0.11,2.03,0.66,235.342,240.172,102.1366,427119.0,5.5,114.3377,11904.7
2015-02-27,0.11,2.0,0.63,235.342,240.172,102.1366,427119.0,5.5,114.4668,11904.7
2015-02-28,0.11,2.0,0.63,235.342,240.172,102.1366,427119.0,5.5,114.4668,11904.7
2015-03-01,0.11,2.0,0.63,235.976,240.755,101.7869,433647.0,5.4,114.4668,11902.8
2015-03-02,0.11,2.08,0.66,235.976,240.755,101.7869,433647.0,5.4,114.6877,11902.8
2015-03-03,0.11,2.12,0.68,235.976,240.755,101.7869,433647.0,5.4,114.4229,11902.8
2015-03-04,0.11,2.12,0.66,235.976,240.755,101.7869,433647.0,5.4,114.9886,11902.8
2015-03-05,0.11,2.11,0.65,235.976,240.755,101.7869,433647.0,5.4,114.9886,11902.8
2015-03-06,0.11,2.24,0.73,235.976,240.755,101.7869,433647.0,5.4,116.2411,11902.8
2015-03-07,0.11,2.24,0.73,235.976,240.755,101.7869,433647.0,5.4,116.2411,11902.8
2015-03-08,0.11,2.24,0.73,235.976,240.755,101.7869,433647.0,5.4,116.2411,11902.8
2015-03-09,0.11,2.2,0.7,235.976,240.755,101.7869,433647.0,5.4,116.3391,11902.8
2015-03-10,0.11,2.14,0.7,235.976,240.755,101.7869,433647.0,5.4,116.9655,11902.8
2015-03-11,0.11,2.11,0.7,235.976,240.755,101.7869,433647.0,5.4,117.3451,11902.8
2015-03-12,0.11,2.1,0.67,235.976,240.755,101.7869,433647.0,5.4,116.9802,11902.8
2015-03-13,0.11,2.13,0.68,235.976,240.755,101.7869,433647.0,5.4,117.7111,11902.8
2015-03-14,0.11,2.13,0.68,235.976,240.755,101.7869,433647.0,5.4,117.7111,11902.8
2015-03-15,0.11,2.13,0.68,235.976,240.755,101.7869,433647.0,5.4,117.7111,11902.8
2015-03-16,0.11,2.1,0.66,235.976,240.755,101.7869,433647.0,5.4,117.4431,11902.8
2015-03-17,0.11,2.06,0.7,235.976,240.755,101.7869,433647.0,5.4,117.3439,11902.8
2015-03-18,0.11,1.93,0.57,235.976,240.755,101.7869,433647.0,5.4,117.1146,11902.8
2015-03-19,0.11,1.98,0.63,235.976,240.755,101.7869,433647.0,5.4,116.843,11902.8
2015-03-20,0.11,1.93,0.6,235.976,240.755,101.7869,433647.0,5.4,115.8666,11902.8
2015-03-21,0.11,1.93,0.6,235.976,240.755,101.7869,433647.0,5.4,115.8666,11902.8
2015-03-22,0.11,1.93,0.6,235.976,240.755,101.7869,433647.0,5.4,115.8666,11902.8
2015-03-23,0.11,1.92,0.6,235.976,240.755,101.7869,433647.0,5.4,115.1989,11902.8
2015-03-24,0.11,1.88,0.58,235.976,240.755,101.7869,433647.0,5.4,115.0968,11902.8
2015-03-25,0.11,1.93,0.59,235.976,240.755,101.7869,433647.0,5.4,114.9296,11902.8
2015-03-26,0.11,2.01,0.61,235.976,240.755,101.7869,433647.0,5.4,115.2175,11902.8
2015-03-27,0.11,1.95,0.58,235.976,240.755,101.7869,433647.0,5.4,115.5594,11902.8
2015-03-28,0.11,1.95,0.58,235.976,240.755,101.7869,433647.0,5.4,115.5594,11902.8
2015-03-29,0.11,1.95,0.58,235.976,240.755,101.7869,433647.0,5.4,115.5594,11902.8
2015-03-30,0.11,1.96,0.58,235.976,240.755,101.7869,433647.0,5.4,116.0341,11902.8
2015-03-31,0.11,1.94,0.56,235.976,240.755,101.7869,433647.0,5.4,116.0825,11902.8
2015-04-01,0.12,1.87,0.55,236.222,241.346,101.2255,434470.0,5.4,115.6828,11936.7
2015-04-02,0.12,1.92,0.55,236.222,241.346,101.2255,434470.0,5.4,115.2715,11936.7
2015-04-03,0.12,1.85,0.49,236.222,241.346,101.2255,434470.0,5.4,114.4885,11936.7
2015-04-04,0.12,1.85,0.49,236.222,241.346,101.2255,434470.0,5.4,114.4885,11936.7
2015-04-05,0.12,1.85,0.49,236.222,241.346,101.2255,434470.0,5.4,114.4885,11936.7
2015-04-06,0.12,1.92,0.51,236.222,241.346,101.2255,434470.0,5.4,114.3727,11936.7
2015-04-07,0.12,1.89,0.52,236.222,241.346,101.2255,434470.0,5.4,115.0368,11936.7
2015-04-08,0.12,1.92,0.54,236.222,241.346,101.2255,434470.0,5.4,115.0088,11936.7
2015-04-09,0.12,1.97,0.56,236.222,241.346,101.2255,434470.0,5.4,115.5788,11936.7
2015-04-10,0.12,1.96,0.57,236.222,241.346,101.2255,434470.0,5.4,116.0151,11936.7
2015-04-11,0.12,1.96,0.57,236.222,241.346,101.2255,434470.0,5.4,116.0151,11936.7
2015-04-12,0.12,1.96,0.57,236.222,241.346,101.2255,434470.0,5.4,116.0151,11936.7
2015-04-13,0.12,1.94,0.54,236.222,241.346,101.2255,434470.0,5.4,116.3194,11936.7
2015-04-14,0.12,1.9,0.53,236.222,241.346,101.2255,434470.0,5.4,115.6136,11936.7
2015-04-15,0.12,1.91,0.51,236.222,241.346,101.2255,434470.0,5.4,115.7308,11936.7
2015-04-16,0.12,1.9,0.5,236.222,241.346,101.2255,434470.0,5.4,114.8323,11936.7
2015-04-17,0.12,1.87,0.51,236.222,241.346,101.2255,434470.0,5.4,114.9072,11936.7
2015-04-18,0.12,1.87,0.51,236.222,241.346,101.2255,434470.0,5.4,114.9072,11936.7
2015-04-19,0.12,1.87,0.51,236.222,241.346,101.2255,434470.0,5.4,114.9072,11936.7
2015-04-20,0.12,1.9,0.55,236.222,241.346,101.2255,434470.0,5.4,115.0912,11936.7
2015-04-21,0.12,1.92,0.55,236.222,241.346,101.2255,434470.0,5.4,115.1648,11936.7
2015-04-22,0.12,1.99,0.57,236.222,241.346,101.2255,434470.0,5.4,115.1654,11936.7
2015-04-23,0.12,1.96,0.55,236.222,241.346,101.2255,434470.0,5.4,114.7529,11936.7
2015-04-24,0.12,1.93,0.54,236.222,241.346,101.2255,434470.0,5.4,114.4818,11936.7
2015-04-25,0.12,1.93,0.54,236.222,241.346,101.2255,434470.0,5.4,114.4818,11936.7
2015-04-26,0.12,1.93,0.54,236.222,241.346,101.2255,434470.0,5.4,114.4818,11936.7
2015-04-27,0.12,1.94,0.54,236.222,241.346,101.2255,434470.0,5.4,114.3227,11936.7
2015-04-28,0.12,2.0,0.56,236.222,241.346,101.2255,434470.0,5.4,113.7386,11936.7
2015-04-29,0.12,2.06,0.56,236.222,241.346,101.2255,434470.0,5.4,113.1975,11936.7
2015-04-30,0.12,2.05,0.58,236.222,241.346,101.2255,434470.0,5.4,113.9418,11936.7
2015-05-01,0.12,2.12,0.6,237.001,241.688,100.7675,437865.0,5.6,114.2566,11964.2
2015-05-02,0.12,2.12,0.6,237.001,241.688,100.7675,437865.0,5.6,114.2566,11964.2
2015-05-03,0.12,2.12,0.6,237.001,241.688,100.7675,437865.0,5.6,114.2566,11964.2
2015-05-04,0.12,2.16,0.6,237.001,241.688,100.7675,437865.0,5.6,114.3032,11964.2
2015-05-05,0.12,2.19,0.62,237.001,241.688,100.7675,437865.0,5.6,113.874,11964.2
2015-05-06,0.12,2.25,0.65,237.001,241.688,100.7675,437865.0,5.6,113.3233,11964.2
2015-05-07,0.12,2.18,0.63,237.001,241.688,100.7675,437865.0,5.6,113.8335,11964.2
2015-05-08,0.12,2.16,0.59,237.001,241.688,100.7675,437865.0,5.6,113.5168,11964.2
2015-05-09,0.12,2.16,0.59,237.001,241.688,100.7675,437865.0,5.6,113.5168,11964.2
2015-05-10,0.12,2.16,0.59,237.001,241.688,100.7675,437865.0,5.6,113.5168,11964.2
2015-05-11,0.12,2.28,0.62,237.001,241.688,100.7675,437865.0,5.6,114.0112,11964.2
2015-05-12,0.12,2.28,0.61,237.001,241.688,100.7675,437865.0,5.6,113.5973,11964.2
2015-05-13,0.12,2.27,0.59,237.001,241.688,100.7675,437865.0,5.6,113.0492,11964.2
2015-05-14,0.12,2.23,0.56,237.001,241.688,100.7675,437865.0,5.6,112.9184,11964.2
2015-05-15,0.12,2.14,0.55,237.001,241.688,100.7675,437865.0,5.6,112.6879,11964.2
2015-05-16,0.12,2.14,0.55,237.001,241.688,100.7675,437865.0,5.6,112.6879,11964.2
2015-05-17,0.12,2.14,0.55,237.001,241.688,100.7675,437865.0,5.6,112.6879,11964.2
2015-05-18,0.12,2.23,0.58,237.001,241.688,100.7675,437865.0,5.6,113.248,11964.2
2015-05-19,0.12,2.27,0.63,237.001,241.688,100.7675,437865.0,5.6,113.9798,11964.2
2015-05-20,0.12,2.26,0.6,237.001,241.688,100.7675,437865.0,5.6,114.2082,11964.2
2015-05-21,0.12,2.19,0.6,237.001,241.688,100.7675,437865.0,5.6,114.0238,11964.2
2015-05-22,0.12,2.21,0.64,237.001,241.688,100.7675,437865.0,5.6,114.4649,11964.2
2015-05-23,0.12,2.21,0.64,237.001,241.688,100.7675,437865.0,5.6,114.4649,11964.2
2015-05-24,0.12,2.21,0.64,237.001,241.688,100.7675,437865.0,5.6,114.4649,11964.2
2015-05-25,0.12,2.21,0.64,237.001,241.688,100.7675,437865.0,5.6,114.4649,11964.2
2015-05-26,0.12,2.14,0.64,237.001,241.688,100.7675,437865.0,5.6,115.3675,11964.2
2015-05-27,0.12,2.14,0.64,237.001,241.688,100.7675,437865.0,5.6,115.5505,11964.2
2015-05-28,0.12,2.13,0.62,237.001,241.688,100.7675,437865.0,5.6,115.573,11964.2
2015-05-29,0.12,2.12,0.61,237.001,241.688,100.7675,437865.0,5.6,115.3927,11964.2
2015-05-30,0.12,2.12,0.61,237.001,241.688,100.7675,437865.0,5.6,115.3927,11964.2
2015-05-31,0.12,2.12,0.61,237.001,241.688,100.7675,437865.0,5.6,115.3927,11964.2
2015-06-01,0.13,2.19,0.64,237.657,242.064,100.4588,437951.0,5.3,115.8876,12004.6
2015-06-02,0.13,2.27,0.64,237.657,242.064,100.4588,437951.0,5.3,115.135,12004.6
2015-06-03,0.13,2.38,0.69,237.657,242.064,100.4588,437951.0,5.3,114.838,12004.6
2015-06-04,0.13,2.31,0.66,237.657,242.064,100.4588,437951.0,5.3,115.2072,12004.6
2015-06-05,0.13,2.41,0.73,237.657,242.064,100.4588,437951.0,5.3,115.8773,12004.6
2015-06-06,0.13,2.41,0.73,237.657,242.064,100.4588,437951.0,5.3,115.8773,12004.6
2015-06-07,0.13,2.41,0.73,237.657,242.064,100.4588,437951.0,5.3,115.8773,12004.6
2015-06-08,0.13,2.39,0.7,237.657,242.064,100.4588,437951.0,5.3,115.5341,12004.6
2015-06-09,0.13,2.42,0.72,237.657,242.064,100.4588,437951.0,5.3,114.9919,12004.6
2015-06-10,0.13,2.5,0.75,237.657,242.064,100.4588,437951.0,5.3,114.5567,12004.6
2015-06-11,0.13,2.39,0.73,237.657,242.064,100.4588,437951.0,5.3,114.8503,12004.6
2015-06-12,0.13,2.39,0.74,237.657,242.064,100.4588,437951.0,5.3,114.6791,12004.6
2015-06-13,0.13,2.39,0.74,237.657,242.064,100.4588,437951.0,5.3,114.6791,12004.6
2015-06-14,0.13,2.39,0.74,237.657,242.064,100.4588,437951.0,5.3,114.6791,12004.6
2015-06-15,0.13,2.36,0.72,237.657,242.064,100.4588,437951.0,5.3,114.7673,12004.6
2015-06-16,0.13,2.32,0.71,237.657,242.064,100.4588,437951.0,5.3,114.8143,12004.6
2015-06-17,0.13,2.32,0.67,237.657,242.064,100.4588,437951.0,5.3,114.8444,12004.6
2015-06-18,0.13,2.35,0.66,237.657,242.064,100.4588,437951.0,5.3,113.8771,12004.6
2015-06-19,0.13,2.26,0.65,237.657,242.064,100.4588,437951.0,5.3,114.233,12004.6
2015-06-20,0.13,2.26,0.65,237.657,242.064,100.4588,437951.0,5.3,114.233,12004.6
2015-06-21,0.13,2.26,0.65,237.657,242.064,100.4588,437951.0,5.3,114.233,12004.6
2015-06-22,0.13,2.37,0.68,237.657,242.064,100.4588,437951.0,5.3,114.157,12004.6
2015-06-23,0.13,2.42,0.7,237.657,242.064,100.4588,437951.0,5.3,114.7336,12004.6
2015-06-24,0.13,2.38,0.68,237.657,242.064,100.4588,437951.0,5.3,115.0215,12004.6
2015-06-25,0.13,2.4,0.68,237.657,242.064,100.4588,437951.0,5.3,114.9359,12004.6
2015-06-26,0.13,2.49,0.72,237.657,242.064,100.4588,437951.0,5.3,115.2106,12004.6
2015-06-27,0.13,2.49,0.72,237.657,242.064,100.4588,437951.0,5.3,115.2106,12004.6
2015-06-28,0.13,2.49,0.72,237.657,242.064,100.4588,437951.0,5.3,115.2106,12004.6
2015-06-29,0.13,2.33,0.64,237.657,242.064,100.4588,437951.0,5.3,115.1877,12004.6
2015-06-30,0.13,2.35,0.64,237.657,242.064,100.4588,437951.0,5.3,115.2961,12004.6
2015-07-01,0.13,2.43,0.69,238.034,242.565,101.0893,441942.0,5.2,115.7791,12048.3
2015-07-02,0.13,2.4,0.64,238.034,242.565,101.0893,441942.0,5.2,115.6798,12048.3
2015-07-03,0.13,2.4,0.64,238.034,242.565,101.0893,441942.0,5.2,115.6798,12048.3
2015-07-04,0.13,2.4,0.64,238.034,242.565,101.0893,441942.0,5.2,115.6798,12048.3
2015-07-05,0.13,2.4,0.64,238.034,242.565,101.0893,441942.0,5.2,115.6798,12048.3
2015-07-06,0.13,2.3,0.6,238.034,242.565,101.0893,441942.0,5.2,115.9269,12048.3
2015-07-07,0.13,2.27,0.58,238.034,242.565,101.0893,441942.0,5.2,116.5546,12048.3
2015-07-08,0.13,2.22,0.55,238.034,242.565,101.0893,441942.0,5.2,116.2316,12048.3
2015-07-09,0.13,2.32,0.6,238.034,242.565,101.0893,441942.0,5.2,116.317,12048.3
2015-07-10,0.13,2.42,0.65,238.034,242.565,101.0893,441942.0,5.2,115.9792,12048.3
2015-07-11,0.13,2.42,0.65,238.034,242.565,101.0893,441942.0,5.2,115.9792,12048.3
2015-07-12,0.13,2.42,0.65,238.034,242.565,101.0893,441942.0,5.2,115.9792,12048.3
2015-07-13,0.13,2.44,0.69,238.034,242.565,101.0893,441942.0,5.2,116.3564,12048.3
2015-07-14,0.13,2.41,0.66,238.034,242.565,101.0893,441942.0,5.2,116.2778,12048.3
2015-07-15,0.13,2.36,0.64,238.034,242.565,101.0893,441942.0,5.2,116.8023,12048.3
2015-07-16,0.13,2.36,0.67,238.034,242.565,101.0893,441942.0,5.2,116.9618,12048.3
2015-07-17,0.13,2.34,0.68,238.034,242.565,101.0893,441942.0,5.2,117.3229,12048.3
2015-07-18,0.13,2.34,0.68,238.034,242.565,101.0893,441942.0,5.2,117.3229,12048.3
2015-07-19,0.13,2.34,0.68,238.034,242.565,101.0893,441942.0,5.2,117.3229,12048.3
2015-07-20,0.13,2.38,0.71,238.034,242.565,101.0893,441942.0,5.2,117.4937,12048.3
2015-07-21,0.13,2.35,0.71,238.034,242.565,101.0893,441942.0,5.2,117.1813,12048.3
2015-07-22,0.13,2.33,0.75,238.034,242.565,101.0893,441942.0,5.2,117.59,12048.3
2015-07-23,0.13,2.28,0.71,238.034,242.565,101.0893,441942.0,5.2,117.5667,12048.3
2015-07-24,0.13,2.27,0.7,238.034,242.565,101.0893,441942.0,5.2,117.8397,12048.3
2015-07-25,0.13,2.27,0.7,238.034,242.565,101.0893,441942.0,5.2,117.8397,12048.3
2015-07-26,0.13,2.27,0.7,238.034,242.565,101.0893,441942.0,5.2,117.8397,12048.3
2015-07-27,0.13,2.23,0.68,238.034,242.565,101.0893,441942.0,5.2,117.5402,12048.3
2015-07-28,0.13,2.26,0.69,238.034,242.565,101.0893,441942.0,5.2,117.5414,12048.3
2015-07-29,0.13,2.29,0.7,238.034,242.565,101.0893,441942.0,5.2,117.4491,12048.3
2015-07-30,0.13,2.28,0.72,238.034,242.565,101.0893,441942.0,5.2,118.298,12048.3
2015-07-31,0.13,2.2,0.67,238.034,242.565,101.0893,441942.0,5.2,117.6531,12048.3
2015-08-01,0.14,2.2,0.67,238.033,242.817,100.9165,441849.0,5.1,117.6531,12093.1
2015-08-02,0.14,2.2,0.67,238.033,242.817,100.9165,441849.0,5.1,117.6531,12093.1
2015-08-03,0.14,2.16,0.68,238.033,242.817,100.9165,441849.0,5.1,118.105,12093.1
2015-08-04,0.14,2.23,0.74,238.033,242.817,100.9165,441849.0,5.1,118.1106,12093.1
2015-08-05,0.14,2.28,0.73,238.033,242.817,100.9165,441849.0,5.1,118.7498,12093.1
2015-08-06,0.14,2.23,0.71,238.033,242.817,100.9165,441849.0,5.1,118.6193,12093.1
2015-08-07,0.14,2.18,0.73,238.033,242.817,100.9165,441849.0,5.1,118.3322,12093.1
2015-08-08,0.14,2.18,0.73,238.033,242.817,100.9165,441849.0,5.1,118.3322,12093.1
2015-08-09,0.14,2.18,0.73,238.033,242.817,100.9165,441849.0,5.1,118.3322,12093.1
2015-08-10,0.14,2.24,0.73,238.033,242.817,100.9165,441849.0,5.1,118.0899,12093.1
2015-08-11,0.14,2.15,0.68,238.033,242.817,100.9165,441849.0,5.1,119.0389,12093.1
2015-08-12,0.14,2.14,0.67,238.033,242.817,100.9165,441849.0,5.1,118.6744,12093.1
2015-08-13,0.14,2.19,0.72,238.033,242.817,100.9165,441849.0,5.1,119.1068,12093.1
2015-08-14,0.14,2.2,0.73,238.033,242.817,100.9165,441849.0,5.1,119.1336,12093.1
2015-08-15,0.14,2.2,0.73,238.033,242.817,100.9165,441849.0,5.1,119.1336,12093.1
2015-08-16,0.14,2.2,0.73,238.033,242.817,100.9165,441849.0,5.1,119.1336,12093.1
2015-08-17,0.14,2.16,0.72,238.033,242.817,100.9165,441849.0,5.1,119.3824,12093.1
2015-08-18,0.14,2.2,0.74,238.033,242.817,100.9165,441849.0,5.1,119.5018,12093.1
2015-08-19,0.14,2.12,0.67,238.033,242.817,100.9165,441849.0,5.1,119.677,12093.1
2015-08-20,0.14,2.09,0.69,238.033,242.817,100.9165,441849.0,5.1,119.3773,12093.1
2015-08-21,0.14,2.05,0.64,238.033,242.817,100.9165,441849.0,5.1,119.4313,12093.1
2015-08-22,0.14,2.05,0.64,238.033,242.817,100.9165,441849.0,5.1,119.4313,12093.1
2015-08-23,0.14,2.05,0.64,238.033,242.817,100.9165,441849.0,5.1,119.4313,12093.1
2015-08-24,0.14,2.01,0.59,238.033,242.817,100.9165,441849.0,5.1,119.2508,12093.1
2015-08-25,0.14,2.12,0.67,238.033,242.817,100.9165,441849.0,5.1,119.6317,12093.1
2015-08-26,0.14,2.18,0.67,238.033,242.817,100.9165,441849.0,5.1,119.8356,12093.1
2015-08-27,0.14,2.18,0.68,238.033,242.817,100.9165,441849.0,5.1,119.684,12093.1
2015-08-28,0.14,2.19,0.72,238.033,242.817,100.9165,441849.0,5.1,119.8359,12093.1
2015-08-29,0.14,2.19,0.72,238.033,242.817,100.9165,441849.0,5.1,119.8359,12093.1
2015-08-30,0.14,2.19,0.72,238.033,242.817,100.9165,441849.0,5.1,119.8359,12093.1
2015-08-31,0.14,2.21,0.74,238.033,242.817,100.9165,441849.0,5.1,119.7022,12093.1
2015-09-01,0.14,2.17,0.7,237.498,243.316,100.633,439867.0,5.0,119.5875,12154.3
2015-09-02,0.14,2.2,0.72,237.498,243.316,100.633,439867.0,5.0,119.917,12154.3
2015-09-03,0.14,2.18,0.71,237.498,243.316,100.633,439867.0,5.0,119.9794,12154.3
2015-09-04,0.14,2.13,0.71,237.498,243.316,100.633,439867.0,5.0,120.2374,12154.3
2015-09-05,0.14,2.13,0.71,237.498,243.316,100.633,439867.0,5.0,120.2374,12154.3
2015-09-06,0.14,2.13,0.71,237.498,243.316,100.633,439867.0,5.0,120.2374,12154.3
2015-09-07,0.14,2.13,0.71,237.498,243.316,100.633,439867.0,5.0,120.2374,12154.3
2015-09-08,0.14,2.2,0.74,237.498,243.316,100.633,439867.0,5.0,119.9869,12154.3
2015-09-09,0.14,2.21,0.75,237.498,243.316,100.633,439867.0,5.0,120.1238,12154.3
2015-09-10,0.14,2.23,0.75,237.498,243.316,100.633,439867.0,5.0,119.8368,12154.3
2015-09-11,0.14,2.2,0.71,237.498,243.316,100.633,439867.0,5.0,119.8004,12154.3
2015-09-12,0.14,2.2,0.71,237.498,243.316,100.633,439867.0,5.0,119.8004,12154.3
2015-09-13,0.14,2.2,0.71,237.498,243.316,100.633,439867.0,5.0,119.8004,12154.3
2015-09-14,0.14,2.18,0.73,237.498,243.316,100.633,439867.0,5.0,119.674,12154.3
2015-09-15,0.14,2.28,0.82,237.498,243.316,100.633,439867.0,5.0,119.7907,12154.3
2015-09-16,0.14,2.3,0.82,237.498,243.316,100.633,439867.0,5.0,119.2577,12154.3
2015-09-17,0.14,2.21,0.7,237.498,243.316,100.633,439867.0,5.0,119.2548,12154.3
2015-09-18,0.14,2.13,0.69,237.498,243.316,100.633,439867.0,5.0,118.9609,12154.3
2015-09-19,0.14,2.13,0.69,237.498,243.316,100.633,439867.0,5.0,118.9609,12154.3
2015-09-20,0.14,2.13,0.69,237.498,243.316,100.633,439867.0,5.0,118.9609,12154.3
2015-09-21,0.14,2.2,0.72,237.498,243.316,100.633,439867.0,5.0,119.805,12154.3
2015-09-22,0.14,2.14,0.69,237.498,243.316,100.633,439867.0,5.0,120.3712,12154.3
2015-09-23,0.14,2.16,0.7,237.498,243.316,100.633,439867.0,5.0,120.8261,12154.3
2015-09-24,0.14,2.13,0.67,237.498,243.316,100.633,439867.0,5.0,120.6309,12154.3
2015-09-25,0.14,2.17,0.7,237.498,243.316,100.633,439867.0,5.0,120.5414,12154.3
2015-09-26,0.14,2.17,0.7,237.498,243.316,100.633,439867.0,5.0,120.5414,12154.3
2015-09-27,0.14,2.17,0.7,237.498,243.316,100.633,439867.0,5.0,120.5414,12154.3
2015-09-28,0.14,2.1,0.67,237.498,243.316,100.633,439867.0,5.0,120.5732,12154.3
2015-09-29,0.14,2.05,0.64,237.498,243.316,100.633,439867.0,5.0,120.684,12154.3
2015-09-30,0.14,2.06,0.64,237.498,243.316,100.633,439867.0,5.0,120.4554,12154.3
2015-10-01,0.12,2.05,0.64,237.733,243.768,100.1563,438693.0,5.0,120.1891,12205.6
2015-10-02,0.12,1.99,0.58,237.733,243.768,100.1563,438693.0,5.0,119.8576,12205.6
2015-10-03,0.12,1.99,0.58,237.733,243.768,100.1563,438693.0,5.0,119.8576,12205.6
2015-10-04,0.12,1.99,0.58,237.733,243.768,100.1563,438693.0,5.0,119.8576,12205.6
2015-10-05,0.12,2.07,0.61,237.733,243.768,100.1563,438693.0,5.0,119.56,12205.6
2015-10-06,0.12,2.05,0.61,237.733,243.768,100.1563,438693.0,5.0,119.2501,12205.6
2015-10-07,0.12,2.08,0.65,237.733,243.768,100.1563,438693.0,5.0,118.888,12205.6
2015-10-08,0.12,2.12,0.65,237.733,243.768,100.1563,438693.0,5.0,118.7178,12205.6
2015-10-09,0.12,2.12,0.65,237.733,243.768,100.1563,438693.0,5.0,118.1129,12205.6
2015-10-10,0.12,2.12,0.65,237.733,243.768,100.1563,438693.0,5.0,118.1129,12205.6
2015-10-11,0.12,2.12,0.65,237.733,243.768,100.1563,438693.0,5.0,118.1129,12205.6
2015-10-12,0.12,2.12,0.65,237.733,243.768,100.1563,438693.0,5.0,118.1129,12205.6
2015-10-13,0.12,2.06,0.64,237.733,243.768,100.1563,438693.0,5.0,118.4498,12205.6
2015-10-14,0.12,1.99,0.57,237.733,243.768,100.1563,438693.0,5.0,118.1724,12205.6
2015-10-15,0.12,2.04,0.61,237.733,243.768,100.1563,438693.0,5.0,117.669,12205.6
2015-10-16,0.12,2.04,0.61,237.733,243.768,100.1563,438693.0,5.0,118.0282,12205.6
2015-10-17,0.12,2.04,0.61,237.733,243.768,100.1563,438693.0,5.0,118.0282,12205.6
2015-10-18,0.12,2.04,0.61,237.733,243.768,100.1563,438693.0,5.0,118.0282,12205.6
2015-10-19,0.12,2.04,0.61,237.733,243.768,100.1563,438693.0,5.0,118.4463,12205.6
2015-10-20,0.12,2.08,0.66,237.733,243.768,100.1563,438693.0,5.0,118.394,12205.6
2015-10-21,0.12,2.04,0.64,237.733,243.768,100.1563,438693.0,5.0,118.8469,12205.6
2015-10-22,0.12,2.04,0.61,237.733,243.768,100.1563,438693.0,5.0,119.0979,12205.6
2015-10-23,0.12,2.09,0.66,237.733,243.768,100.1563,438693.0,5.0,119.4649,12205.6
2015-10-24,0.12,2.09,0.66,237.733,243.768,100.1563,438693.0,5.0,119.4649,12205.6
2015-10-25,0.12,2.09,0.66,237.733,243.768,100.1563,438693.0,5.0,119.4649,12205.6
2015-10-26,0.12,2.07,0.66,237.733,243.768,100.1563,438693.0,5.0,119.2436,12205.6
2015-10-27,0.12,2.05,0.65,237.733,243.768,100.1563,438693.0,5.0,119.5397,12205.6
2015-10-28,0.12,2.1,0.73,237.733,243.768,100.1563,438693.0,5.0,119.2766,12205.6
2015-10-29,0.12,2.19,0.75,237.733,243.768,100.1563,438693.0,5.0,119.8739,12205.6
2015-10-30,0.12,2.16,0.75,237.733,243.768,100.1563,438693.0,5.0,119.2417,12205.6
2015-10-31,0.12,2.16,0.75,237.733,243.768,100.1563,438693.0,5.0,119.2417,12205.6
2015-11-01,0.12,2.16,0.75,238.017,244.241,99.4366,440303.0,5.1,119.2417,12296.9
2015-11-02,0.12,2.2,0.77,238.017,244.241,99.4366,440303.0,5.1,119.2443,12296.9
2015-11-03,0.12,2.23,0.8,238.017,244.241,99.4366,440303.0,5.1,119.2546,12296.9
2015-11-04,0.12,2.25,0.84,238.017,244.241,99.4366,440303.0,5.1,119.7419,12296.9
2015-11-05,0.12,2.26,0.85,238.017,244.241,99.4366,440303.0,5.1,119.8297,12296.9
2015-11-06,0.12,2.34,0.9,238.017,244.241,99.4366,440303.0,5.1,120.7408,12296.9
2015-11-07,0.12,2.34,0.9,238.017,244.241,99.4366,440303.0,5.1,120.7408,12296.9
2015-11-08,0.12,2.34,0.9,238.017,244.241,99.4366,440303.0,5.1,120.7408,12296.9
2015-11-09,0.12,2.36,0.89,238.017,244.241,99.4366,440303.0,5.1,121.0007,12296.9
2015-11-10,0.12,2.32,0.87,238.017,244.241,99.4366,440303.0,5.1,121.0721,12296.9
2015-11-11,0.12,2.32,0.87,238.017,244.241,99.4366,440303.0,5.1,121.0721,12296.9
2015-11-12,0.12,2.32,0.89,238.017,244.241,99.4366,440303.0,5.1,120.9201,12296.9
2015-11-13,0.12,2.28,0.86,238.017,244.241,99.4366,440303.0,5.1,121.1691,12296.9
2015-11-14,0.12,2.28,0.86,238.017,244.241,99.4366,440303.0,5.1,121.1691,12296.9
2015-11-15,0.12,2.28,0.86,238.017,244.241,99.4366,440303.0,5.1,121.1691,12296.9
2015-11-16,0.12,2.27,0.88,238.017,244.241,99.4366,440303.0,5.1,121.3487,12296.9
2015-11-17,0.12,2.25,0.86,238.017,244.241,99.4366,440303.0,5.1,121.4487,12296.9
2015-11-18,0.12,2.27,0.9,238.017,244.241,99.4366,440303.0,5.1,121.5008,12296.9
2015-11-19,0.12,2.24,0.91,238.017,244.241,99.4366,440303.0,5.1,120.7009,12296.9
2015-11-20,0.12,2.26,0.93,238.017,244.241,99.4366,440303.0,5.1,120.8727,12296.9
2015-11-21,0.12,2.26,0.93,238.017,244.241,99.4366,440303.0,5.1,120.8727,12296.9
2015-11-22,0.12,2.26,0.93,238.017,244.241,99.4366,440303.0,5.1,120.8727,12296.9
2015-11-23,0.12,2.25,0.94,238.017,244.241,99.4366,440303.0,5.1,121.2279,12296.9
2015-11-24,0.12,2.24,0.93,238.017,244.241,99.4366,440303.0,5.1,120.8511,12296.9
2015-11-25,0.12,2.23,0.93,238.017,244.241,99.4366,440303.0,5.1,120.9697,12296.9
2015-11-26,0.12,2.23,0.93,238.017,244.241,99.4366,440303.0,5.1,120.9697,12296.9
2015-11-27,0.12,2.22,0.92,238.017,244.241,99.4366,440303.0,5.1,121.3866,12296.9
2015-11-28,0.12,2.22,0.92,238.017,244.241,99.4366,440303.0,5.1,121.3866,12296.9
2015-11-29,0.12,2.22,0.92,238.017,244.241,99.4366,440303.0,5.1,121.3866,12296.9
2015-11-30,0.12,2.21,0.94,238.017,244.241,99.4366,440303.0,5.1,121.428,12296.9
2015-12-01,0.24,2.15,0.91,237.761,244.547,98.9471,442149.0,5.0,121.2031,12368.2
2015-12-02,0.24,2.18,0.94,237.761,244.547,98.9471,442149.0,5.0,121.4557,12368.2
2015-12-03,0.24,2.33,0.96,237.761,244.547,98.9471,442149.0,5.0,120.7523,12368.2
2015-12-04,0.24,2.28,0.96,237.761,244.547,98.9471,442149.0,5.0,120.6702,12368.2
2015-12-05,0.24,2.28,0.96,237.761,244.547,98.9471,442149.0,5.0,120.6702,12368.2
2015-12-06,0.24,2.28,0.96,237.761,244.547,98.9471,442149.0,5.0,120.6702,12368.2
2015-12-07,0.24,2.23,0.94,237.761,244.547,98.9471,442149.0,5.0,121.4832,12368.2
2015-12-08,0.24,2.24,0.94,237.761,244.547,98.9471,442149.0,5.0,121.7362,12368.2
2015-12-09,0.24,2.22,0.93,237.761,244.547,98.9471,442149.0,5.0,121.4163,12368.2
2015-12-10,0.24,2.24,0.95,237.761,244.547,98.9471,442149.0,5.0,121.4932,12368.2
2015-12-11,0.24,2.13,0.88,237.761,244.547,98.9471,442149.0,5.0,121.997,12368.2
2015-12-12,0.24,2.13,0.88,237.761,244.547,98.9471,442149.0,5.0,121.997,12368.2
2015-12-13,0.24,2.13,0.88,237.761,244.547,98.9471,442149.0,5.0,121.997,12368.2
2015-12-14,0.24,2.23,0.97,237.761,244.547,98.9471,442149.0,5.0,122.0296,12368.2
2015-12-15,0.24,2.28,0.98,237.761,244.547,98.9471,442149.0,5.0,122.1028,12368.2
2015-12-16,0.24,2.3,1.02,237.761,244.547,98.9471,442149.0,5.0,122.2457,12368.2
2015-12-17,0.24,2.24,1.0,237.761,244.547,98.9471,442149.0,5.0,123.0876,12368.2
2015-12-18,0.24,2.19,0.97,237.761,244.547,98.9471,442149.0,5.0,122.5332,12368.2
2015-12-19,0.24,2.19,0.97,237.761,244.547,98.9471,442149.0,5.0,122.5332,12368.2
2015-12-20,0.24,2.19,0.97,237.761,244.547,98.9471,442149.0,5.0,122.5332,12368.2
2015-12-21,0.24,2.2,0.96,237.761,244.547,98.9471,442149.0,5.0,122.6476,12368.2
2015-12-22,0.24,2.24,0.99,237.761,244.547,98.9471,442149.0,5.0,122.4293,12368.2
2015-12-23,0.24,2.27,1.01,237.761,244.547,98.9471,442149.0,5.0,122.3762,12368.2
2015-12-24,0.24,2.25,1.03,237.761,244.547,98.9471,442149.0,5.0,122.2836,12368.2
2015-12-25,0.24,2.25,1.03,237.761,244.547,98.9471,442149.0,5.0,122.2836,12368.2
2015-12-26,0.24,2.25,1.03,237.761,244.547,98.9471,442149.0,5.0,122.2836,12368.2
2015-12-27,0.24,2.25,1.03,237.761,244.547,98.9471,442149.0,5.0,122.2836,12368.2
2015-12-28,0.24,2.24,1.05,237.761,244.547,98.9471,442149.0,5.0,122.2991,12368.2
2015-12-29,0.24,2.32,1.09,237.761,244.547,98.9471,442149.0,5.0,122.4124,12368.2
2015-12-30,0.24,2.31,1.08,237.761,244.547,98.9471,442149.0,5.0,122.7588,12368.2
2015-12-31,0.24,2.27,1.06,237.761,244.547,98.9471,442149.0,5.0,122.5837,12368.2
2016-01-01,0.34,2.27,1.06,237.652,244.955,99.4391,439466.0,4.8,122.5837,12505.5
2016-01-02,0.34,2.27,1.06,237.652,244.955,99.4391,439466.0,4.8,122.5837,12505.5
2016-01-03,0.34,2.27,1.06,237.652,244.955,99.4391,439466.0,4.8,122.5837,12505.5
2016-01-04,0.34,2.24,1.02,237.652,244.955,99.4391,439466.0,4.8,123.497,12505.5
2016-01-05,0.34,2.25,1.04,237.652,244.955,99.4391,439466.0,4.8,123.5787,12505.5
2016-01-06,0.34,2.18,0.99,237.652,244.955,99.4391,439466.0,4.8,123.9953,12505.5
2016-01-07,0.34,2.16,0.96,237.652,244.955,99.4391,439466.0,4.8,124.0731,12505.5
2016-01-08,0.34,2.13,0.94,237.652,244.955,99.4391,439466.0,4.8,124.4441,12505.5
2016-01-09,0.34,2.13,0.94,237.652,244.955,99.4391,439466.0,4.8,124.4441,12505.5
2016-01-10,0.34,2.13,0.94,237.652,244.955,99.4391,439466.0,4.8,124.4441,12505.5
2016-01-11,0.34,2.17,0.94,237.652,244.955,99.4391,439466.0,4.8,124.4245,12505.5
2016-01-12,0.34,2.12,0.93,237.652,244.955,99.4391,439466.0,4.8,124.7145,12505.5
2016-01-13,0.34,2.08,0.91,237.652,244.955,99.4391,439466.0,4.8,124.545,12505.5
2016-01-14,0.34,2.1,0.9,237.652,244.955,99.4391,439466.0,4.8,124.793,12505.5
2016-01-15,0.34,2.03,0.85,237.652,244.955,99.4391,439466.0,4.8,125.1417,12505.5
2016-01-16,0.34,2.03,0.85,237.652,244.955,99.4391,439466.0,4.8,125.1417,12505.5
2016-01-17,0.34,2.03,0.85,237.652,244.955,99.4391,439466.0,4.8,125.1417,12505.5
2016-01-18,0.34,2.03,0.85,237.652,244.955,99.4391,439466.0,4.8,125.1417,12505.5
2016-01-19,0.34,2.06,0.88,237.652,244.955,99.4391,439466.0,4.8,125.1875,12505.5
2016-01-20,0.34,2.01,0.85,237.652,244.955,99.4391,439466.0,4.8,125.7582,12505.5
2016-01-21,0.34,2.02,0.84,237.652,244.955,99.4391,439466.0,4.8,125.4212,12505.5
2016-01-22,0.34,2.07,0.88,237.652,244.955,99.4391,439466.0,4.8,125.4212,12505.5
2016-01-23,0.34,2.07,0.88,237.652,244.955,99.4391,439466.0,4.8,125.4212,12505.5
2016-01-24,0.34,2.07,0.88,237.652,244.955,99.4391,439466.0,4.8,125.4212,12505.5
2016-01-25,0.34,2.03,0.88,237.652,244.955,99.4391,439466.0,4.8,125.4212,12505.5
2016-01-26,0.34,2.01,0.85,237.652,244.955,99.4391,439466.0,4.8,125.4212,12505.5
2016-01-27,0.34,2.02,0.84,237.652,244.955,99.4391,439466.0,4.8,124.9103,12505.5
2016-01-28,0.34,2.0,0.83,237.652,244.955,99.4391,439466.0,4.8,124.6163,12505.5
2016-01-29,0.34,1.94,0.76,237.652,244.955,99.4391,439466.0,4.8,124.9387,12505.5
2016-01-30,0.34,1.94,0.76,237.652,244.955,99.4391,439466.0,4.8,124.9387,12505.5
2016-01-31,0.34,1.94,0.76,237.652,244.955,99.4391,439466.0,4.8,124.9387,12505.5
2016-02-01,0.38,1.97,0.81,237.336,245.51,98.9232,443117.0,4.9,124.7316,12577.7
2016-02-02,0.38,1.87,0.75,237.336,245.51,98.9232,443117.0,4.9,124.9987,12577.7
2016-02-03,0.38,1.88,0.72,237.336,245.51,98.9232,443117.0,4.9,124.0601,12577.7
2016-02-04,0.38,1.87,0.7,237.336,245.51,98.9232,443117.0,4.9,122.985,12577.7
2016-02-05,0.38,1.86,0.74,237.336,245.51,98.9232,443117.0,4.9,123.6953,12577.7
2016-02-06,0.38,1.86,0.74,237.336,245.51,98.9232,443117.0,4.9,123.6953,12577.7
2016-02-07,0.38,1.86,0.74,237.336,245.51,98.9232,443117.0,4.9,123.6953,12577.7
2016-02-08,0.38,1.75,0.66,237.336,245.51,98.9232,443117.0,4.9,123.8319,12577.7
2016-02-09,0.38,1.74,0.69,237.336,245.51,98.9232,443117.0,4.9,123.5474,12577.7
2016-02-10,0.38,1.71,0.71,237.336,245.51,98.9232,443117.0,4.9,123.6665,12577.7
2016-02-11,0.38,1.63,0.64,237.336,245.51,98.9232,443117.0,4.9,123.57,12577.7
2016-02-12,0.38,1.74,0.71,237.336,245.51,98.9232,443117.0,4.9,123.7055,12577.7
2016-02-13,0.38,1.74,0.71,237.336,245.51,98.9232,443117.0,4.9,123.7055,12577.7
2016-02-14,0.38,1.74,0.71,237.336,245.51,98.9232,443117.0,4.9,123.7055,12577.7
2016-02-15,0.38,1.74,0.71,237.336,245.51,98.9232,443117.0,4.9,123.7055,12577.7
2016-02-16,0.38,1.78,0.74,237.336,245.51,98.9232,443117.0,4.9,123.7971,12577.7
2016-02-17,0.38,1.81,0.74,237.336,245.51,98.9232,443117.0,4.9,123.1762,12577.7
2016-02-18,0.38,1.75,0.71,237.336,245.51,98.9232,443117.0,4.9,123.1912,12577.7
2016-02-19,0.38,1.76,0.76,237.336,245.51,98.9232,443117.0,4.9,123.2689,12577.7
2016-02-20,0.38,1.76,0.76,237.336,245.51,98.9232,443117.0,4.9,123.2689,12577.7
2016-02-21,0.38,1.76,0.76,237.336,245.51,98.9232,443117.0,4.9,123.2689,12577.7
2016-02-22,0.38,1.77,0.78,237.336,245.51,98.9232,443117.0,4.9,123.0853,12577.7
2016-02-23,0.38,1.74,0.76,237.336,245.51,98.9232,443117.0,4.9,123.4448,12577.7
2016-02-24,0.38,1.75,0.75,237.336,245.51,98.9232,443117.0,4.9,123.4302,12577.7
2016-02-25,0.38,1.71,0.72,237.336,245.51,98.9232,443117.0,4.9,123.2036,12577.7
2016-02-26,0.38,1.76,0.8,237.336,245.51,98.9232,443117.0,4.9,123.6734,12577.7
2016-02-27,0.38,1.76,0.8,237.336,245.51,98.9232,443117.0,4.9,123.6734,12577.7
2016-02-28,0.38,1.76,0.8,237.336,245.51,98.9232,443117.0,4.9,123.6734,12577.7
2016-02-29,0.38,1.74,0.78,237.336,245.51,98.9232,443117.0,4.9,123.5523,12577.7
2016-03-01,0.36,1.83,0.85,238.08,245.913,98.1635,441856.0,5.0,123.2184,12628.6
2016-03-02,0.36,1.84,0.85,238.08,245.913,98.1635,441856.0,5.0,123.0909,12628.6
2016-03-03,0.36,1.83,0.85,238.08,245.913,98.1635,441856.0,5.0,122.5112,12628.6
2016-03-04,0.36,1.88,0.88,238.08,245.913,98.1635,441856.0,5.0,121.842,12628.6
2016-03-05,0.36,1.88,0.88,238.08,245.913,98.1635,441856.0,5.0,121.842,12628.6
2016-03-06,0.36,1.88,0.88,238.08,245.913,98.1635,441856.0,5.0,121.842,12628.6
2016-03-07,0.36,1.91,0.91,238.08,245.913,98.1635,441856.0,5.0,121.8406,12628.6
2016-03-08,0.36,1.83,0.88,238.08,245.913,98.1635,441856.0,5.0,122.064,12628.6
2016-03-09,0.36,1.9,0.9,238.08,245.913,98.1635,441856.0,5.0,121.646,12628.6
2016-03-10,0.36,1.93,0.93,238.08,245.913,98.1635,441856.0,5.0,121.6333,12628.6
2016-03-11,0.36,1.98,0.97,238.08,245.913,98.1635,441856.0,5.0,121.0113,12628.6
2016-03-12,0.36,1.98,0.97,238.08,245.913,98.1635,441856.0,5.0,121.0113,12628.6
2016-03-13,0.36,1.98,0.97,238.08,245.913,98.1635,441856.0,5.0,121.0113,12628.6
2016-03-14,0.36,1.97,0.97,238.08,245.913,98.1635,441856.0,5.0,121.4321,12628.6
2016-03-15,0.36,1.97,0.98,238.08,245.913,98.1635,441856.0,5.0,121.8374,12628.6
2016-03-16,0.36,1.94,0.87,238.08,245.913,98.1635,441856.0,5.0,122.0486,12628.6
2016-03-17,0.36,1.91,0.87,238.08,245.913,98.1635,441856.0,5.0,119.6412,12628.6
2016-03-18,0.36,1.88,0.84,238.08,245.913,98.1635,441856.0,5.0,119.5981,12628.6
2016-03-19,0.36,1.88,0.84,238.08,245.913,98.1635,441856.0,5.0,119.5981,12628.6
2016-03-20,0.36,1.88,0.84,238.08,245.913,98.1635,441856.0,5.0,119.5981,12628.6
2016-03-21,0.36,1.92,0.87,238.08,245.913,98.1635,441856.0,5.0,119.9323,12628.6
2016-03-22,0.36,1.94,0.91,238.08,245.913,98.1635,441856.0,5.0,119.9571,12628.6
2016-03-23,0.36,1.88,0.87,238.08,245.913,98.1635,441856.0,5.0,120.7454,12628.6
2016-03-24,0.36,1.91,0.89,238.08,245.913,98.1635,441856.0,5.0,121.0407,12628.6
2016-03-25,0.36,1.91,0.89,238.08,245.913,98.1635,441856.0,5.0,120.9909,12628.6
2016-03-26,0.36,1.91,0.89,238.08,245.913,98.1635,441856.0,5.0,120.9909,12628.6
2016-03-27,0.36,1.91,0.89,238.08,245.913,98.1635,441856.0,5.0,120.9909,12628.6
2016-03-28,0.36,1.89,0.89,238.08,245.913,98.1635,441856.0,5.0,120.592,12628.6
2016-03-29,0.36,1.81,0.78,238.08,245.913,98.1635,441856.0,5.0,120.6162,12628.6
2016-03-30,0.36,1.83,0.76,238.08,245.913,98.1635,441856.0,5.0,119.3976,12628.6
2016-03-31,0.36,1.78,0.73,238.08,245.913,98.1635,441856.0,5.0,119.0352,12628.6
2016-04-01,0.37,1.79,0.76,238.992,246.551,98.4775,444254.0,5.1,119.4394,12707.6
2016-04-02,0.37,1.79,0.76,238.992,246.551,98.4775,444254.0,5.1,119.4394,12707.6
2016-04-03,0.37,1.79,0.76,238.992,246.551,98.4775,444254.0,5.1,119.4394,12707.6
2016-04-04,0.37,1.78,0.75,238.992,246.551,98.4775,444254.0,5.1,119.5683,12707.6
2016-04-05,0.37,1.73,0.72,238.992,246.551,98.4775,444254.0,5.1,120.1025,12707.6
2016-04-06,0.37,1.76,0.73,238.992,246.551,98.4775,444254.0,5.1,119.6853,12707.6
2016-04-07,0.37,1.7,0.7,238.992,246.551,98.4775,444254.0,5.1,119.9972,12707.6
2016-04-08,0.37,1.72,0.7,238.992,246.551,98.4775,444254.0,5.1,119.5306,12707.6
2016-04-09,0.37,1.72,0.7,238.992,246.551,98.4775,444254.0,5.1,119.5306,12707.6
2016-04-10,0.37,1.72,0.7,238.992,246.551,98.4775,444254.0,5.1,119.5306,12707.6
2016-04-11,0.37,1.73,0.7,238.992,246.551,98.4775,444254.0,5.1,119.0796,12707.6
2016-04-12,0.37,1.79,0.74,238.992,246.551,98.4775,444254.0,5.1,118.9259,12707.6
2016-04-13,0.37,1.77,0.75,238.992,246.551,98.4775,444254.0,5.1,119.2756,12707.6
2016-04-14,0.37,1.8,0.77,238.992,246.551,98.4775,444254.0,5.1,119.2975,12707.6
2016-04-15,0.37,1.76,0.74,238.992,246.551,98.4775,444254.0,5.1,119.3201,12707.6
2016-04-16,0.37,1.76,0.74,238.992,246.551,98.4775,444254.0,5.1,119.3201,12707.6
2016-04-17,0.37,1.76,0.74,238.992,246.551,98.4775,444254.0,5.1,119.3201,12707.6
2016-04-18,0.37,1.78,0.75,238.992,246.551,98.4775,444254.0,5.1,119.1245,12707.6
2016-04-19,0.37,1.79,0.77,238.992,246.551,98.4775,444254.0,5.1,118.3877,12707.6
2016-04-20,0.37,1.85,0.8,238.992,246.551,98.4775,444254.0,5.1,118.5123,12707.6
2016-04-21,0.37,1.88,0.82,238.992,246.551,98.4775,444254.0,5.1,119.0124,12707.6
2016-04-22,0.37,1.89,0.84,238.992,246.551,98.4775,444254.0,5.1,119.4479,12707.6
2016-04-23,0.37,1.89,0.84,238.992,246.551,98.4775,444254.0,5.1,119.4479,12707.6
2016-04-24,0.37,1.89,0.84,238.992,246.551,98.4775,444254.0,5.1,119.4479,12707.6
2016-04-25,0.37,1.91,0.85,238.992,246.551,98.4775,444254.0,5.1,119.4019,12707.6
2016-04-26,0.37,1.94,0.86,238.992,246.551,98.4775,444254.0,5.1,118.9723,12707.6
2016-04-27,0.37,1.87,0.83,238.992,246.551,98.4775,444254.0,5.1,119.0636,12707.6
2016-04-28,0.37,1.84,0.78,238.992,246.551,98.4775,444254.0,5.1,118.3706,12707.6
2016-04-29,0.37,1.83,0.77,238.992,246.551,98.4775,444254.0,5.1,117.9844,12707.6
2016-04-30,0.37,1.83,0.77,238.992,246.551,98.4775,444254.0,5.1,117.9844,12707.6
2016-05-01,0.37,1.83,0.77,239.557,247.137,98.2549,445490.0,4.8,117.9844,12774.6
2016-05-02,0.37,1.88,0.8,239.557,247.137,98.2549,445490.0,4.8,117.8318,12774.6
2016-05-03,0.37,1.81,0.75,239.557,247.137,98.2549,445490.0,4.8,118.5529,12774.6
2016-05-04,0.37,1.79,0.75,239.557,247.137,98.2549,445490.0,4.8,119.2,12774.6
2016-05-05,0.37,1.76,0.72,239.557,247.137,98.2549,445490.0,4.8,119.4671,12774.6
2016-05-06,0.37,1.79,0.74,239.557,247.137,98.2549,445490.0,4.8,119.5898,12774.6
2016-05-07,0.37,1.79,0.74,239.557,247.137,98.2549,445490.0,4.8,119.5898,12774.6
2016-05-08,0.37,1.79,0.74,239.557,247.137,98.2549,445490.0,4.8,119.5898,12774.6
2016-05-09,0.37,1.77,0.72,239.557,247.137,98.2549,445490.0,4.8,120.2017,12774.6
2016-05-10,0.37,1.77,0.72,239.557,247.137,98.2549,445490.0,4.8,120.0853,12774.6
2016-05-11,0.37,1.73,0.74,239.557,247.137,98.2549,445490.0,4.8,119.502,12774.6
2016-05-12,0.37,1.75,0.76,239.557,247.137,98.2549,445490.0,4.8,119.9485,12774.6
2016-05-13,0.37,1.71,0.76,239.557,247.137,98.2549,445490.0,4.8,120.5275,12774.6
2016-05-14,0.37,1.71,0.76,239.557,247.137,98.2549,445490.0,4.8,120.5275,12774.6
2016-05-15,0.37,1.71,0.76,239.557,247.137,98.2549,445490.0,4.8,120.5275,12774.6
2016-05-16,0.37,1.75,0.79,239.557,247.137,98.2549,445490.0,4.8,120.3926,12774.6
2016-05-17,0.37,1.76,0.82,239.557,247.137,98.2549,445490.0,4.8,120.3584,12774.6
2016-05-18,0.37,1.87,0.9,239.557,247.137,98.2549,445490.0,4.8,120.8509,12774.6
2016-05-19,0.37,1.85,0.89,239.557,247.137,98.2549,445490.0,4.8,121.5959,12774.6
2016-05-20,0.37,1.85,0.89,239.557,247.137,98.2549,445490.0,4.8,121.5348,12774.6
2016-05-21,0.37,1.85,0.89,239.557,247.137,98.2549,445490.0,4.8,121.5348,12774.6
2016-05-22,0.37,1.85,0.89,239.557,247.137,98.2549,445490.0,4.8,121.5348,12774.6
2016-05-23,0.37,1.84,0.91,239.557,247.137,98.2549,445490.0,4.8,121.6293,12774.6
2016-05-24,0.37,1.86,0.92,239.557,247.137,98.2549,445490.0,4.8,121.6634,12774.6
2016-05-25,0.37,1.87,0.92,239.557,247.137,98.2549,445490.0,4.8,121.5683,12774.6
2016-05-26,0.37,1.83,0.87,239.557,247.137,98.2549,445490.0,4.8,121.2641,12774.6
2016-05-27,0.37,1.85,0.9,239.557,247.137,98.2549,445490.0,4.8,121.4568,12774.6
2016-05-28,0.37,1.85,0.9,239.557,247.137,98.2549,445490.0,4.8,121.4568,12774.6
2016-05-29,0.37,1.85,0.9,239.557,247.137,98.2549,445490.0,4.8,121.4568,12774.6
2016-05-30,0.37,1.85,0.9,239.557,247.137,98.2549,445490.0,4.8,121.4568,12774.6
2016-05-31,0.37,1.84,0.87,239.557,247.137,98.2549,445490.0,4.8,121.8333,12774.6
2016-06-01,0.38,1.85,0.91,240.222,247.54,98.7315,450237.0,4.9,121.8493,12835.1
2016-06-02,0.38,1.81,0.89,240.222,247.54,98.7315,450237.0,4.9,121.8463,12835.1
2016-06-03,0.38,1.71,0.78,240.222,247.54,98.7315,450237.0,4.9,120.7835,12835.1
2016-06-04,0.38,1.71,0.78,240.222,247.54,98.7315,450237.0,4.9,120.7835,12835.1
2016-06-05,0.38,1.71,0.78,240.222,247.54,98.7315,450237.0,4.9,120.7835,12835.1
2016-06-06,0.38,1.73,0.8,240.222,247.54,98.7315,450237.0,4.9,120.5501,12835.1
2016-06-07,0.38,1.72,0.78,240.222,247.54,98.7315,450237.0,4.9,120.1666,12835.1
2016-06-08,0.38,1.71,0.78,240.222,247.54,98.7315,450237.0,4.9,119.4872,12835.1
2016-06-09,0.38,1.68,0.77,240.222,247.54,98.7315,450237.0,4.9,119.9132,12835.1
2016-06-10,0.38,1.64,0.73,240.222,247.54,98.7315,450237.0,4.9,120.4202,12835.1
2016-06-11,0.38,1.64,0.73,240.222,247.54,98.7315,450237.0,4.9,120.4202,12835.1
2016-06-12,0.38,1.64,0.73,240.222,247.54,98.7315,450237.0,4.9,120.4202,12835.1
2016-06-13,0.38,1.62,0.73,240.222,247.54,98.7315,450237.0,4.9,120.8411,12835.1
2016-06-14,0.38,1.62,0.74,240.222,247.54,98.7315,450237.0,4.9,121.3436,12835.1
2016-06-15,0.38,1.6,0.69,240.222,247.54,98.7315,450237.0,4.9,121.0905,12835.1
2016-06-16,0.38,1.57,0.7,240.222,247.54,98.7315,450237.0,4.9,121.5503,12835.1
2016-06-17,0.38,1.62,0.7,240.222,247.54,98.7315,450237.0,4.9,120.865,12835.1
2016-06-18,0.38,1.62,0.7,240.222,247.54,98.7315,450237.0,4.9,120.865,12835.1
2016-06-19,0.38,1.62,0.7,240.222,247.54,98.7315,450237.0,4.9,120.865,12835.1
2016-06-20,0.38,1.67,0.74,240.222,247.54,98.7315,450237.0,4.9,120.2059,12835.1
2016-06-21,0.38,1.71,0.76,240.222,247.54,98.7315,450237.0,4.9,120.3457,12835.1
2016-06-22,0.38,1.69,0.75,240.222,247.54,98.7315,450237.0,4.9,120.0885,12835.1
2016-06-23,0.38,1.74,0.78,240.222,247.54,98.7315,450237.0,4.9,119.5841,12835.1
2016-06-24,0.38,1.57,0.64,240.222,247.54,98.7315,450237.0,4.9,121.4044,12835.1
2016-06-25,0.38,1.57,0.64,240.222,247.54,98.7315,450237.0,4.9,121.4044,12835.1
2016-06-26,0.38,1.57,0.64,240.222,247.54,98.7315,450237.0,4.9,121.4044,12835.1
2016-06-27,0.38,1.46,0.61,240.222,247.54,98.7315,450237.0,4.9,122.3985,12835.1
2016-06-28,0.38,1.46,0.61,240.222,247.54,98.7315,450237.0,4.9,121.9898,12835.1
2016-06-29,0.38,1.5,0.62,240.222,247.54,98.7315,450237.0,4.9,121.0761,12835.1
2016-06-30,0.38,1.49,0.58,240.222,247.54,98.7315,450237.0,4.9,121.3552,12835.1
2016-07-01,0.39,1.46,0.59,240.101,247.829,98.8452,449789.0,4.8,120.8551,12889.3
2016-07-02,0.39,1.46,0.59,240.101,247.829,98.8452,449789.0,4.8,120.8551,12889.3
2016-07-03,0.39,1.46,0.59,240.101,247.829,98.8452,449789.0,4.8,120.8551,12889.3
2016-07-04,0.39,1.46,0.59,240.101,247.829,98.8452,449789.0,4.8,120.8551,12889.3
2016-07-05,0.39,1.37,0.56,240.101,247.829,98.8452,449789.0,4.8,121.6497,12889.3
2016-07-06,0.39,1.38,0.58,240.101,247.829,98.8452,449789.0,4.8,121.7717,12889.3
2016-07-07,0.39,1.4,0.58,240.101,247.829,98.8452,449789.0,4.8,121.7905,12889.3
2016-07-08,0.39,1.37,0.61,240.101,247.829,98.8452,449789.0,4.8,121.5928,12889.3
2016-07-09,0.39,1.37,0.61,240.101,247.829,98.8452,449789.0,4.8,121.5928,12889.3
2016-07-10,0.39,1.37,0.61,240.101,247.829,98.8452,449789.0,4.8,121.5928,12889.3
2016-07-11,0.39,1.43,0.66,240.101,247.829,98.8452,449789.0,4.8,121.7347,12889.3
2016-07-12,0.39,1.53,0.69,240.101,247.829,98.8452,449789.0,4.8,121.3498,12889.3
2016-07-13,0.39,1.48,0.68,240.101,247.829,98.8452,449789.0,4.8,121.2607,12889.3
2016-07-14,0.39,1.53,0.68,240.101,247.829,98.8452,449789.0,4.8,120.9949,12889.3
2016-07-15,0.39,1.6,0.71,240.101,247.829,98.8452,449789.0,4.8,121.5111,12889.3
2016-07-16,0.39,1.6,0.71,240.101,247.829,98.8452,449789.0,4.8,121.5111,12889.3
2016-07-17,0.39,1.6,0.71,240.101,247.829,98.8452,449789.0,4.8,121.5111,12889.3
2016-07-18,0.39,1.59,0.68,240.101,247.829,98.8452,449789.0,4.8,121.5001,12889.3
2016-07-19,0.39,1.56,0.7,240.101,247.829,98.8452,449789.0,4.8,121.877,12889.3
2016-07-20,0.39,1.59,0.73,240.101,247.829,98.8452,449789.0,4.8,121.9095,12889.3
2016-07-21,0.39,1.57,0.7,240.101,247.829,98.8452,449789.0,4.8,121.8558,12889.3
2016-07-22,0.39,1.57,0.71,240.101,247.829,98.8452,449789.0,4.8,122.2059,12889.3
2016-07-23,0.39,1.57,0.71,240.101,247.829,98.8452,449789.0,4.8,122.2059,12889.3
2016-07-24,0.39,1.57,0.71,240.101,247.829,98.8452,449789.0,4.8,122.2059,12889.3
2016-07-25,0.39,1.58,0.72,240.101,247.829,98.8452,449789.0,4.8,122.4184,12889.3
2016-07-26,0.39,1.57,0.75,240.101,247.829,98.8452,449789.0,4.8,122.283,12889.3
2016-07-27,0.39,1.52,0.73,240.101,247.829,98.8452,449789.0,4.8,122.4372,12889.3
2016-07-28,0.39,1.52,0.72,240.101,247.829,98.8452,449789.0,4.8,121.948,12889.3
2016-07-29,0.39,1.46,0.67,240.101,247.829,98.8452,449789.0,4.8,121.0503,12889.3
2016-07-30,0.39,1.46,0.67,240.101,247.829,98.8452,449789.0,4.8,121.0503,12889.3
2016-07-31,0.39,1.46,0.67,240.101,247.829,98.8452,449789.0,4.8,121.0503,12889.3
2016-08-01,0.4,1.51,0.67,240.545,248.423,98.7427,449946.0,4.9,121.1396,12973.6
2016-08-02,0.4,1.55,0.67,240.545,248.423,98.7427,449946.0,4.9,120.8655,12973.6
2016-08-03,0.4,1.55,0.67,240.545,248.423,98.7427,449946.0,4.9,121.1199,12973.6
2016-08-04,0.4,1.51,0.64,240.545,248.423,98.7427,449946.0,4.9,121.065,12973.6
2016-08-05,0.4,1.59,0.72,240.545,248.423,98.7427,449946.0,4.9,121.5045,12973.6
2016-08-06,0.4,1.59,0.72,240.545,248.423,98.7427,449946.0,4.9,121.5045,12973.6
2016-08-07,0.4,1.59,0.72,240.545,248.423,98.7427,449946.0,4.9,121.5045,12973.6
2016-08-08,0.4,1.59,0.74,240.545,248.423,98.7427,449946.0,4.9,121.2812,12973.6
2016-08-09,0.4,1.55,0.71,240.545,248.423,98.7427,449946.0,4.9,120.8259,12973.6
2016-08-10,0.4,1.5,0.69,240.545,248.423,98.7427,449946.0,4.9,120.3886,12973.6
2016-08-11,0.4,1.57,0.76,240.545,248.423,98.7427,449946.0,4.9,120.2481,12973.6
2016-08-12,0.4,1.51,0.71,240.545,248.423,98.7427,449946.0,4.9,120.2509,12973.6
2016-08-13,0.4,1.51,0.71,240.545,248.423,98.7427,449946.0,4.9,120.2509,12973.6
2016-08-14,0.4,1.51,0.71,240.545,248.423,98.7427,449946.0,4.9,120.2509,12973.6
2016-08-15,0.4,1.55,0.72,240.545,248.423,98.7427,449946.0,4.9,119.9692,12973.6
2016-08-16,0.4,1.57,0.76,240.545,248.423,98.7427,449946.0,4.9,119.4747,12973.6
2016-08-17,0.4,1.56,0.74,240.545,248.423,98.7427,449946.0,4.9,120.0424,12973.6
2016-08-18,0.4,1.53,0.71,240.545,248.423,98.7427,449946.0,4.9,119.4093,12973.6
2016-08-19,0.4,1.58,0.76,240.545,248.423,98.7427,449946.0,4.9,119.9461,12973.6
2016-08-20,0.4,1.58,0.76,240.545,248.423,98.7427,449946.0,4.9,119.9461,12973.6
2016-08-21,0.4,1.58,0.76,240.545,248.423,98.7427,449946.0,4.9,119.9461,12973.6
2016-08-22,0.4,1.55,0.76,240.545,248.423,98.7427,449946.0,4.9,120.1494,12973.6
2016-08-23,0.4,1.55,0.74,240.545,248.423,98.7427,449946.0,4.9,120.0838,12973.6
2016-08-24,0.4,1.56,0.76,240.545,248.423,98.7427,449946.0,4.9,120.4833,12973.6
2016-08-25,0.4,1.58,0.78,240.545,248.423,98.7427,449946.0,4.9,120.3366,12973.6
2016-08-26,0.4,1.62,0.84,240.545,248.423,98.7427,449946.0,4.9,120.373,12973.6
2016-08-27,0.4,1.62,0.84,240.545,248.423,98.7427,449946.0,4.9,120.373,12973.6
2016-08-28,0.4,1.62,0.84,240.545,248.423,98.7427,449946.0,4.9,120.373,12973.6
2016-08-29,0.4,1.57,0.81,240.545,248.423,98.7427,449946.0,4.9,121.07,12973.6
2016-08-30,0.4,1.57,0.8,240.545,248.423,98.7427,449946.0,4.9,121.4972,12973.6
2016-08-31,0.4,1.58,0.8,240.545,248.423,98.7427,449946.0,4.9,121.6157,12973.6
2016-09-01,0.4,1.57,0.78,241.176,248.842,98.6552,453056.0,5.0,121.4077,13033.8
2016-09-02,0.4,1.6,0.8,241.176,248.842,98.6552,453056.0,5.0,121.2493,13033.8
2016-09-03,0.4,1.6,0.8,241.176,248.842,98.6552,453056.0,5.0,121.2493,13033.8
2016-09-04,0.4,1.6,0.8,241.176,248.842,98.6552,453056.0,5.0,121.2493,13033.8
2016-09-05,0.4,1.6,0.8,241.176,248.842,98.6552,453056.0,5.0,121.2493,13033.8
2016-09-06,0.4,1.55,0.74,241.176,248.842,98.6552,453056.0,5.0,120.1736,13033.8
2016-09-07,0.4,1.54,0.74,241.176,248.842,98.6552,453056.0,5.0,120.1392,13033.8
2016-09-08,0.4,1.61,0.78,241.176,248.842,98.6552,453056.0,5.0,120.4432,13033.8
2016-09-09,0.4,1.67,0.79,241.176,248.842,98.6552,453056.0,5.0,121.2095,13033.8
2016-09-10,0.4,1.67,0.79,241.176,248.842,98.6552,453056.0,5.0,121.2095,13033.8
2016-09-11,0.4,1.67,0.79,241.176,248.842,98.6552,453056.0,5.0,121.2095,13033.8
2016-09-12,0.4,1.68,0.79,241.176,248.842,98.6552,453056.0,5.0,121.3896,13033.8
2016-09-13,0.4,1.73,0.8,241.176,248.842,98.6552,453056.0,5.0,121.7592,13033.8
2016-09-14,0.4,1.7,0.77,241.176,248.842,98.6552,453056.0,5.0,121.7001,13033.8
2016-09-15,0.4,1.71,0.74,241.176,248.842,98.6552,453056.0,5.0,121.7105,13033.8
2016-09-16,0.4,1.7,0.77,241.176,248.842,98.6552,453056.0,5.0,122.4093,13033.8
2016-09-17,0.4,1.7,0.77,241.176,248.842,98.6552,453056.0,5.0,122.4093,13033.8
2016-09-18,0.4,1.7,0.77,241.176,248.842,98.6552,453056.0,5.0,122.4093,13033.8
2016-09-19,0.4,1.7,0.79,241.176,248.842,98.6552,453056.0,5.0,122.0995,13033.8
2016-09-20,0.4,1.69,0.79,241.176,248.842,98.6552,453056.0,5.0,122.3791,13033.8
2016-09-21,0.4,1.66,0.79,241.176,248.842,98.6552,453056.0,5.0,122.1599,13033.8
2016-09-22,0.4,1.63,0.79,241.176,248.842,98.6552,453056.0,5.0,121.431,13033.8
2016-09-23,0.4,1.62,0.77,241.176,248.842,98.6552,453056.0,5.0,121.8823,13033.8
2016-09-24,0.4,1.62,0.77,241.176,248.842,98.6552,453056.0,5.0,121.8823,13033.8
2016-09-25,0.4,1.62,0.77,241.176,248.842,98.6552,453056.0,5.0,121.8823,13033.8
2016-09-26,0.4,1.59,0.76,241.176,248.842,98.6552,453056.0,5.0,121.8824,13033.8
2016-09-27,0.4,1.56,0.75,241.176,248.842,98.6552,453056.0,5.0,121.6991,13033.8
2016-09-28,0.4,1.57,0.75,241.176,248.842,98.6552,453056.0,5.0,121.7766,13033.8
2016-09-29,0.4,1.56,0.73,241.176,248.842,98.6552,453056.0,5.0,121.4388,13033.8
2016-09-30,0.4,1.6,0.77,241.176,248.842,98.6552,453056.0,5.0,121.4347,13033.8
2016-10-01,0.4,1.6,0.77,241.741,249.142,98.7237,453847.0,4.9,121.4347,13107.1
2016-10-02,0.4,1.6,0.77,241.741,249.142,98.7237,453847.0,4.9,121.4347,13107.1
2016-10-03,0.4,1.63,0.8,241.741,249.142,98.7237,453847.0,4.9,121.6379,13107.1
2016-10-04,0.4,1.69,0.82,241.741,249.142,98.7237,453847.0,4.9,121.7876,13107.1
2016-10-05,0.4,1.72,0.85,241.741,249.142,98.7237,453847.0,4.9,121.9323,13107.1
2016-10-06,0.4,1.75,0.86,241.741,249.142,98.7237,453847.0,4.9,122.1278,13107.1
2016-10-07,0.4,1.73,0.83,241.741,249.142,98.7237,453847.0,4.9,122.3818,13107.1
2016-10-08,0.4,1.73,0.83,241.741,249.142,98.7237,453847.0,4.9,122.3818,13107.1
2016-10-09,0.4,1.73,0.83,241.741,249.142,98.7237,453847.0,4.9,122.3818,13107.1
2016-10-10,0.4,1.73,0.83,241.741,249.142,98.7237,453847.0,4.9,122.3818,13107.1
2016-10-11,0.4,1.77,0.87,241.741,249.142,98.7237,453847.0,4.9,122.5904,13107.1
2016-10-12,0.4,1.79,0.87,241.741,249.142,98.7237,453847.0,4.9,122.8999,13107.1
2016-10-13,0.4,1.75,0.85,241.741,249.142,98.7237,453847.0,4.9,122.798,13107.1
2016-10-14,0.4,1.8,0.84,241.741,249.142,98.7237,453847.0,4.9,122.8929,13107.1
2016-10-15,0.4,1.8,0.84,241.741,249.142,98.7237,453847.0,4.9,122.8929,13107.1
2016-10-16,0.4,1.8,0.84,241.741,249.142,98.7237,453847.0,4.9,122.8929,13107.1
2016-10-17,0.4,1.77,0.81,241.741,249.142,98.7237,453847.0,4.9,122.7445,13107.1
2016-10-18,0.4,1.75,0.82,241.741,249.142,98.7237,453847.0,4.9,122.3227,13107.1
2016-10-19,0.4,1.76,0.81,241.741,249.142,98.7237,453847.0,4.9,122.2133,13107.1
2016-10-20,0.4,1.76,0.84,241.741,249.142,98.7237,453847.0,4.9,122.5717,13107.1
2016-10-21,0.4,1.74,0.84,241.741,249.142,98.7237,453847.0,4.9,123.0934,13107.1
2016-10-22,0.4,1.74,0.84,241.741,249.142,98.7237,453847.0,4.9,123.0934,13107.1
2016-10-23,0.4,1.74,0.84,241.741,249.142,98.7237,453847.0,4.9,123.0934,13107.1
2016-10-24,0.4,1.77,0.84,241.741,249.142,98.7237,453847.0,4.9,123.0427,13107.1
2016-10-25,0.4,1.77,0.86,241.741,249.142,98.7237,453847.0,4.9,122.8525,13107.1
2016-10-26,0.4,1.79,0.86,241.741,249.142,98.7237,453847.0,4.9,123.0059,13107.1
2016-10-27,0.4,1.85,0.87,241.741,249.142,98.7237,453847.0,4.9,123.4242,13107.1
2016-10-28,0.4,1.86,0.86,241.741,249.142,98.7237,453847.0,4.9,123.3093,13107.1
2016-10-29,0.4,1.86,0.86,241.741,249.142,98.7237,453847.0,4.9,123.3093,13107.1
2016-10-30,0.4,1.86,0.86,241.741,249.142,98.7237,453847.0,4.9,123.3093,13107.1
2016-10-31,0.4,1.84,0.86,241.741,249.142,98.7237,453847.0,4.9,123.2421,13107.1
2016-11-01,0.41,1.83,0.83,242.026,249.481,98.3443,453892.0,4.7,123.2113,13180.6
2016-11-02,0.41,1.81,0.81,242.026,249.481,98.3443,453892.0,4.7,123.1609,13180.6
2016-11-03,0.41,1.82,0.81,242.026,249.481,98.3443,453892.0,4.7,123.0173,13180.6
2016-11-04,0.41,1.79,0.8,242.026,249.481,98.3443,453892.0,4.7,122.8412,13180.6
2016-11-05,0.41,1.79,0.8,242.026,249.481,98.3443,453892.0,4.7,122.8412,13180.6
2016-11-06,0.41,1.79,0.8,242.026,249.481,98.3443,453892.0,4.7,122.8412,13180.6
2016-11-07,0.41,1.83,0.82,242.026,249.481,98.3443,453892.0,4.7,122.7989,13180.6
2016-11-08,0.41,1.88,0.87,242.026,249.481,98.3443,453892.0,4.7,122.5558,13180.6
2016-11-09,0.41,2.07,0.9,242.026,249.481,98.3443,453892.0,4.7,124.0105,13180.6
2016-11-10,0.41,2.15,0.92,242.026,249.481,98.3443,453892.0,4.7,125.3572,13180.6
2016-11-11,0.41,2.15,0.92,242.026,249.481,98.3443,453892.0,4.7,125.3572,13180.6
2016-11-12,0.41,2.15,0.92,242.026,249.481,98.3443,453892.0,4.7,125.3572,13180.6
2016-11-13,0.41,2.15,0.92,242.026,249.481,98.3443,453892.0,4.7,125.3572,13180.6
2016-11-14,0.41,2.23,1.0,242.026,249.481,98.3443,453892.0,4.7,126.7384,13180.6
2016-11-15,0.41,2.23,1.02,242.026,249.481,98.3443,453892.0,4.7,126.2724,13180.6
2016-11-16,0.41,2.22,1.0,242.026,249.481,98.3443,453892.0,4.7,126.3434,13180.6
2016-11-17,0.41,2.29,1.04,242.026,249.481,98.3443,453892.0,4.7,126.42,13180.6
2016-11-18,0.41,2.34,1.07,242.026,249.481,98.3443,453892.0,4.7,127.1363,13180.6
2016-11-19,0.41,2.34,1.07,242.026,249.481,98.3443,453892.0,4.7,127.1363,13180.6
2016-11-20,0.41,2.34,1.07,242.026,249.481,98.3443,453892.0,4.7,127.1363,13180.6
2016-11-21,0.41,2.33,1.08,242.026,249.481,98.3443,453892.0,4.7,127.0455,13180.6
2016-11-22,0.41,2.31,1.07,242.026,249.481,98.3443,453892.0,4.7,126.997,13180.6
2016-11-23,0.41,2.36,1.12,242.026,249.481,98.3443,453892.0,4.7,127.6608,13180.6
2016-11-24,0.41,2.36,1.12,242.026,249.481,98.3443,453892.0,4.7,127.6608,13180.6
2016-11-25,0.41,2.36,1.12,242.026,249.481,98.3443,453892.0,4.7,127.6295,13180.6
2016-11-26,0.41,2.36,1.12,242.026,249.481,98.3443,453892.0,4.7,127.6295,13180.6
2016-11-27,0.41,2.36,1.12,242.026,249.481,98.3443,453892.0,4.7,127.6295,13180.6
2016-11-28,0.41,2.32,1.11,242.026,249.481,98.3443,453892.0,4.7,127.3151,13180.6
2016-11-29,0.41,2.3,1.09,242.026,249.481,98.3443,453892.0,4.7,127.2371,13180.6
2016-11-30,0.41,2.37,1.11,242.026,249.481,98.3443,453892.0,4.7,127.344,13180.6
2016-12-01,0.54,2.45,1.14,242.637,249.92,99.0406,459305.0,4.7,127.2727,13225.8
2016-12-02,0.54,2.4,1.11,242.637,249.92,99.0406,459305.0,4.7,126.9232,13225.8
2016-12-03,0.54,2.4,1.11,242.637,249.92,99.0406,459305.0,4.7,126.9232,13225.8
2016-12-04,0.54,2.4,1.11,242.637,249.92,99.0406,459305.0,4.7,126.9232,13225.8
2016-12-05,0.54,2.39,1.13,242.637,249.92,99.0406,459305.0,4.7,126.7098,13225.8
2016-12-06,0.54,2.39,1.12,242.637,249.92,99.0406,459305.0,4.7,126.5216,13225.8
2016-12-07,0.54,2.34,1.1,242.637,249.92,99.0406,459305.0,4.7,126.2384,13225.8
2016-12-08,0.54,2.4,1.12,242.637,249.92,99.0406,459305.0,4.7,126.5997,13225.8
2016-12-09,0.54,2.47,1.15,242.637,249.92,99.0406,459305.0,4.7,126.9037,13225.8
2016-12-10,0.54,2.47,1.15,242.637,249.92,99.0406,459305.0,4.7,126.9037,13225.8
2016-12-11,0.54,2.47,1.15,242.637,249.92,99.0406,459305.0,4.7,126.9037,13225.8
2016-12-12,0.54,2.49,1.15,242.637,249.92,99.0406,459305.0,4.7,126.5244,13225.8
2016-12-13,0.54,2.48,1.17,242.637,249.92,99.0406,459305.0,4.7,126.3995,13225.8
2016-12-14,0.54,2.54,1.27,242.637,249.92,99.0406,459305.0,4.7,126.3524,13225.8
2016-12-15,0.54,2.6,1.29,242.637,249.92,99.0406,459305.0,4.7,128.4575,13225.8
2016-12-16,0.54,2.6,1.28,242.637,249.92,99.0406,459305.0,4.7,128.0438,13225.8
2016-12-17,0.54,2.6,1.28,242.637,249.92,99.0406,459305.0,4.7,128.0438,13225.8
2016-12-18,0.54,2.6,1.28,242.637,249.92,99.0406,459305.0,4.7,128.0438,13225.8
2016-12-19,0.54,2.54,1.24,242.637,249.92,99.0406,459305.0,4.7,128.0451,13225.8
2016-12-20,0.54,2.57,1.25,242.637,249.92,99.0406,459305.0,4.7,128.2851,13225.8
2016-12-21,0.54,2.55,1.21,242.637,249.92,99.0406,459305.0,4.7,128.2196,13225.8
2016-12-22,0.54,2.55,1.22,242.637,249.92,99.0406,459305.0,4.7,128.4727,13225.8
2016-12-23,0.54,2.55,1.22,242.637,249.92,99.0406,459305.0,4.7,128.4091,13225.8
2016-12-24,0.54,2.55,1.22,242.637,249.92,99.0406,459305.0,4.7,128.4091,13225.8
2016-12-25,0.54,2.55,1.22,242.637,249.92,99.0406,459305.0,4.7,128.4091,13225.8
2016-12-26,0.54,2.55,1.22,242.637,249.92,99.0406,459305.0,4.7,128.4091,13225.8
2016-12-27,0.54,2.57,1.28,242.637,249.92,99.0406,459305.0,4.7,128.5865,13225.8
2016-12-28,0.54,2.51,1.26,242.637,249.92,99.0406,459305.0,4.7,128.8712,13225.8
2016-12-29,0.54,2.49,1.22,242.637,249.92,99.0406,459305.0,4.7,128.2915,13225.8
2016-12-30,0.54,2.45,1.2,242.637,249.92,99.0406,459305.0,4.7,127.9973,13225.8
2016-12-31,0.54,2.45,1.2,242.637,249.92,99.0406,459305.0,4.7,127.9973,13225.8
2017-01-01,0.65,2.45,1.2,243.618,250.467,98.8158,464412.0,4.7,127.9973,13300.3
2017-01-02,0.65,2.45,1.2,243.618,250.467,98.8158,464412.0,4.7,127.9973,13300.3
2017-01-03,0.65,2.45,1.22,243.618,250.467,98.8158,464412.0,4.7,128.758,13300.3
2017-01-04,0.65,2.46,1.24,243.618,250.467,98.8158,464412.0,4.7,128.5398,13300.3
2017-01-05,0.65,2.37,1.17,243.618,250.467,98.8158,464412.0,4.7,127.5844,13300.3
2017-01-06,0.65,2.42,1.22,243.618,250.467,98.8158,464412.0,4.7,127.9861,13300.3
2017-01-07,0.65,2.42,1.22,243.618,250.467,98.8158,464412.0,4.7,127.9861,13300.3
2017-01-08,0.65,2.42,1.22,243.618,250.467,98.8158,464412.0,4.7,127.9861,13300.3
2017-01-09,0.65,2.38,1.21,243.618,250.467,98.8158,464412.0,4.7,128.0519,13300.3
2017-01-10,0.65,2.38,1.19,243.618,250.467,98.8158,464412.0,4.7,128.1577,13300.3
2017-01-11,0.65,2.38,1.2,243.618,250.467,98.8158,464412.0,4.7,128.6652,13300.3
2017-01-12,0.65,2.36,1.18,243.618,250.467,98.8158,464412.0,4.7,127.345,13300.3
2017-01-13,0.65,2.4,1.21,243.618,250.467,98.8158,464412.0,4.7,127.5552,13300.3
2017-01-14,0.65,2.4,1.21,243.618,250.467,98.8158,464412.0,4.7,127.5552,13300.3
2017-01-15,0.65,2.4,1.21,243.618,250.467,98.8158,464412.0,4.7,127.5552,13300.3
2017-01-16,0.65,2.4,1.21,243.618,250.467,98.8158,464412.0,4.7,127.5552,13300.3
2017-01-17,0.65,2.33,1.17,243.618,250.467,98.8158,464412.0,4.7,126.7785,13300.3
2017-01-18,0.65,2.42,1.23,243.618,250.467,98.8158,464412.0,4.7,127.2209,13300.3
2017-01-19,0.65,2.47,1.25,243.618,250.467,98.8158,464412.0,4.7,127.8718,13300.3
2017-01-20,0.65,2.48,1.2,243.618,250.467,98.8158,464412.0,4.7,127.8718,13300.3
2017-01-21,0.65,2.48,1.2,243.618,250.467,98.8158,464412.0,4.7,127.8718,13300.3
2017-01-22,0.65,2.48,1.2,243.618,250.467,98.8158,464412.0,4.7,127.8718,13300.3
2017-01-23,0.65,2.41,1.16,243.618,250.467,98.8158,464412.0,4.7,126.7542,13300.3
2017-01-24,0.65,2.47,1.21,243.618,250.467,98.8158,464412.0,4.7,126.572,13300.3
2017-01-25,0.65,2.53,1.23,243.618,250.467,98.8158,464412.0,4.7,126.503,13300.3
2017-01-26,0.65,2.51,1.21,243.618,250.467,98.8158,464412.0,4.7,126.8499,13300.3
2017-01-27,0.65,2.49,1.22,243.618,250.467,98.8158,464412.0,4.7,126.6392,13300.3
2017-01-28,0.65,2.49,1.22,243.618,250.467,98.8158,464412.0,4.7,126.6392,13300.3
2017-01-29,0.65,2.49,1.22,243.618,250.467,98.8158,464412.0,4.7,126.6392,13300.3
2017-01-30,0.65,2.49,1.22,243.618,250.467,98.8158,464412.0,4.7,126.266,13300.3
2017-01-31,0.65,2.45,1.19,243.618,250.467,98.8158,464412.0,4.7,125.7556,13300.3
2017-02-01,0.66,2.48,1.22,244.006,250.998,98.4356,464284.0,4.6,125.9309,13367.0
2017-02-02,0.66,2.48,1.21,244.006,250.998,98.4356,464284.0,4.6,125.3965,13367.0
2017-02-03,0.66,2.49,1.21,244.006,250.998,98.4356,464284.0,4.6,125.0782,13367.0
2017-02-04,0.66,2.49,1.21,244.006,250.998,98.4356,464284.0,4.6,125.0782,13367.0
2017-02-05,0.66,2.49,1.21,244.006,250.998,98.4356,464284.0,4.6,125.0782,13367.0
2017-02-06,0.66,2.42,1.16,244.006,250.998,98.4356,464284.0,4.6,125.4892,13367.0
2017-02-07,0.66,2.4,1.16,244.006,250.998,98.4356,464284.0,4.6,125.8945,13367.0
2017-02-08,0.66,2.34,1.15,244.006,250.998,98.4356,464284.0,4.6,125.6068,13367.0
2017-02-09,0.66,2.4,1.2,244.006,250.998,98.4356,464284.0,4.6,125.7772,13367.0
2017-02-10,0.66,2.41,1.2,244.006,250.998,98.4356,464284.0,4.6,125.6234,13367.0
2017-02-11,0.66,2.41,1.2,244.006,250.998,98.4356,464284.0,4.6,125.6234,13367.0
2017-02-12,0.66,2.41,1.2,244.006,250.998,98.4356,464284.0,4.6,125.6234,13367.0
2017-02-13,0.66,2.43,1.2,244.006,250.998,98.4356,464284.0,4.6,125.8207,13367.0
2017-02-14,0.66,2.47,1.25,244.006,250.998,98.4356,464284.0,4.6,125.8262,13367.0
2017-02-15,0.66,2.51,1.27,244.006,250.998,98.4356,464284.0,4.6,125.6477,13367.0
2017-02-16,0.66,2.45,1.22,244.006,250.998,98.4356,464284.0,4.6,125.4249,13367.0
2017-02-17,0.66,2.42,1.21,244.006,250.998,98.4356,464284.0,4.6,125.8437,13367.0
2017-02-18,0.66,2.42,1.21,244.006,250.998,98.4356,464284.0,4.6,125.8437,13367.0
2017-02-19,0.66,2.42,1.21,244.006,250.998,98.4356,464284.0,4.6,125.8437,13367.0
2017-02-20,0.66,2.42,1.21,244.006,250.998,98.4356,464284.0,4.6,125.8437,13367.0
2017-02-21,0.66,2.43,1.22,244.006,250.998,98.4356,464284.0,4.6,126.0408,13367.0
2017-02-22,0.66,2.42,1.22,244.006,250.998,98.4356,464284.0,4.6,125.6343,13367.0
2017-02-23,0.66,2.38,1.18,244.006,250.998,98.4356,464284.0,4.6,125.0473,13367.0
2017-02-24,0.66,2.31,1.12,244.006,250.998,98.4356,464284.0,4.6,125.2118,13367.0
2017-02-25,0.66,2.31,1.12,244.006,250.998,98.4356,464284.0,4.6,125.2118,13367.0
2017-02-26,0.66,2.31,1.12,244.006,250.998,98.4356,464284.0,4.6,125.2118,13367.0
2017-02-27,0.66,2.36,1.2,244.006,250.998,98.4356,464284.0,4.6,125.073,13367.0
2017-02-28,0.66,2.36,1.22,244.006,250.998,98.4356,464284.0,4.6,125.3934,13367.0
2017-03-01,0.79,2.46,1.29,243.892,250.944,99.0492,463674.0,4.4,125.8382,13428.4
2017-03-02,0.79,2.49,1.32,243.892,250.944,99.0492,463674.0,4.4,126.2589,13428.4
2017-03-03,0.79,2.49,1.32,243.892,250.944,99.0492,463674.0,4.4,126.0589,13428.4
2017-03-04,0.79,2.49,1.32,243.892,250.944,99.0492,463674.0,4.4,126.0589,13428.4
2017-03-05,0.79,2.49,1.32,243.892,250.944,99.0492,463674.0,4.4,126.0589,13428.4
2017-03-06,0.79,2.49,1.31,243.892,250.944,99.0492,463674.0,4.4,125.8393,13428.4
2017-03-07,0.79,2.52,1.32,243.892,250.944,99.0492,463674.0,4.4,125.8326,13428.4
2017-03-08,0.79,2.57,1.36,243.892,250.944,99.0492,463674.0,4.4,126.3012,13428.4
2017-03-09,0.79,2.6,1.37,243.892,250.944,99.0492,463674.0,4.4,126.4401,13428.4
2017-03-10,0.79,2.58,1.36,243.892,250.944,99.0492,463674.0,4.4,126.0438,13428.4
2017-03-11,0.79,2.58,1.36,243.892,250.944,99.0492,463674.0,4.4,126.0438,13428.4
2017-03-12,0.79,2.58,1.36,243.892,250.944,99.0492,463674.0,4.4,126.0438,13428.4
2017-03-13,0.79,2.62,1.4,243.892,250.944,99.0492,463674.0,4.4,125.8355,13428.4
2017-03-14,0.79,2.6,1.4,243.892,250.944,99.0492,463674.0,4.4,126.006,13428.4
2017-03-15,0.79,2.51,1.33,243.892,250.944,99.0492,463674.0,4.4,125.7875,13428.4
2017-03-16,0.79,2.53,1.35,243.892,250.944,99.0492,463674.0,4.4,124.8907,13428.4
2017-03-17,0.79,2.5,1.33,243.892,250.944,99.0492,463674.0,4.4,124.6577,13428.4
2017-03-18,0.79,2.5,1.33,243.892,250.944,99.0492,463674.0,4.4,124.6577,13428.4
2017-03-19,0.79,2.5,1.33,243.892,250.944,99.0492,463674.0,4.4,124.6577,13428.4
2017-03-20,0.79,2.47,1.3,243.892,250.944,99.0492,463674.0,4.4,124.4008,13428.4
2017-03-21,0.79,2.43,1.27,243.892,250.944,99.0492,463674.0,4.4,124.171,13428.4
2017-03-22,0.79,2.4,1.27,243.892,250.944,99.0492,463674.0,4.4,124.1389,13428.4
2017-03-23,0.79,2.41,1.26,243.892,250.944,99.0492,463674.0,4.4,124.1401,13428.4
2017-03-24,0.79,2.4,1.26,243.892,250.944,99.0492,463674.0,4.4,123.96,13428.4
2017-03-25,0.79,2.4,1.26,243.892,250.944,99.0492,463674.0,4.4,123.96,13428.4
2017-03-26,0.79,2.4,1.26,243.892,250.944,99.0492,463674.0,4.4,123.96,13428.4
2017-03-27,0.79,2.38,1.27,243.892,250.944,99.0492,463674.0,4.4,123.5402,13428.4
2017-03-28,0.79,2.42,1.3,243.892,250.944,99.0492,463674.0,4.4,123.7349,13428.4
2017-03-29,0.79,2.39,1.26,243.892,250.944,99.0492,463674.0,4.4,124.03,13428.4
2017-03-30,0.79,2.42,1.28,243.892,250.944,99.0492,463674.0,4.4,123.8476,13428.4
2017-03-31,0.79,2.4,1.27,243.892,250.944,99.0492,463674.0,4.4,124.1269,13428.4
2017-04-01,0.9,2.4,1.27,244.193,251.227,100.0416,465276.0,4.4,124.1269,13484.4
2017-04-02,0.9,2.4,1.27,244.193,251.227,100.0416,465276.0,4.4,124.1269,13484.4
2017-04-03,0.9,2.35,1.24,244.193,251.227,100.0416,465276.0,4.4,124.1834,13484.4
2017-04-04,0.9,2.36,1.25,244.193,251.227,100.0416,465276.0,4.4,124.3205,13484.4
2017-04-05,0.9,2.34,1.24,244.193,251.227,100.0416,465276.0,4.4,124.2906,13484.4
2017-04-06,0.9,2.34,1.24,244.193,251.227,100.0416,465276.0,4.4,124.3734,13484.4
2017-04-07,0.9,2.38,1.29,244.193,251.227,100.0416,465276.0,4.4,124.4095,13484.4
2017-04-08,0.9,2.38,1.29,244.193,251.227,100.0416,465276.0,4.4,124.4095,13484.4
2017-04-09,0.9,2.38,1.29,244.193,251.227,100.0416,465276.0,4.4,124.4095,13484.4
2017-04-10,0.9,2.37,1.29,244.193,251.227,100.0416,465276.0,4.4,124.4773,13484.4
2017-04-11,0.9,2.32,1.24,244.193,251.227,100.0416,465276.0,4.4,124.3722,13484.4
2017-04-12,0.9,2.28,1.24,244.193,251.227,100.0416,465276.0,4.4,124.2637,13484.4
2017-04-13,0.9,2.24,1.21,244.193,251.227,100.0416,465276.0,4.4,123.8309,13484.4
2017-04-14,0.9,2.24,1.21,244.193,251.227,100.0416,465276.0,4.4,123.8531,13484.4
2017-04-15,0.9,2.24,1.21,244.193,251.227,100.0416,465276.0,4.4,123.8531,13484.4
2017-04-16,0.9,2.24,1.21,244.193,251.227,100.0416,465276.0,4.4,123.8531,13484.4
2017-04-17,0.9,2.26,1.21,244.193,251.227,100.0416,465276.0,4.4,123.6423,13484.4
2017-04-18,0.9,2.18,1.18,244.193,251.227,100.0416,465276.0,4.4,123.5967,13484.4
2017-04-19,0.9,2.21,1.19,244.193,251.227,100.0416,465276.0,4.4,124.1595,13484.4
2017-04-20,0.9,2.24,1.21,244.193,251.227,100.0416,465276.0,4.4,123.9783,13484.4
2017-04-21,0.9,2.24,1.2,244.193,251.227,100.0416,465276.0,4.4,124.1695,13484.4
2017-04-22,0.9,2.24,1.2,244.193,251.227,100.0416,465276.0,4.4,124.1695,13484.4
2017-04-23,0.9,2.24,1.2,244.193,251.227,100.0416,465276.0,4.4,124.1695,13484.4
2017-04-24,0.9,2.28,1.25,244.193,251.227,100.0416,465276.0,4.4,123.7081,13484.4
2017-04-25,0.9,2.35,1.29,244.193,251.227,100.0416,465276.0,4.4,123.859,13484.4
2017-04-26,0.9,2.32,1.28,244.193,251.227,100.0416,465276.0,4.4,124.337,13484.4
2017-04-27,0.9,2.3,1.25,244.193,251.227,100.0416,465276.0,4.4,124.3915,13484.4
2017-04-28,0.9,2.29,1.28,244.193,251.227,100.0416,465276.0,4.4,124.1803,13484.4
2017-04-29,0.9,2.29,1.28,244.193,251.227,100.0416,465276.0,4.4,124.1803,13484.4
2017-04-30,0.9,2.29,1.28,244.193,251.227,100.0416,465276.0,4.4,124.1803,13484.4
2017-05-01,0.91,2.33,1.28,244.004,251.43,100.128,462754.0,4.4,123.9763,13536.4
2017-05-02,0.91,2.29,1.27,244.004,251.43,100.128,462754.0,4.4,124.0578,13536.4
2017-05-03,0.91,2.33,1.3,244.004,251.43,100.128,462754.0,4.4,124.0522,13536.4
2017-05-04,0.91,2.36,1.32,244.004,251.43,100.128,462754.0,4.4,124.3215,13536.4
2017-05-05,0.91,2.36,1.32,244.004,251.43,100.128,462754.0,4.4,124.2034,13536.4
2017-05-06,0.91,2.36,1.32,244.004,251.43,100.128,462754.0,4.4,124.2034,13536.4
2017-05-07,0.91,2.36,1.32,244.004,251.43,100.128,462754.0,4.4,124.2034,13536.4
2017-05-08,0.91,2.39,1.33,244.004,251.43,100.128,462754.0,4.4,124.5196,13536.4
2017-05-09,0.91,2.42,1.37,244.004,251.43,100.128,462754.0,4.4,124.8389,13536.4
2017-05-10,0.91,2.41,1.35,244.004,251.43,100.128,462754.0,4.4,124.5386,13536.4
2017-05-11,0.91,2.39,1.35,244.004,251.43,100.128,462754.0,4.4,124.4716,13536.4
2017-05-12,0.91,2.33,1.29,244.004,251.43,100.128,462754.0,4.4,124.1333,13536.4
2017-05-13,0.91,2.33,1.29,244.004,251.43,100.128,462754.0,4.4,124.1333,13536.4
2017-05-14,0.91,2.33,1.29,244.004,251.43,100.128,462754.0,4.4,124.1333,13536.4
2017-05-15,0.91,2.34,1.31,244.004,251.43,100.128,462754.0,4.4,123.7166,13536.4
2017-05-16,0.91,2.33,1.29,244.004,251.43,100.128,462754.0,4.4,123.3557,13536.4
2017-05-17,0.91,2.22,1.26,244.004,251.43,100.128,462754.0,4.4,123.1092,13536.4
2017-05-18,0.91,2.23,1.27,244.004,251.43,100.128,462754.0,4.4,123.6707,13536.4
2017-05-19,0.91,2.23,1.28,244.004,251.43,100.128,462754.0,4.4,123.0696,13536.4
2017-05-20,0.91,2.23,1.28,244.004,251.43,100.128,462754.0,4.4,123.0696,13536.4
2017-05-21,0.91,2.23,1.28,244.004,251.43,100.128,462754.0,4.4,123.0696,13536.4
2017-05-22,0.91,2.25,1.29,244.004,251.43,100.128,462754.0,4.4,122.9058,13536.4
2017-05-23,0.91,2.29,1.31,244.004,251.43,100.128,462754.0,4.4,123.0627,13536.4
2017-05-24,0.91,2.26,1.29,244.004,251.43,100.128,462754.0,4.4,123.0453,13536.4
2017-05-25,0.91,2.25,1.3,244.004,251.43,100.128,462754.0,4.4,122.7053,13536.4
2017-05-26,0.91,2.25,1.3,244.004,251.43,100.128,462754.0,4.4,122.7692,13536.4
2017-05-27,0.91,2.25,1.3,244.004,251.43,100.128,462754.0,4.4,122.7692,13536.4
2017-05-28,0.91,2.25,1.3,244.004,251.43,100.128,462754.0,4.4,122.7692,13536.4
2017-05-29,0.91,2.25,1.3,244.004,251.43,100.128,462754.0,4.4,122.7692,13536.4
2017-05-30,0.91,2.21,1.28,244.004,251.43,100.128,462754.0,4.4,122.8616,13536.4
2017-05-31,0.91,2.21,1.28,244.004,251.43,100.128,462754.0,4.4,122.5504,13536.4
2017-06-01,1.04,2.21,1.28,244.163,251.746,100.337,465130.0,4.3,122.5485,13558.1
2017-06-02,1.04,2.15,1.28,244.163,251.746,100.337,465130.0,4.3,122.4415,13558.1
2017-06-03,1.04,2.15,1.28,244.163,251.746,100.337,465130.0,4.3,122.4415,13558.1
2017-06-04,1.04,2.15,1.28,244.163,251.746,100.337,465130.0,4.3,122.4415,13558.1
2017-06-05,1.04,2.18,1.32,244.163,251.746,100.337,465130.0,4.3,122.2087,13558.1
2017-06-06,1.04,2.14,1.3,244.163,251.746,100.337,465130.0,4.3,121.9205,13558.1
2017-06-07,1.04,2.18,1.32,244.163,251.746,100.337,465130.0,4.3,122.0424,13558.1
2017-06-08,1.04,2.19,1.33,244.163,251.746,100.337,465130.0,4.3,122.0669,13558.1
2017-06-09,1.04,2.21,1.35,244.163,251.746,100.337,465130.0,4.3,122.1669,13558.1
2017-06-10,1.04,2.21,1.35,244.163,251.746,100.337,465130.0,4.3,122.1669,13558.1
2017-06-11,1.04,2.21,1.35,244.163,251.746,100.337,465130.0,4.3,122.1669,13558.1
2017-06-12,1.04,2.21,1.35,244.163,251.746,100.337,465130.0,4.3,122.1853,13558.1
2017-06-13,1.04,2.21,1.38,244.163,251.746,100.337,465130.0,4.3,121.8463,13558.1
2017-06-14,1.04,2.15,1.35,244.163,251.746,100.337,465130.0,4.3,121.2687,13558.1
2017-06-15,1.04,2.16,1.35,244.163,251.746,100.337,465130.0,4.3,122.1151,13558.1
2017-06-16,1.04,2.16,1.32,244.163,251.746,100.337,465130.0,4.3,121.8658,13558.1
2017-06-17,1.04,2.16,1.32,244.163,251.746,100.337,465130.0,4.3,121.8658,13558.1
2017-06-18,1.04,2.16,1.32,244.163,251.746,100.337,465130.0,4.3,121.8658,13558.1
2017-06-19,1.04,2.19,1.36,244.163,251.746,100.337,465130.0,4.3,122.0271,13558.1
2017-06-20,1.04,2.16,1.36,244.163,251.746,100.337,465130.0,4.3,122.5609,13558.1
2017-06-21,1.04,2.16,1.36,244.163,251.746,100.337,465130.0,4.3,122.6341,13558.1
2017-06-22,1.04,2.15,1.34,244.163,251.746,100.337,465130.0,4.3,122.4655,13558.1
2017-06-23,1.04,2.15,1.34,244.163,251.746,100.337,465130.0,4.3,122.1593,13558.1
2017-06-24,1.04,2.15,1.34,244.163,251.746,100.337,465130.0,4.3,122.1593,13558.1
2017-06-25,1.04,2.15,1.34,244.163,251.746,100.337,465130.0,4.3,122.1593,13558.1
2017-06-26,1.04,2.14,1.36,244.163,251.746,100.337,465130.0,4.3,122.0559,13558.1
2017-06-27,1.04,2.21,1.38,244.163,251.746,100.337,465130.0,4.3,121.8397,13558.1
2017-06-28,1.04,2.22,1.34,244.163,251.746,100.337,465130.0,4.3,121.3806,13558.1
2017-06-29,1.04,2.27,1.38,244.163,251.746,100.337,465130.0,4.3,121.3068,13558.1
2017-06-30,1.04,2.31,1.38,244.163,251.746,100.337,465130.0,4.3,121.2889,13558.1
2017-07-01,1.15,2.31,1.38,244.243,251.985,100.0865,465089.0,4.3,121.2889,13615.1
2017-07-02,1.15,2.31,1.38,244.243,251.985,100.0865,465089.0,4.3,121.2889,13615.1
2017-07-03,1.15,2.35,1.41,244.243,251.985,100.0865,465089.0,4.3,121.7641,13615.1
2017-07-04,1.15,2.35,1.41,244.243,251.985,100.0865,465089.0,4.3,121.7641,13615.1
2017-07-05,1.15,2.33,1.41,244.243,251.985,100.0865,465089.0,4.3,122.0035,13615.1
2017-07-06,1.15,2.37,1.4,244.243,251.985,100.0865,465089.0,4.3,121.7853,13615.1
2017-07-07,1.15,2.39,1.4,244.243,251.985,100.0865,465089.0,4.3,121.6759,13615.1
2017-07-08,1.15,2.39,1.4,244.243,251.985,100.0865,465089.0,4.3,121.6759,13615.1
2017-07-09,1.15,2.39,1.4,244.243,251.985,100.0865,465089.0,4.3,121.6759,13615.1
2017-07-10,1.15,2.38,1.4,244.243,251.985,100.0865,465089.0,4.3,121.5079,13615.1
2017-07-11,1.15,2.37,1.37,244.243,251.985,100.0865,465089.0,4.3,121.4875,13615.1
2017-07-12,1.15,2.33,1.35,244.243,251.985,100.0865,465089.0,4.3,120.8946,13615.1
2017-07-13,1.15,2.35,1.37,244.243,251.985,100.0865,465089.0,4.3,120.8369,13615.1
2017-07-14,1.15,2.33,1.35,244.243,251.985,100.0865,465089.0,4.3,120.1919,13615.1
2017-07-15,1.15,2.33,1.35,244.243,251.985,100.0865,465089.0,4.3,120.1919,13615.1
2017-07-16,1.15,2.33,1.35,244.243,251.985,100.0865,465089.0,4.3,120.1919,13615.1
2017-07-17,1.15,2.31,1.36,244.243,251.985,100.0865,465089.0,4.3,120.2104,13615.1
2017-07-18,1.15,2.27,1.36,244.243,251.985,100.0865,465089.0,4.3,119.6745,13615.1
2017-07-19,1.15,2.27,1.37,244.243,251.985,100.0865,465089.0,4.3,119.6818,13615.1
2017-07-20,1.15,2.27,1.37,244.243,251.985,100.0865,465089.0,4.3,119.498,13615.1
2017-07-21,1.15,2.24,1.36,244.243,251.985,100.0865,465089.0,4.3,119.4474,13615.1
2017-07-22,1.15,2.24,1.36,244.243,251.985,100.0865,465089.0,4.3,119.4474,13615.1
2017-07-23,1.15,2.24,1.36,244.243,251.985,100.0865,465089.0,4.3,119.4474,13615.1
2017-07-24,1.15,2.26,1.37,244.243,251.985,100.0865,465089.0,4.3,119.4485,13615.1
2017-07-25,1.15,2.33,1.4,244.243,251.985,100.0865,465089.0,4.3,119.5442,13615.1
2017-07-26,1.15,2.29,1.36,244.243,251.985,100.0865,465089.0,4.3,119.6445,13615.1
2017-07-27,1.15,2.32,1.36,244.243,251.985,100.0865,465089.0,4.3,119.45,13615.1
2017-07-28,1.15,2.3,1.34,244.243,251.985,100.0865,465089.0,4.3,119.1658,13615.1
2017-07-29,1.15,2.3,1.34,244.243,251.985,100.0865,465089.0,4.3,119.1658,13615.1
2017-07-30,1.15,2.3,1.34,244.243,251.985,100.0865,465089.0,4.3,119.1658,13615.1
2017-07-31,1.15,2.3,1.34,244.243,251.985,100.0865,465089.0,4.3,119.0543,13615.1
2017-08-01,1.16,2.26,1.34,245.183,252.535,99.6323,466020.0,4.4,119.0812,13674.3
2017-08-02,1.16,2.27,1.36,245.183,252.535,99.6323,466020.0,4.4,118.9931,13674.3
2017-08-03,1.16,2.24,1.34,245.183,252.535,99.6323,466020.0,4.4,119.0579,13674.3
2017-08-04,1.16,2.27,1.36,245.183,252.535,99.6323,466020.0,4.4,119.5022,13674.3
2017-08-05,1.16,2.27,1.36,245.183,252.535,99.6323,466020.0,4.4,119.5022,13674.3
2017-08-06,1.16,2.27,1.36,245.183,252.535,99.6323,466020.0,4.4,119.5022,13674.3
2017-08-07,1.16,2.26,1.36,245.183,252.535,99.6323,466020.0,4.4,119.5861,13674.3
2017-08-08,1.16,2.29,1.36,245.183,252.535,99.6323,466020.0,4.4,119.5783,13674.3
2017-08-09,1.16,2.24,1.33,245.183,252.535,99.6323,466020.0,4.4,119.5249,13674.3
2017-08-10,1.16,2.2,1.33,245.183,252.535,99.6323,466020.0,4.4,119.3104,13674.3
2017-08-11,1.16,2.19,1.3,245.183,252.535,99.6323,466020.0,4.4,119.1768,13674.3
2017-08-12,1.16,2.19,1.3,245.183,252.535,99.6323,466020.0,4.4,119.1768,13674.3
2017-08-13,1.16,2.19,1.3,245.183,252.535,99.6323,466020.0,4.4,119.1768,13674.3
2017-08-14,1.16,2.22,1.33,245.183,252.535,99.6323,466020.0,4.4,119.2278,13674.3
2017-08-15,1.16,2.27,1.35,245.183,252.535,99.6323,466020.0,4.4,119.6249,13674.3
2017-08-16,1.16,2.23,1.33,245.183,252.535,99.6323,466020.0,4.4,119.5863,13674.3
2017-08-17,1.16,2.19,1.32,245.183,252.535,99.6323,466020.0,4.4,119.2989,13674.3
2017-08-18,1.16,2.19,1.33,245.183,252.535,99.6323,466020.0,4.4,119.1631,13674.3
2017-08-19,1.16,2.19,1.33,245.183,252.535,99.6323,466020.0,4.4,119.1631,13674.3
2017-08-20,1.16,2.19,1.33,245.183,252.535,99.6323,466020.0,4.4,119.1631,13674.3
2017-08-21,1.16,2.18,1.32,245.183,252.535,99.6323,466020.0,4.4,118.846,13674.3
2017-08-22,1.16,2.22,1.33,245.183,252.535,99.6323,466020.0,4.4,118.9333,13674.3
2017-08-23,1.16,2.17,1.32,245.183,252.535,99.6323,466020.0,4.4,118.8936,13674.3
2017-08-24,1.16,2.19,1.33,245.183,252.535,99.6323,466020.0,4.4,118.8452,13674.3
2017-08-25,1.16,2.17,1.35,245.183,252.535,99.6323,466020.0,4.4,118.4109,13674.3
2017-08-26,1.16,2.17,1.35,245.183,252.535,99.6323,466020.0,4.4,118.4109,13674.3
2017-08-27,1.16,2.17,1.35,245.183,252.535,99.6323,466020.0,4.4,118.4109,13674.3
2017-08-28,1.16,2.16,1.33,245.183,252.535,99.6323,466020.0,4.4,118.215,13674.3
2017-08-29,1.16,2.13,1.33,245.183,252.535,99.6323,466020.0,4.4,118.1189,13674.3
2017-08-30,1.16,2.15,1.33,245.183,252.535,99.6323,466020.0,4.4,118.4163,13674.3
2017-08-31,1.16,2.12,1.33,245.183,252.535,99.6323,466020.0,4.4,118.3726,13674.3
2017-09-01,1.15,2.16,1.35,246.435,252.812,99.7482,475724.0,4.3,118.0239,13722.7
2017-09-02,1.15,2.16,1.35,246.435,252.812,99.7482,475724.0,4.3,118.0239,13722.7
2017-09-03,1.15,2.16,1.35,246.435,252.812,99.7482,475724.0,4.3,118.0239,13722.7
2017-09-04,1.15,2.16,1.35,246.435,252.812,99.7482,475724.0,4.3,118.0239,13722.7
2017-09-05,1.15,2.07,1.3,246.435,252.812,99.7482,475724.0,4.3,117.8253,13722.7
2017-09-06,1.15,2.1,1.3,246.435,252.812,99.7482,475724.0,4.3,117.4478,13722.7
2017-09-07,1.15,2.05,1.27,246.435,252.812,99.7482,475724.0,4.3,116.8156,13722.7
2017-09-08,1.15,2.06,1.27,246.435,252.812,99.7482,475724.0,4.3,116.7198,13722.7
2017-09-09,1.15,2.06,1.27,246.435,252.812,99.7482,475724.0,4.3,116.7198,13722.7
2017-09-10,1.15,2.06,1.27,246.435,252.812,99.7482,475724.0,4.3,116.7198,13722.7
2017-09-11,1.15,2.14,1.32,246.435,252.812,99.7482,475724.0,4.3,117.1151,13722.7
2017-09-12,1.15,2.17,1.33,246.435,252.812,99.7482,475724.0,4.3,117.3186,13722.7
2017-09-13,1.15,2.2,1.35,246.435,252.812,99.7482,475724.0,4.3,117.6628,13722.7
2017-09-14,1.15,2.2,1.37,246.435,252.812,99.7482,475724.0,4.3,117.6496,13722.7
2017-09-15,1.15,2.2,1.39,246.435,252.812,99.7482,475724.0,4.3,117.3644,13722.7
2017-09-16,1.15,2.2,1.39,246.435,252.812,99.7482,475724.0,4.3,117.3644,13722.7
2017-09-17,1.15,2.2,1.39,246.435,252.812,99.7482,475724.0,4.3,117.3644,13722.7
2017-09-18,1.15,2.23,1.4,246.435,252.812,99.7482,475724.0,4.3,117.7116,13722.7
2017-09-19,1.15,2.24,1.4,246.435,252.812,99.7482,475724.0,4.3,117.6988,13722.7
2017-09-20,1.15,2.28,1.45,246.435,252.812,99.7482,475724.0,4.3,117.5044,13722.7
2017-09-21,1.15,2.27,1.45,246.435,252.812,99.7482,475724.0,4.3,118.0249,13722.7
2017-09-22,1.15,2.26,1.46,246.435,252.812,99.7482,475724.0,4.3,117.8412,13722.7
2017-09-23,1.15,2.26,1.46,246.435,252.812,99.7482,475724.0,4.3,117.8412,13722.7
2017-09-24,1.15,2.26,1.46,246.435,252.812,99.7482,475724.0,4.3,117.8412,13722.7
2017-09-25,1.15,2.22,1.44,246.435,252.812,99.7482,475724.0,4.3,118.4539,13722.7
2017-09-26,1.15,2.24,1.45,246.435,252.812,99.7482,475724.0,4.3,118.9306,13722.7
2017-09-27,1.15,2.31,1.47,246.435,252.812,99.7482,475724.0,4.3,119.2453,13722.7
2017-09-28,1.15,2.31,1.45,246.435,252.812,99.7482,475724.0,4.3,119.4517,13722.7
2017-09-29,1.15,2.33,1.47,246.435,252.812,99.7482,475724.0,4.3,119.2721,13722.7
2017-09-30,1.15,2.33,1.47,246.435,252.812,99.7482,475724.0,4.3,119.2721,13722.7
2017-10-01,1.15,2.33,1.47,246.626,253.526,100.9893,476107.0,4.2,119.2721,13782.0
2017-10-02,1.15,2.34,1.49,246.626,253.526,100.9893,476107.0,4.2,119.5503,13782.0
2017-10-03,1.15,2.33,1.47,246.626,253.526,100.9893,476107.0,4.2,119.5045,13782.0
2017-10-04,1.15,2.33,1.47,246.626,253.526,100.9893,476107.0,4.2,119.4184,13782.0
2017-10-05,1.15,2.35,1.49,246.626,253.526,100.9893,476107.0,4.2,119.7341,13782.0
2017-10-06,1.15,2.37,1.54,246.626,253.526,100.9893,476107.0,4.2,119.9479,13782.0
2017-10-07,1.15,2.37,1.54,246.626,253.526,100.9893,476107.0,4.2,119.9479,13782.0
2017-10-08,1.15,2.37,1.54,246.626,253.526,100.9893,476107.0,4.2,119.9479,13782.0
2017-10-09,1.15,2.37,1.54,246.626,253.526,100.9893,476107.0,4.2,119.9479,13782.0
2017-10-10,1.15,2.35,1.51,246.626,253.526,100.9893,476107.0,4.2,119.37,13782.0
2017-10-11,1.15,2.35,1.51,246.626,253.526,100.9893,476107.0,4.2,119.3886,13782.0
2017-10-12,1.15,2.33,1.51,246.626,253.526,100.9893,476107.0,4.2,119.396,13782.0
2017-10-13,1.15,2.28,1.51,246.626,253.526,100.9893,476107.0,4.2,119.3511,13782.0
2017-10-14,1.15,2.28,1.51,246.626,253.526,100.9893,476107.0,4.2,119.3511,13782.0
2017-10-15,1.15,2.28,1.51,246.626,253.526,100.9893,476107.0,4.2,119.3511,13782.0
2017-10-16,1.15,2.3,1.54,246.626,253.526,100.9893,476107.0,4.2,119.6406,13782.0
2017-10-17,1.15,2.3,1.54,246.626,253.526,100.9893,476107.0,4.2,120.0415,13782.0
2017-10-18,1.15,2.34,1.59,246.626,253.526,100.9893,476107.0,4.2,119.8619,13782.0
2017-10-19,1.15,2.33,1.58,246.626,253.526,100.9893,476107.0,4.2,119.577,13782.0
2017-10-20,1.15,2.39,1.6,246.626,253.526,100.9893,476107.0,4.2,120.1686,13782.0
2017-10-21,1.15,2.39,1.6,246.626,253.526,100.9893,476107.0,4.2,120.1686,13782.0
2017-10-22,1.15,2.39,1.6,246.626,253.526,100.9893,476107.0,4.2,120.1686,13782.0
2017-10-23,1.15,2.38,1.58,246.626,253.526,100.9893,476107.0,4.2,120.3749,13782.0
2017-10-24,1.15,2.42,1.6,246.626,253.526,100.9893,476107.0,4.2,120.5508,13782.0
2017-10-25,1.15,2.44,1.61,246.626,253.526,100.9893,476107.0,4.2,120.5407,13782.0
2017-10-26,1.15,2.46,1.63,246.626,253.526,100.9893,476107.0,4.2,120.7827,13782.0
2017-10-27,1.15,2.42,1.59,246.626,253.526,100.9893,476107.0,4.2,121.3015,13782.0
2017-10-28,1.15,2.42,1.59,246.626,253.526,100.9893,476107.0,4.2,121.3015,13782.0
2017-10-29,1.15,2.42,1.59,246.626,253.526,100.9893,476107.0,4.2,121.3015,13782.0
2017-10-30,1.15,2.37,1.58,246.626,253.526,100.9893,476107.0,4.2,121.0627,13782.0
2017-10-31,1.15,2.38,1.6,246.626,253.526,100.9893,476107.0,4.2,120.9444,13782.0
2017-11-01,1.16,2.37,1.61,247.284,253.816,101.2493,480949.0,4.2,120.8867,13814.6
2017-11-02,1.16,2.35,1.61,247.284,253.816,101.2493,480949.0,4.2,120.6253,13814.6
2017-11-03,1.16,2.34,1.63,247.284,253.816,101.2493,480949.0,4.2,121.0757,13814.6
2017-11-04,1.16,2.34,1.63,247.284,253.816,101.2493,480949.0,4.2,121.0757,13814.6
2017-11-05,1.16,2.34,1.63,247.284,253.816,101.2493,480949.0,4.2,121.0757,13814.6
2017-11-06,1.16,2.32,1.61,247.284,253.816,101.2493,480949.0,4.2,120.8408,13814.6
2017-11-07,1.16,2.32,1.63,247.284,253.816,101.2493,480949.0,4.2,121.084,13814.6
2017-11-08,1.16,2.32,1.65,247.284,253.816,101.2493,480949.0,4.2,120.808,13814.6
2017-11-09,1.16,2.33,1.63,247.284,253.816,101.2493,480949.0,4.2,120.702,13814.6
2017-11-10,1.16,2.4,1.67,247.284,253.816,101.2493,480949.0,4.2,120.702,13814.6
2017-11-11,1.16,2.4,1.67,247.284,253.816,101.2493,480949.0,4.2,120.702,13814.6
2017-11-12,1.16,2.4,1.67,247.284,253.816,101.2493,480949.0,4.2,120.702,13814.6
2017-11-13,1.16,2.4,1.7,247.284,253.816,101.2493,480949.0,4.2,120.9177,13814.6
2017-11-14,1.16,2.38,1.68,247.284,253.816,101.2493,480949.0,4.2,120.6496,13814.6
2017-11-15,1.16,2.33,1.68,247.284,253.816,101.2493,480949.0,4.2,120.5898,13814.6
2017-11-16,1.16,2.37,1.72,247.284,253.816,101.2493,480949.0,4.2,120.3562,13814.6
2017-11-17,1.16,2.35,1.73,247.284,253.816,101.2493,480949.0,4.2,120.0765,13814.6
2017-11-18,1.16,2.35,1.73,247.284,253.816,101.2493,480949.0,4.2,120.0765,13814.6
2017-11-19,1.16,2.35,1.73,247.284,253.816,101.2493,480949.0,4.2,120.0765,13814.6
2017-11-20,1.16,2.37,1.77,247.284,253.816,101.2493,480949.0,4.2,120.3473,13814.6
2017-11-21,1.16,2.36,1.77,247.284,253.816,101.2493,480949.0,4.2,120.0523,13814.6
2017-11-22,1.16,2.32,1.74,247.284,253.816,101.2493,480949.0,4.2,119.5992,13814.6
2017-11-23,1.16,2.32,1.74,247.284,253.816,101.2493,480949.0,4.2,119.5992,13814.6
2017-11-24,1.16,2.34,1.75,247.284,253.816,101.2493,480949.0,4.2,119.0493,13814.6
2017-11-25,1.16,2.34,1.75,247.284,253.816,101.2493,480949.0,4.2,119.0493,13814.6
2017-11-26,1.16,2.34,1.75,247.284,253.816,101.2493,480949.0,4.2,119.0493,13814.6
2017-11-27,1.16,2.32,1.74,247.284,253.816,101.2493,480949.0,4.2,119.1349,13814.6
2017-11-28,1.16,2.34,1.75,247.284,253.816,101.2493,480949.0,4.2,119.3079,13814.6
2017-11-29,1.16,2.37,1.78,247.284,253.816,101.2493,480949.0,4.2,119.3605,13814.6
2017-11-30,1.16,2.42,1.78,247.284,253.816,101.2493,480949.0,4.2,119.5178,13814.6
2017-12-01,1.3,2.37,1.78,247.805,254.344,101.4871,483586.0,4.1,119.2166,13873.5
2017-12-02,1.3,2.37,1.78,247.805,254.344,101.4871,483586.0,4.1,119.2166,13873.5
2017-12-03,1.3,2.37,1.78,247.805,254.344,101.4871,483586.0,4.1,119.2166,13873.5
2017-12-04,1.3,2.37,1.8,247.805,254.344,101.4871,483586.0,4.1,119.4777,13873.5
2017-12-05,1.3,2.36,1.83,247.805,254.344,101.4871,483586.0,4.1,119.5711,13873.5
2017-12-06,1.3,2.33,1.78,247.805,254.344,101.4871,483586.0,4.1,119.9478,13873.5
2017-12-07,1.3,2.37,1.8,247.805,254.344,101.4871,483586.0,4.1,120.1026,13873.5
2017-12-08,1.3,2.38,1.8,247.805,254.344,101.4871,483586.0,4.1,120.3128,13873.5
2017-12-09,1.3,2.38,1.8,247.805,254.344,101.4871,483586.0,4.1,120.3128,13873.5
2017-12-10,1.3,2.38,1.8,247.805,254.344,101.4871,483586.0,4.1,120.3128,13873.5
2017-12-11,1.3,2.39,1.82,247.805,254.344,101.4871,483586.0,4.1,120.1665,13873.5
2017-12-12,1.3,2.4,1.83,247.805,254.344,101.4871,483586.0,4.1,120.6106,13873.5
2017-12-13,1.3,2.36,1.79,247.805,254.344,101.4871,483586.0,4.1,120.3551,13873.5
2017-12-14,1.3,2.35,1.82,247.805,254.344,101.4871,483586.0,4.1,120.1644,13873.5
2017-12-15,1.3,2.35,1.84,247.805,254.344,101.4871,483586.0,4.1,120.1886,13873.5
2017-12-16,1.3,2.35,1.84,247.805,254.344,101.4871,483586.0,4.1,120.1886,13873.5
2017-12-17,1.3,2.35,1.84,247.805,254.344,101.4871,483586.0,4.1,120.1886,13873.5
2017-12-18,1.3,2.39,1.84,247.805,254.344,101.4871,483586.0,4.1,119.9698,13873.5
2017-12-19,1.3,2.46,1.87,247.805,254.344,101.4871,483586.0,4.1,120.1876,13873.5
2017-12-20,1.3,2.49,1.87,247.805,254.344,101.4871,483586.0,4.1,119.8684,13873.5
2017-12-21,1.3,2.48,1.89,247.805,254.344,101.4871,483586.0,4.1,119.9287,13873.5
2017-12-22,1.3,2.48,1.91,247.805,254.344,101.4871,483586.0,4.1,120.1416,13873.5
2017-12-23,1.3,2.48,1.91,247.805,254.344,101.4871,483586.0,4.1,120.1416,13873.5
2017-12-24,1.3,2.48,1.91,247.805,254.344,101.4871,483586.0,4.1,120.1416,13873.5
2017-12-25,1.3,2.48,1.91,247.805,254.344,101.4871,483586.0,4.1,120.1416,13873.5
2017-12-26,1.3,2.47,1.92,247.805,254.344,101.4871,483586.0,4.1,119.9781,13873.5
2017-12-27,1.3,2.42,1.89,247.805,254.344,101.4871,483586.0,4.1,119.8821,13873.5
2017-12-28,1.3,2.43,1.91,247.805,254.344,101.4871,483586.0,4.1,119.5086,13873.5
2017-12-29,1.3,2.4,1.89,247.805,254.344,101.4871,483586.0,4.1,119.0471,13873.5
2017-12-30,1.3,2.4,1.89,247.805,254.344,101.4871,483586.0,4.1,119.0471,13873.5
2017-12-31,1.3,2.4,1.89,247.805,254.344,101.4871,483586.0,4.1,119.0471,13873.5
2018-01-01,1.41,2.4,1.89,248.859,255.204,101.4852,481414.0,4.0,119.0471,13882.9
2018-01-02,1.41,2.46,1.92,248.859,255.204,101.4852,481414.0,4.0,118.5803,13882.9
2018-01-03,1.41,2.44,1.94,248.859,255.204,101.4852,481414.0,4.0,118.6052,13882.9
2018-01-04,1.41,2.46,1.96,248.859,255.204,101.4852,481414.0,4.0,118.3948,13882.9
2018-01-05,1.41,2.47,1.96,248.859,255.204,101.4852,481414.0,4.0,118.268,13882.9
2018-01-06,1.41,2.47,1.96,248.859,255.204,101.4852,481414.0,4.0,118.268,13882.9
2018-01-07,1.41,2.47,1.96,248.859,255.204,101.4852,481414.0,4.0,118.268,13882.9
2018-01-08,1.41,2.49,1.96,248.859,255.204,101.4852,481414.0,4.0,118.503,13882.9
2018-01-09,1.41,2.55,1.98,248.859,255.204,101.4852,481414.0,4.0,118.8654,13882.9
2018-01-10,1.41,2.55,1.98,248.859,255.204,101.4852,481414.0,4.0,118.5504,13882.9
2018-01-11,1.41,2.54,1.98,248.859,255.204,101.4852,481414.0,4.0,118.3887,13882.9
2018-01-12,1.41,2.55,1.99,248.859,255.204,101.4852,481414.0,4.0,117.7672,13882.9
2018-01-13,1.41,2.55,1.99,248.859,255.204,101.4852,481414.0,4.0,117.7672,13882.9
2018-01-14,1.41,2.55,1.99,248.859,255.204,101.4852,481414.0,4.0,117.7672,13882.9
2018-01-15,1.41,2.55,1.99,248.859,255.204,101.4852,481414.0,4.0,117.7672,13882.9
2018-01-16,1.41,2.54,2.03,248.859,255.204,101.4852,481414.0,4.0,117.1712,13882.9
2018-01-17,1.41,2.57,2.05,248.859,255.204,101.4852,481414.0,4.0,117.0006,13882.9
2018-01-18,1.41,2.62,2.05,248.859,255.204,101.4852,481414.0,4.0,116.8991,13882.9
2018-01-19,1.41,2.64,2.06,248.859,255.204,101.4852,481414.0,4.0,116.7397,13882.9
2018-01-20,1.41,2.64,2.06,248.859,255.204,101.4852,481414.0,4.0,116.7397,13882.9
2018-01-21,1.41,2.64,2.06,248.859,255.204,101.4852,481414.0,4.0,116.7397,13882.9
2018-01-22,1.41,2.66,2.08,248.859,255.204,101.4852,481414.0,4.0,116.9237,13882.9
2018-01-23,1.41,2.63,2.06,248.859,255.204,101.4852,481414.0,4.0,116.813,13882.9
2018-01-24,1.41,2.65,2.08,248.859,255.204,101.4852,481414.0,4.0,115.8563,13882.9
2018-01-25,1.41,2.63,2.08,248.859,255.204,101.4852,481414.0,4.0,115.2149,13882.9
2018-01-26,1.41,2.66,2.13,248.859,255.204,101.4852,481414.0,4.0,115.3967,13882.9
2018-01-27,1.41,2.66,2.13,248.859,255.204,101.4852,481414.0,4.0,115.3967,13882.9
2018-01-28,1.41,2.66,2.13,248.859,255.204,101.4852,481414.0,4.0,115.3967,13882.9
2018-01-29,1.41,2.7,2.11,248.859,255.204,101.4852,481414.0,4.0,115.8373,13882.9
2018-01-30,1.41,2.73,2.13,248.859,255.204,101.4852,481414.0,4.0,115.8343,13882.9
2018-01-31,1.41,2.72,2.14,248.859,255.204,101.4852,481414.0,4.0,115.4529,13882.9
2018-02-01,1.42,2.78,2.16,249.529,255.711,101.7319,484031.0,4.1,115.1867,13919.0
2018-02-02,1.42,2.84,2.15,249.529,255.711,101.7319,484031.0,4.1,115.8271,13919.0
2018-02-03,1.42,2.84,2.15,249.529,255.711,101.7319,484031.0,4.1,115.8271,13919.0
2018-02-04,1.42,2.84,2.15,249.529,255.711,101.7319,484031.0,4.1,115.8271,13919.0
2018-02-05,1.42,2.77,2.08,249.529,255.711,101.7319,484031.0,4.1,117.0447,13919.0
2018-02-06,1.42,2.79,2.1,249.529,255.711,101.7319,484031.0,4.1,117.2092,13919.0
2018-02-07,1.42,2.84,2.15,249.529,255.711,101.7319,484031.0,4.1,117.7398,13919.0
2018-02-08,1.42,2.85,2.13,249.529,255.711,101.7319,484031.0,4.1,118.4378,13919.0
2018-02-09,1.42,2.83,2.05,249.529,255.711,101.7319,484031.0,4.1,118.3327,13919.0
2018-02-10,1.42,2.83,2.05,249.529,255.711,101.7319,484031.0,4.1,118.3327,13919.0
2018-02-11,1.42,2.83,2.05,249.529,255.711,101.7319,484031.0,4.1,118.3327,13919.0
2018-02-12,1.42,2.86,2.09,249.529,255.711,101.7319,484031.0,4.1,118.1318,13919.0
2018-02-13,1.42,2.83,2.1,249.529,255.711,101.7319,484031.0,4.1,117.8681,13919.0
2018-02-14,1.42,2.91,2.17,249.529,255.711,101.7319,484031.0,4.1,117.5674,13919.0
2018-02-15,1.42,2.9,2.19,249.529,255.711,101.7319,484031.0,4.1,117.0706,13919.0
2018-02-16,1.42,2.87,2.21,249.529,255.711,101.7319,484031.0,4.1,117.1116,13919.0
2018-02-17,1.42,2.87,2.21,249.529,255.711,101.7319,484031.0,4.1,117.1116,13919.0
2018-02-18,1.42,2.87,2.21,249.529,255.711,101.7319,484031.0,4.1,117.1116,13919.0
2018-02-19,1.42,2.87,2.21,249.529,255.711,101.7319,484031.0,4.1,117.1116,13919.0
2018-02-20,1.42,2.88,2.25,249.529,255.711,101.7319,484031.0,4.1,117.709,13919.0
2018-02-21,1.42,2.94,2.26,249.529,255.711,101.7319,484031.0,4.1,117.95,13919.0
2018-02-22,1.42,2.92,2.25,249.529,255.711,101.7319,484031.0,4.1,117.9866,13919.0
2018-02-23,1.42,2.88,2.25,249.529,255.711,101.7319,484031.0,4.1,117.7761,13919.0
2018-02-24,1.42,2.88,2.25,249.529,255.711,101.7319,484031.0,4.1,117.7761,13919.0
2018-02-25,1.42,2.88,2.25,249.529,255.711,101.7319,484031.0,4.1,117.7761,13919.0
2018-02-26,1.42,2.86,2.22,249.529,255.711,101.7319,484031.0,4.1,117.7844,13919.0
2018-02-27,1.42,2.9,2.27,249.529,255.711,101.7319,484031.0,4.1,118.252,13919.0
2018-02-28,1.42,2.87,2.25,249.529,255.711,101.7319,484031.0,4.1,118.4674,13919.0
2018-03-01,1.51,2.81,2.22,249.577,256.271,102.1943,484110.0,4.0,118.6877,13975.8
2018-03-02,1.51,2.86,2.25,249.577,256.271,102.1943,484110.0,4.0,118.6877,13975.8
2018-03-03,1.51,2.86,2.25,249.577,256.271,102.1943,484110.0,4.0,118.6877,13975.8
2018-03-04,1.51,2.86,2.25,249.577,256.271,102.1943,484110.0,4.0,118.6877,13975.8
2018-03-05,1.51,2.88,2.24,249.577,256.271,102.1943,484110.0,4.0,118.4939,13975.8
2018-03-06,1.51,2.88,2.25,249.577,256.271,102.1943,484110.0,4.0,117.8662,13975.8
2018-03-07,1.51,2.89,2.25,249.577,256.271,102.1943,484110.0,4.0,118.1871,13975.8
2018-03-08,1.51,2.86,2.25,249.577,256.271,102.1943,484110.0,4.0,118.4087,13975.8
2018-03-09,1.51,2.9,2.27,249.577,256.271,102.1943,484110.0,4.0,118.045,13975.8
2018-03-10,1.51,2.9,2.27,249.577,256.271,102.1943,484110.0,4.0,118.045,13975.8
2018-03-11,1.51,2.9,2.27,249.577,256.271,102.1943,484110.0,4.0,118.045,13975.8
2018-03-12,1.51,2.87,2.27,249.577,256.271,102.1943,484110.0,4.0,118.0677,13975.8
2018-03-13,1.51,2.84,2.26,249.577,256.271,102.1943,484110.0,4.0,117.8386,13975.8
2018-03-14,1.51,2.81,2.26,249.577,256.271,102.1943,484110.0,4.0,117.9499,13975.8
2018-03-15,1.51,2.82,2.29,249.577,256.271,102.1943,484110.0,4.0,118.3023,13975.8
2018-03-16,1.51,2.85,2.31,249.577,256.271,102.1943,484110.0,4.0,118.5386,13975.8
2018-03-17,1.51,2.85,2.31,249.577,256.271,102.1943,484110.0,4.0,118.5386,13975.8
2018-03-18,1.51,2.85,2.31,249.577,256.271,102.1943,484110.0,4.0,118.5386,13975.8
2018-03-19,1.51,2.85,2.31,249.577,256.271,102.1943,484110.0,4.0,118.4697,13975.8
2018-03-20,1.51,2.89,2.34,249.577,256.271,102.1943,484110.0,4.0,118.6531,13975.8
2018-03-21,1.51,2.89,2.31,249.577,256.271,102.1943,484110.0,4.0,118.6531,13975.8
2018-03-22,1.51,2.83,2.29,249.577,256.271,102.1943,484110.0,4.0,118.1591,13975.8
2018-03-23,1.51,2.82,2.28,249.577,256.271,102.1943,484110.0,4.0,117.8978,13975.8
2018-03-24,1.51,2.82,2.28,249.577,256.271,102.1943,484110.0,4.0,117.8978,13975.8
2018-03-25,1.51,2.82,2.28,249.577,256.271,102.1943,484110.0,4.0,117.8978,13975.8
2018-03-26,1.51,2.85,2.33,249.577,256.271,102.1943,484110.0,4.0,117.2848,13975.8
2018-03-27,1.51,2.78,2.26,249.577,256.271,102.1943,484110.0,4.0,117.4453,13975.8
2018-03-28,1.51,2.77,2.28,249.577,256.271,102.1943,484110.0,4.0,117.6919,13975.8
2018-03-29,1.51,2.74,2.27,249.577,256.271,102.1943,484110.0,4.0,117.7571,13975.8
2018-03-30,1.51,2.74,2.27,249.577,256.271,102.1943,484110.0,4.0,117.5476,13975.8
2018-03-31,1.51,2.74,2.27,249.577,256.271,102.1943,484110.0,4.0,117.5476,13975.8
2018-04-01,1.69,2.74,2.27,250.227,256.63,103.3551,484154.0,4.0,117.5476,13993.7
2018-04-02,1.69,2.73,2.25,250.227,256.63,103.3551,484154.0,4.0,117.7785,13993.7
2018-04-03,1.69,2.79,2.28,250.227,256.63,103.3551,484154.0,4.0,117.6617,13993.7
2018-04-04,1.69,2.79,2.28,250.227,256.63,103.3551,484154.0,4.0,117.7659,13993.7
2018-04-05,1.69,2.83,2.3,250.227,256.63,103.3551,484154.0,4.0,117.8583,13993.7
2018-04-06,1.69,2.77,2.27,250.227,256.63,103.3551,484154.0,4.0,117.9479,13993.7
2018-04-07,1.69,2.77,2.27,250.227,256.63,103.3551,484154.0,4.0,117.9479,13993.7
2018-04-08,1.69,2.77,2.27,250.227,256.63,103.3551,484154.0,4.0,117.9479,13993.7
2018-04-09,1.69,2.78,2.29,250.227,256.63,103.3551,484154.0,4.0,117.7151,13993.7
2018-04-10,1.69,2.8,2.32,250.227,256.63,103.3551,484154.0,4.0,117.5436,13993.7
2018-04-11,1.69,2.79,2.32,250.227,256.63,103.3551,484154.0,4.0,117.2751,13993.7
2018-04-12,1.69,2.83,2.34,250.227,256.63,103.3551,484154.0,4.0,117.484,13993.7
2018-04-13,1.69,2.82,2.37,250.227,256.63,103.3551,484154.0,4.0,117.4133,13993.7
2018-04-14,1.69,2.82,2.37,250.227,256.63,103.3551,484154.0,4.0,117.4133,13993.7
2018-04-15,1.69,2.82,2.37,250.227,256.63,103.3551,484154.0,4.0,117.4133,13993.7
2018-04-16,1.69,2.83,2.39,250.227,256.63,103.3551,484154.0,4.0,117.2731,13993.7
2018-04-17,1.69,2.82,2.41,250.227,256.63,103.3551,484154.0,4.0,117.2452,13993.7
2018-04-18,1.69,2.87,2.42,250.227,256.63,103.3551,484154.0,4.0,117.2913,13993.7
2018-04-19,1.69,2.92,2.44,250.227,256.63,103.3551,484154.0,4.0,117.7163,13993.7
2018-04-20,1.69,2.96,2.46,250.227,256.63,103.3551,484154.0,4.0,118.3993,13993.7
2018-04-21,1.69,2.96,2.46,250.227,256.63,103.3551,484154.0,4.0,118.3993,13993.7
2018-04-22,1.69,2.96,2.46,250.227,256.63,103.3551,484154.0,4.0,118.3993,13993.7
2018-04-23,1.69,2.98,2.49,250.227,256.63,103.3551,484154.0,4.0,119.226,13993.7
2018-04-24,1.69,3.0,2.48,250.227,256.63,103.3551,484154.0,4.0,119.0615,13993.7
2018-04-25,1.69,3.03,2.49,250.227,256.63,103.3551,484154.0,4.0,119.6656,13993.7
2018-04-26,1.69,3.0,2.49,250.227,256.63,103.3551,484154.0,4.0,119.6924,13993.7
2018-04-27,1.69,2.96,2.49,250.227,256.63,103.3551,484154.0,4.0,119.4572,13993.7
2018-04-28,1.69,2.96,2.49,250.227,256.63,103.3551,484154.0,4.0,119.4572,13993.7
2018-04-29,1.69,2.96,2.49,250.227,256.63,103.3551,484154.0,4.0,119.4572,13993.7
2018-04-30,1.69,2.95,2.49,250.227,256.63,103.3551,484154.0,4.0,119.6435,13993.7
2018-05-01,1.7,2.97,2.5,250.792,257.145,102.381,491960.0,3.8,120.0488,14049.4
2018-05-02,1.7,2.97,2.49,250.792,257.145,102.381,491960.0,3.8,120.5326,14049.4
2018-05-03,1.7,2.94,2.49,250.792,257.145,102.381,491960.0,3.8,120.5187,14049.4
2018-05-04,1.7,2.95,2.51,250.792,257.145,102.381,491960.0,3.8,120.5874,14049.4
2018-05-05,1.7,2.95,2.51,250.792,257.145,102.381,491960.0,3.8,120.5874,14049.4
2018-05-06,1.7,2.95,2.51,250.792,257.145,102.381,491960.0,3.8,120.5874,14049.4
2018-05-07,1.7,2.95,2.49,250.792,257.145,102.381,491960.0,3.8,120.9468,14049.4
2018-05-08,1.7,2.97,2.51,250.792,257.145,102.381,491960.0,3.8,121.4435,14049.4
2018-05-09,1.7,3.0,2.54,250.792,257.145,102.381,491960.0,3.8,121.2599,14049.4
2018-05-10,1.7,2.97,2.54,250.792,257.145,102.381,491960.0,3.8,120.7179,14049.4
2018-05-11,1.7,2.97,2.54,250.792,257.145,102.381,491960.0,3.8,120.5902,14049.4
2018-05-12,1.7,2.97,2.54,250.792,257.145,102.381,491960.0,3.8,120.5902,14049.4
2018-05-13,1.7,2.97,2.54,250.792,257.145,102.381,491960.0,3.8,120.5902,14049.4
2018-05-14,1.7,3.0,2.55,250.792,257.145,102.381,491960.0,3.8,120.7367,14049.4
2018-05-15,1.7,3.08,2.58,250.792,257.145,102.381,491960.0,3.8,121.6247,14049.4
2018-05-16,1.7,3.09,2.58,250.792,257.145,102.381,491960.0,3.8,121.6937,14049.4
2018-05-17,1.7,3.11,2.57,250.792,257.145,102.381,491960.0,3.8,121.7543,14049.4
2018-05-18,1.7,3.06,2.55,250.792,257.145,102.381,491960.0,3.8,122.1372,14049.4
2018-05-19,1.7,3.06,2.55,250.792,257.145,102.381,491960.0,3.8,122.1372,14049.4
2018-05-20,1.7,3.06,2.55,250.792,257.145,102.381,491960.0,3.8,122.1372,14049.4
2018-05-21,1.7,3.06,2.58,250.792,257.145,102.381,491960.0,3.8,122.0788,14049.4
2018-05-22,1.7,3.06,2.59,250.792,257.145,102.381,491960.0,3.8,121.5904,14049.4
2018-05-23,1.7,3.01,2.53,250.792,257.145,102.381,491960.0,3.8,122.1076,14049.4
2018-05-24,1.7,2.98,2.5,250.792,257.145,102.381,491960.0,3.8,121.8872,14049.4
2018-05-25,1.7,2.93,2.48,250.792,257.145,102.381,491960.0,3.8,121.9869,14049.4
2018-05-26,1.7,2.93,2.48,250.792,257.145,102.381,491960.0,3.8,121.9869,14049.4
2018-05-27,1.7,2.93,2.48,250.792,257.145,102.381,491960.0,3.8,121.9869,14049.4
2018-05-28,1.7,2.93,2.48,250.792,257.145,102.381,491960.0,3.8,121.9869,14049.4
2018-05-29,1.7,2.77,2.32,250.792,257.145,102.381,491960.0,3.8,122.6587,14049.4
2018-05-30,1.7,2.84,2.42,250.792,257.145,102.381,491960.0,3.8,122.1239,14049.4
2018-05-31,1.7,2.83,2.4,250.792,257.145,102.381,491960.0,3.8,122.4385,14049.4
2018-06-01,1.82,2.89,2.47,251.018,257.399,103.2256,490228.0,4.0,122.288,14109.7
2018-06-02,1.82,2.89,2.47,251.018,257.399,103.2256,490228.0,4.0,122.288,14109.7
2018-06-03,1.82,2.89,2.47,251.018,257.399,103.2256,490228.0,4.0,122.288,14109.7
2018-06-04,1.82,2.94,2.52,251.018,257.399,103.2256,490228.0,4.0,122.2627,14109.7
2018-06-05,1.82,2.92,2.49,251.018,257.399,103.2256,490228.0,4.0,122.7177,14109.7
2018-06-06,1.82,2.97,2.52,251.018,257.399,103.2256,490228.0,4.0,122.1857,14109.7
2018-06-07,1.82,2.93,2.5,251.018,257.399,103.2256,490228.0,4.0,122.5276,14109.7
2018-06-08,1.82,2.93,2.5,251.018,257.399,103.2256,490228.0,4.0,122.5787,14109.7
2018-06-09,1.82,2.93,2.5,251.018,257.399,103.2256,490228.0,4.0,122.5787,14109.7
2018-06-10,1.82,2.93,2.5,251.018,257.399,103.2256,490228.0,4.0,122.5787,14109.7
2018-06-11,1.82,2.96,2.52,251.018,257.399,103.2256,490228.0,4.0,122.5841,14109.7
2018-06-12,1.82,2.96,2.54,251.018,257.399,103.2256,490228.0,4.0,122.6992,14109.7
2018-06-13,1.82,2.98,2.59,251.018,257.399,103.2256,490228.0,4.0,122.7362,14109.7
2018-06-14,1.82,2.94,2.59,251.018,257.399,103.2256,490228.0,4.0,123.3362,14109.7
2018-06-15,1.82,2.93,2.55,251.018,257.399,103.2256,490228.0,4.0,123.8937,14109.7
2018-06-16,1.82,2.93,2.55,251.018,257.399,103.2256,490228.0,4.0,123.8937,14109.7
2018-06-17,1.82,2.93,2.55,251.018,257.399,103.2256,490228.0,4.0,123.8937,14109.7
2018-06-18,1.82,2.92,2.56,251.018,257.399,103.2256,490228.0,4.0,124.0451,14109.7
2018-06-19,1.82,2.89,2.54,251.018,257.399,103.2256,490228.0,4.0,124.2425,14109.7
2018-06-20,1.82,2.93,2.56,251.018,257.399,103.2256,490228.0,4.0,124.0655,14109.7
2018-06-21,1.82,2.9,2.56,251.018,257.399,103.2256,490228.0,4.0,124.2438,14109.7
2018-06-22,1.82,2.9,2.56,251.018,257.399,103.2256,490228.0,4.0,123.9419,14109.7
2018-06-23,1.82,2.9,2.56,251.018,257.399,103.2256,490228.0,4.0,123.9419,14109.7
2018-06-24,1.82,2.9,2.56,251.018,257.399,103.2256,490228.0,4.0,123.9419,14109.7
2018-06-25,1.82,2.87,2.54,251.018,257.399,103.2256,490228.0,4.0,124.0071,14109.7
2018-06-26,1.82,2.88,2.53,251.018,257.399,103.2256,490228.0,4.0,124.0701,14109.7
2018-06-27,1.82,2.83,2.52,251.018,257.399,103.2256,490228.0,4.0,124.6998,14109.7
2018-06-28,1.82,2.84,2.52,251.018,257.399,103.2256,490228.0,4.0,124.6752,14109.7
2018-06-29,1.82,2.85,2.52,251.018,257.399,103.2256,490228.0,4.0,124.0902,14109.7
2018-06-30,1.82,2.85,2.52,251.018,257.399,103.2256,490228.0,4.0,124.0902,14109.7
2018-07-01,1.91,2.85,2.52,251.214,257.699,103.3561,493142.0,3.8,124.0902,14143.9
2018-07-02,1.91,2.87,2.57,251.214,257.699,103.3561,493142.0,3.8,125.115,14143.9
2018-07-03,1.91,2.83,2.53,251.214,257.699,103.3561,493142.0,3.8,124.2052,14143.9
2018-07-04,1.91,2.83,2.53,251.214,257.699,103.3561,493142.0,3.8,124.2052,14143.9
2018-07-05,1.91,2.84,2.55,251.214,257.699,103.3561,493142.0,3.8,123.8557,14143.9
2018-07-06,1.91,2.82,2.53,251.214,257.699,103.3561,493142.0,3.8,123.5223,14143.9
2018-07-07,1.91,2.82,2.53,251.214,257.699,103.3561,493142.0,3.8,123.5223,14143.9
2018-07-08,1.91,2.82,2.53,251.214,257.699,103.3561,493142.0,3.8,123.5223,14143.9
2018-07-09,1.91,2.86,2.57,251.214,257.699,103.3561,493142.0,3.8,123.4684,14143.9
2018-07-10,1.91,2.87,2.59,251.214,257.699,103.3561,493142.0,3.8,123.4375,14143.9
2018-07-11,1.91,2.85,2.58,251.214,257.699,103.3561,493142.0,3.8,123.8013,14143.9
2018-07-12,1.91,2.85,2.6,251.214,257.699,103.3561,493142.0,3.8,123.697,14143.9
2018-07-13,1.91,2.83,2.59,251.214,257.699,103.3561,493142.0,3.8,124.0447,14143.9
2018-07-14,1.91,2.83,2.59,251.214,257.699,103.3561,493142.0,3.8,124.0447,14143.9
2018-07-15,1.91,2.83,2.59,251.214,257.699,103.3561,493142.0,3.8,124.0447,14143.9
2018-07-16,1.91,2.85,2.59,251.214,257.699,103.3561,493142.0,3.8,123.8055,14143.9
2018-07-17,1.91,2.86,2.62,251.214,257.699,103.3561,493142.0,3.8,124.129,14143.9
2018-07-18,1.91,2.88,2.6,251.214,257.699,103.3561,493142.0,3.8,124.331,14143.9
2018-07-19,1.91,2.84,2.6,251.214,257.699,103.3561,493142.0,3.8,125.0268,14143.9
2018-07-20,1.91,2.89,2.6,251.214,257.699,103.3561,493142.0,3.8,124.3986,14143.9
2018-07-21,1.91,2.89,2.6,251.214,257.699,103.3561,493142.0,3.8,124.3986,14143.9
2018-07-22,1.91,2.89,2.6,251.214,257.699,103.3561,493142.0,3.8,124.3986,14143.9
2018-07-23,1.91,2.96,2.64,251.214,257.699,103.3561,493142.0,3.8,124.5591,14143.9
2018-07-24,1.91,2.95,2.63,251.214,257.699,103.3561,493142.0,3.8,124.3202,14143.9
2018-07-25,1.91,2.94,2.66,251.214,257.699,103.3561,493142.0,3.8,123.9892,14143.9
2018-07-26,1.91,2.98,2.69,251.214,257.699,103.3561,493142.0,3.8,124.0102,14143.9
2018-07-27,1.91,2.96,2.67,251.214,257.699,103.3561,493142.0,3.8,123.9187,14143.9
2018-07-28,1.91,2.96,2.67,251.214,257.699,103.3561,493142.0,3.8,123.9187,14143.9
2018-07-29,1.91,2.96,2.67,251.214,257.699,103.3561,493142.0,3.8,123.9187,14143.9
2018-07-30,1.91,2.98,2.66,251.214,257.699,103.3561,493142.0,3.8,123.74,14143.9
2018-07-31,1.91,2.96,2.67,251.214,257.699,103.3561,493142.0,3.8,123.8624,14143.9
2018-08-01,1.91,3.0,2.67,251.663,257.891,104.0585,493445.0,3.8,124.0491,14193.6
2018-08-02,1.91,2.98,2.66,251.663,257.891,104.0585,493445.0,3.8,124.3622,14193.6
2018-08-03,1.91,2.95,2.63,251.663,257.891,104.0585,493445.0,3.8,124.184,14193.6
2018-08-04,1.91,2.95,2.63,251.663,257.891,104.0585,493445.0,3.8,124.184,14193.6
2018-08-05,1.91,2.95,2.63,251.663,257.891,104.0585,493445.0,3.8,124.184,14193.6
2018-08-06,1.91,2.94,2.64,251.663,257.891,104.0585,493445.0,3.8,124.4571,14193.6
2018-08-07,1.91,2.98,2.68,251.663,257.891,104.0585,493445.0,3.8,124.158,14193.6
2018-08-08,1.91,2.96,2.68,251.663,257.891,104.0585,493445.0,3.8,124.3422,14193.6
2018-08-09,1.91,2.93,2.64,251.663,257.891,104.0585,493445.0,3.8,124.5806,14193.6
2018-08-10,1.91,2.87,2.61,251.663,257.891,104.0585,493445.0,3.8,125.5571,14193.6
2018-08-11,1.91,2.87,2.61,251.663,257.891,104.0585,493445.0,3.8,125.5571,14193.6
2018-08-12,1.91,2.87,2.61,251.663,257.891,104.0585,493445.0,3.8,125.5571,14193.6
2018-08-13,1.91,2.88,2.61,251.663,257.891,104.0585,493445.0,3.8,126.2071,14193.6
2018-08-14,1.91,2.89,2.63,251.663,257.891,104.0585,493445.0,3.8,125.9784,14193.6
2018-08-15,1.91,2.86,2.61,251.663,257.891,104.0585,493445.0,3.8,126.5585,14193.6
2018-08-16,1.91,2.87,2.63,251.663,257.891,104.0585,493445.0,3.8,125.9545,14193.6
2018-08-17,1.91,2.87,2.61,251.663,257.891,104.0585,493445.0,3.8,125.8486,14193.6
2018-08-18,1.91,2.87,2.61,251.663,257.891,104.0585,493445.0,3.8,125.8486,14193.6
2018-08-19,1.91,2.87,2.61,251.663,257.891,104.0585,493445.0,3.8,125.8486,14193.6
2018-08-20,1.91,2.82,2.6,251.663,257.891,104.0585,493445.0,3.8,125.6364,14193.6
2018-08-21,1.91,2.85,2.61,251.663,257.891,104.0585,493445.0,3.8,125.739,14193.6
2018-08-22,1.91,2.82,2.6,251.663,257.891,104.0585,493445.0,3.8,125.549,14193.6
2018-08-23,1.91,2.82,2.61,251.663,257.891,104.0585,493445.0,3.8,126.0393,14193.6
2018-08-24,1.91,2.82,2.63,251.663,257.891,104.0585,493445.0,3.8,125.4264,14193.6
2018-08-25,1.91,2.82,2.63,251.663,257.891,104.0585,493445.0,3.8,125.4264,14193.6
2018-08-26,1.91,2.82,2.63,251.663,257.891,104.0585,493445.0,3.8,125.4264,14193.6
2018-08-27,1.91,2.85,2.67,251.663,257.891,104.0585,493445.0,3.8,125.1053,14193.6
2018-08-28,1.91,2.88,2.67,251.663,257.891,104.0585,493445.0,3.8,125.1792,14193.6
2018-08-29,1.91,2.89,2.67,251.663,257.891,104.0585,493445.0,3.8,125.5459,14193.6
2018-08-30,1.91,2.86,2.64,251.663,257.891,104.0585,493445.0,3.8,126.0355,14193.6
2018-08-31,1.91,2.86,2.62,251.663,257.891,104.0585,493445.0,3.8,126.1898,14193.6
2018-09-01,1.95,2.86,2.62,252.182,258.368,104.1038,491507.0,3.7,126.1898,14229.1
2018-09-02,1.95,2.86,2.62,252.182,258.368,104.1038,491507.0,3.7,126.1898,14229.1
2018-09-03,1.95,2.86,2.62,252.182,258.368,104.1038,491507.0,3.7,126.1898,14229.1
2018-09-04,1.95,2.9,2.66,252.182,258.368,104.1038,491507.0,3.7,126.7975,14229.1
2018-09-05,1.95,2.9,2.66,252.182,258.368,104.1038,491507.0,3.7,126.6803,14229.1
2018-09-06,1.95,2.88,2.64,252.182,258.368,104.1038,491507.0,3.7,126.5885,14229.1
2018-09-07,1.95,2.94,2.71,252.182,258.368,104.1038,491507.0,3.7,126.5362,14229.1
2018-09-08,1.95,2.94,2.71,252.182,258.368,104.1038,491507.0,3.7,126.5362,14229.1
2018-09-09,1.95,2.94,2.71,252.182,258.368,104.1038,491507.0,3.7,126.5362,14229.1
2018-09-10,1.95,2.94,2.73,252.182,258.368,104.1038,491507.0,3.7,126.6735,14229.1
2018-09-11,1.95,2.98,2.76,252.182,258.368,104.1038,491507.0,3.7,126.7097,14229.1
2018-09-12,1.95,2.97,2.74,252.182,258.368,104.1038,491507.0,3.7,126.1974,14229.1
2018-09-13,1.95,2.97,2.76,252.182,258.368,104.1038,491507.0,3.7,125.8869,14229.1
2018-09-14,1.95,2.99,2.78,252.182,258.368,104.1038,491507.0,3.7,126.0604,14229.1
2018-09-15,1.95,2.99,2.78,252.182,258.368,104.1038,491507.0,3.7,126.0604,14229.1
2018-09-16,1.95,2.99,2.78,252.182,258.368,104.1038,491507.0,3.7,126.0604,14229.1
2018-09-17,1.95,2.99,2.78,252.182,258.368,104.1038,491507.0,3.7,125.8909,14229.1
2018-09-18,1.95,3.05,2.81,252.182,258.368,104.1038,491507.0,3.7,125.7447,14229.1
2018-09-19,1.95,3.08,2.81,252.182,258.368,104.1038,491507.0,3.7,125.6036,14229.1
2018-09-20,1.95,3.07,2.81,252.182,258.368,104.1038,491507.0,3.7,125.4496,14229.1
2018-09-21,1.95,3.07,2.81,252.182,258.368,104.1038,491507.0,3.7,125.4405,14229.1
2018-09-22,1.95,3.07,2.81,252.182,258.368,104.1038,491507.0,3.7,125.4405,14229.1
2018-09-23,1.95,3.07,2.81,252.182,258.368,104.1038,491507.0,3.7,125.4405,14229.1
2018-09-24,1.95,3.08,2.83,252.182,258.368,104.1038,491507.0,3.7,125.4706,14229.1
2018-09-25,1.95,3.1,2.83,252.182,258.368,104.1038,491507.0,3.7,125.6824,14229.1
2018-09-26,1.95,3.06,2.83,252.182,258.368,104.1038,491507.0,3.7,125.6497,14229.1
2018-09-27,1.95,3.06,2.83,252.182,258.368,104.1038,491507.0,3.7,125.9495,14229.1
2018-09-28,1.95,3.05,2.81,252.182,258.368,104.1038,491507.0,3.7,125.7435,14229.1
2018-09-29,1.95,3.05,2.81,252.182,258.368,104.1038,491507.0,3.7,125.7435,14229.1
2018-09-30,1.95,3.05,2.81,252.182,258.368,104.1038,491507.0,3.7,125.7435,14229.1
2018-10-01,2.19,3.09,2.82,252.772,258.917,103.9297,496416.0,3.8,125.7557,14241.1
2018-10-02,2.19,3.05,2.82,252.772,258.917,103.9297,496416.0,3.8,125.8272,14241.1
2018-10-03,2.19,3.15,2.85,252.772,258.917,103.9297,496416.0,3.8,126.1101,14241.1
2018-10-04,2.19,3.19,2.87,252.772,258.917,103.9297,496416.0,3.8,126.6826,14241.1
2018-10-05,2.19,3.23,2.88,252.772,258.917,103.9297,496416.0,3.8,126.5577,14241.1
2018-10-06,2.19,3.23,2.88,252.772,258.917,103.9297,496416.0,3.8,126.5577,14241.1
2018-10-07,2.19,3.23,2.88,252.772,258.917,103.9297,496416.0,3.8,126.5577,14241.1
2018-10-08,2.19,3.23,2.88,252.772,258.917,103.9297,496416.0,3.8,126.5577,14241.1
2018-10-09,2.19,3.21,2.88,252.772,258.917,103.9297,496416.0,3.8,126.7269,14241.1
2018-10-10,2.19,3.22,2.88,252.772,258.917,103.9297,496416.0,3.8,126.6941,14241.1
2018-10-11,2.19,3.14,2.85,252.772,258.917,103.9297,496416.0,3.8,126.4244,14241.1
2018-10-12,2.19,3.15,2.85,252.772,258.917,103.9297,496416.0,3.8,126.4103,14241.1
2018-10-13,2.19,3.15,2.85,252.772,258.917,103.9297,496416.0,3.8,126.4103,14241.1
2018-10-14,2.19,3.15,2.85,252.772,258.917,103.9297,496416.0,3.8,126.4103,14241.1
2018-10-15,2.19,3.16,2.85,252.772,258.917,103.9297,496416.0,3.8,126.0664,14241.1
2018-10-16,2.19,3.16,2.87,252.772,258.917,103.9297,496416.0,3.8,125.9068,14241.1
2018-10-17,2.19,3.19,2.89,252.772,258.917,103.9297,496416.0,3.8,126.2,14241.1
2018-10-18,2.19,3.17,2.87,252.772,258.917,103.9297,496416.0,3.8,126.8851,14241.1
2018-10-19,2.19,3.2,2.92,252.772,258.917,103.9297,496416.0,3.8,126.9082,14241.1
2018-10-20,2.19,3.2,2.92,252.772,258.917,103.9297,496416.0,3.8,126.9082,14241.1
2018-10-21,2.19,3.2,2.92,252.772,258.917,103.9297,496416.0,3.8,126.9082,14241.1
2018-10-22,2.19,3.2,2.92,252.772,258.917,103.9297,496416.0,3.8,127.2528,14241.1
2018-10-23,2.19,3.17,2.89,252.772,258.917,103.9297,496416.0,3.8,127.2405,14241.1
2018-10-24,2.19,3.1,2.84,252.772,258.917,103.9297,496416.0,3.8,127.4632,14241.1
2018-10-25,2.19,3.14,2.86,252.772,258.917,103.9297,496416.0,3.8,127.5598,14241.1
2018-10-26,2.19,3.08,2.81,252.772,258.917,103.9297,496416.0,3.8,127.5457,14241.1
2018-10-27,2.19,3.08,2.81,252.772,258.917,103.9297,496416.0,3.8,127.5457,14241.1
2018-10-28,2.19,3.08,2.81,252.772,258.917,103.9297,496416.0,3.8,127.5457,14241.1
2018-10-29,2.19,3.08,2.81,252.772,258.917,103.9297,496416.0,3.8,128.0132,14241.1
2018-10-30,2.19,3.12,2.84,252.772,258.917,103.9297,496416.0,3.8,128.3623,14241.1
2018-10-31,2.19,3.15,2.87,252.772,258.917,103.9297,496416.0,3.8,128.681,14241.1
2018-11-01,2.2,3.14,2.84,252.594,259.439,104.0126,498854.0,3.8,127.9457,14260.5
2018-11-02,2.2,3.22,2.91,252.594,259.439,104.0126,498854.0,3.8,127.6676,14260.5
2018-11-03,2.2,3.22,2.91,252.594,259.439,104.0126,498854.0,3.8,127.6676,14260.5
2018-11-04,2.2,3.22,2.91,252.594,259.439,104.0126,498854.0,3.8,127.6676,14260.5
2018-11-05,2.2,3.2,2.91,252.594,259.439,104.0126,498854.0,3.8,127.7882,14260.5
2018-11-06,2.2,3.22,2.93,252.594,259.439,104.0126,498854.0,3.8,127.6388,14260.5
2018-11-07,2.2,3.22,2.96,252.594,259.439,104.0126,498854.0,3.8,127.3236,14260.5
2018-11-08,2.2,3.24,2.98,252.594,259.439,104.0126,498854.0,3.8,127.7589,14260.5
2018-11-09,2.2,3.19,2.94,252.594,259.439,104.0126,498854.0,3.8,128.6471,14260.5
2018-11-10,2.2,3.19,2.94,252.594,259.439,104.0126,498854.0,3.8,128.6471,14260.5
2018-11-11,2.2,3.19,2.94,252.594,259.439,104.0126,498854.0,3.8,128.6471,14260.5
2018-11-12,2.2,3.19,2.94,252.594,259.439,104.0126,498854.0,3.8,128.6471,14260.5
2018-11-13,2.2,3.14,2.89,252.594,259.439,104.0126,498854.0,3.8,128.8618,14260.5
2018-11-14,2.2,3.12,2.86,252.594,259.439,104.0126,498854.0,3.8,128.6656,14260.5
2018-11-15,2.2,3.11,2.86,252.594,259.439,104.0126,498854.0,3.8,128.4857,14260.5
2018-11-16,2.2,3.08,2.81,252.594,259.439,104.0126,498854.0,3.8,128.0171,14260.5
2018-11-17,2.2,3.08,2.81,252.594,259.439,104.0126,498854.0,3.8,128.0171,14260.5
2018-11-18,2.2,3.08,2.81,252.594,259.439,104.0126,498854.0,3.8,128.0171,14260.5
2018-11-19,2.2,3.06,2.79,252.594,259.439,104.0126,498854.0,3.8,128.1014,14260.5
2018-11-20,2.2,3.06,2.79,252.594,259.439,104.0126,498854.0,3.8,128.3703,14260.5
2018-11-21,2.2,3.06,2.81,252.594,259.439,104.0126,498854.0,3.8,128.1826,14260.5
2018-11-22,2.2,3.06,2.81,252.594,259.439,104.0126,498854.0,3.8,128.1826,14260.5
2018-11-23,2.2,3.05,2.81,252.594,259.439,104.0126,498854.0,3.8,128.6386,14260.5
2018-11-24,2.2,3.05,2.81,252.594,259.439,104.0126,498854.0,3.8,128.6386,14260.5
2018-11-25,2.2,3.05,2.81,252.594,259.439,104.0126,498854.0,3.8,128.6386,14260.5
2018-11-26,2.2,3.07,2.84,252.594,259.439,104.0126,498854.0,3.8,128.7956,14260.5
2018-11-27,2.2,3.06,2.83,252.594,259.439,104.0126,498854.0,3.8,129.0857,14260.5
2018-11-28,2.2,3.06,2.81,252.594,259.439,104.0126,498854.0,3.8,129.0293,14260.5
2018-11-29,2.2,3.03,2.81,252.594,259.439,104.0126,498854.0,3.8,128.3571,14260.5
2018-11-30,2.2,3.01,2.8,252.594,259.439,104.0126,498854.0,3.8,128.6004,14260.5
2018-12-01,2.27,3.01,2.8,252.767,260.063,104.0451,489113.0,3.9,128.6004,14382.3
2018-12-02,2.27,3.01,2.8,252.767,260.063,104.0451,489113.0,3.9,128.6004,14382.3
2018-12-03,2.27,2.98,2.83,252.767,260.063,104.0451,489113.0,3.9,128.0623,14382.3
2018-12-04,2.27,2.91,2.8,252.767,260.063,104.0451,489113.0,3.9,128.1072,14382.3
2018-12-05,2.27,2.91,2.8,252.767,260.063,104.0451,489113.0,3.9,128.1072,14382.3
2018-12-06,2.27,2.87,2.75,252.767,260.063,104.0451,489113.0,3.9,128.6261,14382.3
2018-12-07,2.27,2.85,2.72,252.767,260.063,104.0451,489113.0,3.9,128.2899,14382.3
2018-12-08,2.27,2.85,2.72,252.767,260.063,104.0451,489113.0,3.9,128.2899,14382.3
2018-12-09,2.27,2.85,2.72,252.767,260.063,104.0451,489113.0,3.9,128.2899,14382.3
2018-12-10,2.27,2.85,2.72,252.767,260.063,104.0451,489113.0,3.9,128.9331,14382.3
2018-12-11,2.27,2.89,2.78,252.767,260.063,104.0451,489113.0,3.9,129.0316,14382.3
2018-12-12,2.27,2.91,2.77,252.767,260.063,104.0451,489113.0,3.9,128.4774,14382.3
2018-12-13,2.27,2.91,2.75,252.767,260.063,104.0451,489113.0,3.9,128.6938,14382.3
2018-12-14,2.27,2.89,2.73,252.767,260.063,104.0451,489113.0,3.9,129.1264,14382.3
2018-12-15,2.27,2.89,2.73,252.767,260.063,104.0451,489113.0,3.9,129.1264,14382.3
2018-12-16,2.27,2.89,2.73,252.767,260.063,104.0451,489113.0,3.9,129.1264,14382.3
2018-12-17,2.27,2.86,2.7,252.767,260.063,104.0451,489113.0,3.9,128.7972,14382.3
2018-12-18,2.27,2.82,2.65,252.767,260.063,104.0451,489113.0,3.9,128.7814,14382.3
2018-12-19,2.27,2.77,2.63,252.767,260.063,104.0451,489113.0,3.9,128.4192,14382.3
2018-12-20,2.27,2.79,2.67,252.767,260.063,104.0451,489113.0,3.9,128.381,14382.3
2018-12-21,2.27,2.79,2.63,252.767,260.063,104.0451,489113.0,3.9,128.6229,14382.3
2018-12-22,2.27,2.79,2.63,252.767,260.063,104.0451,489113.0,3.9,128.6229,14382.3
2018-12-23,2.27,2.79,2.63,252.767,260.063,104.0451,489113.0,3.9,128.6229,14382.3
2018-12-24,2.27,2.74,2.55,252.767,260.063,104.0451,489113.0,3.9,128.6152,14382.3
2018-12-25,2.27,2.74,2.55,252.767,260.063,104.0451,489113.0,3.9,128.6152,14382.3
2018-12-26,2.27,2.81,2.61,252.767,260.063,104.0451,489113.0,3.9,128.5052,14382.3
2018-12-27,2.27,2.77,2.56,252.767,260.063,104.0451,489113.0,3.9,128.3583,14382.3
2018-12-28,2.27,2.72,2.52,252.767,260.063,104.0451,489113.0,3.9,128.1009,14382.3
2018-12-29,2.27,2.72,2.52,252.767,260.063,104.0451,489113.0,3.9,128.1009,14382.3
2018-12-30,2.27,2.72,2.52,252.767,260.063,104.0451,489113.0,3.9,128.1009,14382.3
2018-12-31,2.27,2.69,2.48,252.767,260.063,104.0451,489113.0,3.9,127.9541,14382.3
2019-01-01,2.4,2.69,2.48,252.561,260.766,103.3598,490440.0,4.0,127.9541,14445.7
2019-01-02,2.4,2.66,2.5,252.561,260.766,103.3598,490440.0,4.0,128.0905,14445.7
2019-01-03,2.4,2.56,2.39,252.561,260.766,103.3598,490440.0,4.0,127.8011,14445.7
2019-01-04,2.4,2.67,2.5,252.561,260.766,103.3598,490440.0,4.0,127.2994,14445.7
2019-01-05,2.4,2.67,2.5,252.561,260.766,103.3598,490440.0,4.0,127.2994,14445.7
2019-01-06,2.4,2.67,2.5,252.561,260.766,103.3598,490440.0,4.0,127.2994,14445.7
2019-01-07,2.4,2.7,2.53,252.561,260.766,103.3598,490440.0,4.0,126.8464,14445.7
2019-01-08,2.4,2.73,2.58,252.561,260.766,103.3598,490440.0,4.0,127.0383,14445.7
2019-01-09,2.4,2.74,2.56,252.561,260.766,103.3598,490440.0,4.0,126.3773,14445.7
2019-01-10,2.4,2.74,2.56,252.561,260.766,103.3598,490440.0,4.0,126.2563,14445.7
2019-01-11,2.4,2.71,2.55,252.561,260.766,103.3598,490440.0,4.0,126.2047,14445.7
2019-01-12,2.4,2.71,2.55,252.561,260.766,103.3598,490440.0,4.0,126.2047,14445.7
2019-01-13,2.4,2.71,2.55,252.561,260.766,103.3598,490440.0,4.0,126.2047,14445.7
2019-01-14,2.4,2.71,2.53,252.561,260.766,103.3598,490440.0,4.0,126.2047,14445.7
2019-01-15,2.4,2.72,2.53,252.561,260.766,103.3598,490440.0,4.0,126.522,14445.7
2019-01-16,2.4,2.73,2.55,252.561,260.766,103.3598,490440.0,4.0,126.3093,14445.7
2019-01-17,2.4,2.75,2.56,252.561,260.766,103.3598,490440.0,4.0,126.6483,14445.7
2019-01-18,2.4,2.79,2.62,252.561,260.766,103.3598,490440.0,4.0,126.7962,14445.7
2019-01-19,2.4,2.79,2.62,252.561,260.766,103.3598,490440.0,4.0,126.7962,14445.7
2019-01-20,2.4,2.79,2.62,252.561,260.766,103.3598,490440.0,4.0,126.7962,14445.7
2019-01-21,2.4,2.79,2.62,252.561,260.766,103.3598,490440.0,4.0,126.7962,14445.7
2019-01-22,2.4,2.74,2.58,252.561,260.766,103.3598,490440.0,4.0,127.1167,14445.7
2019-01-23,2.4,2.76,2.58,252.561,260.766,103.3598,490440.0,4.0,126.9192,14445.7
2019-01-24,2.4,2.72,2.56,252.561,260.766,103.3598,490440.0,4.0,126.9617,14445.7
2019-01-25,2.4,2.76,2.6,252.561,260.766,103.3598,490440.0,4.0,126.3092,14445.7
2019-01-26,2.4,2.76,2.6,252.561,260.766,103.3598,490440.0,4.0,126.3092,14445.7
2019-01-27,2.4,2.76,2.6,252.561,260.766,103.3598,490440.0,4.0,126.3092,14445.7
2019-01-28,2.4,2.75,2.6,252.561,260.766,103.3598,490440.0,4.0,126.3975,14445.7
2019-01-29,2.4,2.72,2.56,252.561,260.766,103.3598,490440.0,4.0,126.4248,14445.7
2019-01-30,2.4,2.7,2.52,252.561,260.766,103.3598,490440.0,4.0,126.4274,14445.7
2019-01-31,2.4,2.63,2.45,252.561,260.766,103.3598,490440.0,4.0,125.8651,14445.7
2019-02-01,2.4,2.7,2.52,253.319,261.186,102.8251,491751.0,3.8,126.1608,14480.8
2019-02-02,2.4,2.7,2.52,253.319,261.186,102.8251,491751.0,3.8,126.1608,14480.8
2019-02-03,2.4,2.7,2.52,253.319,261.186,102.8251,491751.0,3.8,126.1608,14480.8
2019-02-04,2.4,2.73,2.53,253.319,261.186,102.8251,491751.0,3.8,126.2739,14480.8
2019-02-05,2.4,2.71,2.53,253.319,261.186,102.8251,491751.0,3.8,126.421,14480.8
2019-02-06,2.4,2.7,2.52,253.319,261.186,102.8251,491751.0,3.8,126.6091,14480.8
2019-02-07,2.4,2.65,2.48,253.319,261.186,102.8251,491751.0,3.8,126.8195,14480.8
2019-02-08,2.4,2.63,2.45,253.319,261.186,102.8251,491751.0,3.8,126.8811,14480.8
2019-02-09,2.4,2.63,2.45,253.319,261.186,102.8251,491751.0,3.8,126.8811,14480.8
2019-02-10,2.4,2.63,2.45,253.319,261.186,102.8251,491751.0,3.8,126.8811,14480.8
2019-02-11,2.4,2.65,2.48,253.319,261.186,102.8251,491751.0,3.8,127.5013,14480.8
2019-02-12,2.4,2.68,2.5,253.319,261.186,102.8251,491751.0,3.8,127.1787,14480.8
2019-02-13,2.4,2.71,2.53,253.319,261.186,102.8251,491751.0,3.8,127.372,14480.8
2019-02-14,2.4,2.66,2.5,253.319,261.186,102.8251,491751.0,3.8,127.545,14480.8
2019-02-15,2.4,2.66,2.52,253.319,261.186,102.8251,491751.0,3.8,127.4294,14480.8
2019-02-16,2.4,2.66,2.52,253.319,261.186,102.8251,491751.0,3.8,127.4294,14480.8
2019-02-17,2.4,2.66,2.52,253.319,261.186,102.8251,491751.0,3.8,127.4294,14480.8
2019-02-18,2.4,2.66,2.52,253.319,261.186,102.8251,491751.0,3.8,127.4294,14480.8
2019-02-19,2.4,2.65,2.5,253.319,261.186,102.8251,491751.0,3.8,127.0074,14480.8
2019-02-20,2.4,2.65,2.5,253.319,261.186,102.8251,491751.0,3.8,127.0074,14480.8
2019-02-21,2.4,2.69,2.53,253.319,261.186,102.8251,491751.0,3.8,126.894,14480.8
2019-02-22,2.4,2.65,2.48,253.319,261.186,102.8251,491751.0,3.8,126.6305,14480.8
2019-02-23,2.4,2.65,2.48,253.319,261.186,102.8251,491751.0,3.8,126.6305,14480.8
2019-02-24,2.4,2.65,2.48,253.319,261.186,102.8251,491751.0,3.8,126.6305,14480.8
2019-02-25,2.4,2.67,2.51,253.319,261.186,102.8251,491751.0,3.8,126.4529,14480.8
2019-02-26,2.4,2.64,2.48,253.319,261.186,102.8251,491751.0,3.8,126.4304,14480.8
2019-02-27,2.4,2.69,2.5,253.319,261.186,102.8251,491751.0,3.8,126.3836,14480.8
2019-02-28,2.4,2.73,2.52,253.319,261.186,102.8251,491751.0,3.8,126.5825,14480.8
2019-03-01,2.41,2.76,2.55,254.277,261.567,102.8361,499292.0,3.8,126.9546,14525.9
2019-03-02,2.41,2.76,2.55,254.277,261.567,102.8361,499292.0,3.8,126.9546,14525.9
2019-03-03,2.41,2.76,2.55,254.277,261.567,102.8361,499292.0,3.8,126.9546,14525.9
2019-03-04,2.41,2.72,2.55,254.277,261.567,102.8361,499292.0,3.8,127.098,14525.9
2019-03-05,2.41,2.72,2.55,254.277,261.567,102.8361,499292.0,3.8,127.2029,14525.9
2019-03-06,2.41,2.69,2.52,254.277,261.567,102.8361,499292.0,3.8,127.3939,14525.9
2019-03-07,2.41,2.64,2.47,254.277,261.567,102.8361,499292.0,3.8,127.9288,14525.9
2019-03-08,2.41,2.62,2.45,254.277,261.567,102.8361,499292.0,3.8,127.7933,14525.9
2019-03-09,2.41,2.62,2.45,254.277,261.567,102.8361,499292.0,3.8,127.7933,14525.9
2019-03-10,2.41,2.62,2.45,254.277,261.567,102.8361,499292.0,3.8,127.7933,14525.9
2019-03-11,2.41,2.64,2.47,254.277,261.567,102.8361,499292.0,3.8,127.7356,14525.9
2019-03-12,2.41,2.61,2.45,254.277,261.567,102.8361,499292.0,3.8,127.3475,14525.9
2019-03-13,2.41,2.61,2.45,254.277,261.567,102.8361,499292.0,3.8,127.1674,14525.9
2019-03-14,2.41,2.63,2.46,254.277,261.567,102.8361,499292.0,3.8,127.2654,14525.9
2019-03-15,2.41,2.59,2.43,254.277,261.567,102.8361,499292.0,3.8,127.0297,14525.9
2019-03-16,2.41,2.59,2.43,254.277,261.567,102.8361,499292.0,3.8,127.0297,14525.9
2019-03-17,2.41,2.59,2.43,254.277,261.567,102.8361,499292.0,3.8,127.0297,14525.9
2019-03-18,2.41,2.6,2.45,254.277,261.567,102.8361,499292.0,3.8,126.867,14525.9
2019-03-19,2.41,2.61,2.46,254.277,261.567,102.8361,499292.0,3.8,126.653,14525.9
2019-03-20,2.41,2.54,2.4,254.277,261.567,102.8361,499292.0,3.8,126.5232,14525.9
2019-03-21,2.41,2.54,2.41,254.277,261.567,102.8361,499292.0,3.8,126.5312,14525.9
2019-03-22,2.41,2.44,2.31,254.277,261.567,102.8361,499292.0,3.8,127.1187,14525.9
2019-03-23,2.41,2.44,2.31,254.277,261.567,102.8361,499292.0,3.8,127.1187,14525.9
2019-03-24,2.41,2.44,2.31,254.277,261.567,102.8361,499292.0,3.8,127.1187,14525.9
2019-03-25,2.41,2.43,2.26,254.277,261.567,102.8361,499292.0,3.8,126.8219,14525.9
2019-03-26,2.41,2.41,2.24,254.277,261.567,102.8361,499292.0,3.8,127.0708,14525.9
2019-03-27,2.41,2.39,2.22,254.277,261.567,102.8361,499292.0,3.8,127.5954,14525.9
2019-03-28,2.41,2.39,2.23,254.277,261.567,102.8361,499292.0,3.8,127.7378,14525.9
2019-03-29,2.41,2.41,2.27,254.277,261.567,102.8361,499292.0,3.8,127.566,14525.9
2019-03-30,2.41,2.41,2.27,254.277,261.567,102.8361,499292.0,3.8,127.566,14525.9
2019-03-31,2.41,2.41,2.27,254.277,261.567,102.8361,499292.0,3.8,127.566,14525.9
2019-04-01,2.42,2.49,2.33,255.233,261.997,102.2748,499343.0,3.7,127.3586,14554.2
2019-04-02,2.42,2.48,2.3,255.233,261.997,102.2748,499343.0,3.7,127.5555,14554.2
2019-04-03,2.42,2.52,2.33,255.233,261.997,102.2748,499343.0,3.7,127.1584,14554.2
2019-04-04,2.42,2.51,2.33,255.233,261.997,102.2748,499343.0,3.7,127.403,14554.2
2019-04-05,2.42,2.5,2.35,255.233,261.997,102.2748,499343.0,3.7,127.4003,14554.2
2019-04-06,2.42,2.5,2.35,255.233,261.997,102.2748,499343.0,3.7,127.4003,14554.2
2019-04-07,2.42,2.5,2.35,255.233,261.997,102.2748,499343.0,3.7,127.4003,14554.2
2019-04-08,2.42,2.52,2.36,255.233,261.997,102.2748,499343.0,3.7,127.1175,14554.2
2019-04-09,2.42,2.51,2.35,255.233,261.997,102.2748,499343.0,3.7,126.943,14554.2
2019-04-10,2.42,2.48,2.31,255.233,261.997,102.2748,499343.0,3.7,126.8383,14554.2
2019-04-11,2.42,2.51,2.35,255.233,261.997,102.2748,499343.0,3.7,127.06,14554.2
2019-04-12,2.42,2.56,2.4,255.233,261.997,102.2748,499343.0,3.7,126.7494,14554.2
2019-04-13,2.42,2.56,2.4,255.233,261.997,102.2748,499343.0,3.7,126.7494,14554.2
2019-04-14,2.42,2.56,2.4,255.233,261.997,102.2748,499343.0,3.7,126.7494,14554.2
2019-04-15,2.42,2.55,2.4,255.233,261.997,102.2748,499343.0,3.7,126.8968,14554.2
2019-04-16,2.42,2.6,2.41,255.233,261.997,102.2748,499343.0,3.7,127.1256,14554.2
2019-04-17,2.42,2.59,2.4,255.233,261.997,102.2748,499343.0,3.7,126.9083,14554.2
2019-04-18,2.42,2.57,2.38,255.233,261.997,102.2748,499343.0,3.7,127.1286,14554.2
2019-04-19,2.42,2.57,2.38,255.233,261.997,102.2748,499343.0,3.7,127.1098,14554.2
2019-04-20,2.42,2.57,2.38,255.233,261.997,102.2748,499343.0,3.7,127.1098,14554.2
2019-04-21,2.42,2.57,2.38,255.233,261.997,102.2748,499343.0,3.7,127.1098,14554.2
2019-04-22,2.42,2.59,2.38,255.233,261.997,102.2748,499343.0,3.7,127.2007,14554.2
2019-04-23,2.42,2.57,2.36,255.233,261.997,102.2748,499343.0,3.7,127.6525,14554.2
2019-04-24,2.42,2.53,2.32,255.233,261.997,102.2748,499343.0,3.7,127.9332,14554.2
2019-04-25,2.42,2.54,2.33,255.233,261.997,102.2748,499343.0,3.7,128.3248,14554.2
2019-04-26,2.42,2.51,2.28,255.233,261.997,102.2748,499343.0,3.7,128.0031,14554.2
2019-04-27,2.42,2.51,2.28,255.233,261.997,102.2748,499343.0,3.7,128.0031,14554.2
2019-04-28,2.42,2.51,2.28,255.233,261.997,102.2748,499343.0,3.7,128.0031,14554.2
2019-04-29,2.42,2.54,2.3,255.233,261.997,102.2748,499343.0,3.7,128.0608,14554.2
2019-04-30,2.42,2.51,2.27,255.233,261.997,102.2748,499343.0,3.7,127.8902,14554.2
2019-05-01,2.39,2.52,2.31,255.296,262.217,102.4176,504741.0,3.6,127.5676,14652.0
2019-05-02,2.39,2.55,2.35,255.296,262.217,102.4176,504741.0,3.6,128.1458,14652.0
2019-05-03,2.39,2.54,2.33,255.296,262.217,102.4176,504741.0,3.6,127.8526,14652.0
2019-05-04,2.39,2.54,2.33,255.296,262.217,102.4176,504741.0,3.6,127.8526,14652.0
2019-05-05,2.39,2.54,2.33,255.296,262.217,102.4176,504741.0,3.6,127.8526,14652.0
2019-05-06,2.39,2.51,2.31,255.296,262.217,102.4176,504741.0,3.6,128.0088,14652.0
2019-05-07,2.39,2.45,2.28,255.296,262.217,102.4176,504741.0,3.6,128.2591,14652.0
2019-05-08,2.39,2.49,2.3,255.296,262.217,102.4176,504741.0,3.6,128.1582,14652.0
2019-05-09,2.39,2.45,2.26,255.296,262.217,102.4176,504741.0,3.6,128.5811,14652.0
2019-05-10,2.39,2.47,2.26,255.296,262.217,102.4176,504741.0,3.6,128.2596,14652.0
2019-05-11,2.39,2.47,2.26,255.296,262.217,102.4176,504741.0,3.6,128.2596,14652.0
2019-05-12,2.39,2.47,2.26,255.296,262.217,102.4176,504741.0,3.6,128.2596,14652.0
2019-05-13,2.39,2.4,2.18,255.296,262.217,102.4176,504741.0,3.6,128.7446,14652.0
2019-05-14,2.39,2.42,2.2,255.296,262.217,102.4176,504741.0,3.6,128.7557,14652.0
2019-05-15,2.39,2.37,2.16,255.296,262.217,102.4176,504741.0,3.6,128.6654,14652.0
2019-05-16,2.39,2.4,2.2,255.296,262.217,102.4176,504741.0,3.6,128.859,14652.0
2019-05-17,2.39,2.39,2.2,255.296,262.217,102.4176,504741.0,3.6,129.3362,14652.0
2019-05-18,2.39,2.39,2.2,255.296,262.217,102.4176,504741.0,3.6,129.3362,14652.0
2019-05-19,2.39,2.39,2.2,255.296,262.217,102.4176,504741.0,3.6,129.3362,14652.0
2019-05-20,2.39,2.41,2.21,255.296,262.217,102.4176,504741.0,3.6,129.1963,14652.0
2019-05-21,2.39,2.43,2.26,255.296,262.217,102.4176,504741.0,3.6,129.1579,14652.0
2019-05-22,2.39,2.39,2.23,255.296,262.217,102.4176,504741.0,3.6,129.1097,14652.0
2019-05-23,2.39,2.31,2.12,255.296,262.217,102.4176,504741.0,3.6,129.1082,14652.0
2019-05-24,2.39,2.32,2.16,255.296,262.217,102.4176,504741.0,3.6,128.934,14652.0
2019-05-25,2.39,2.32,2.16,255.296,262.217,102.4176,504741.0,3.6,128.934,14652.0
2019-05-26,2.39,2.32,2.16,255.296,262.217,102.4176,504741.0,3.6,128.934,14652.0
2019-05-27,2.39,2.32,2.16,255.296,262.217,102.4176,504741.0,3.6,128.934,14652.0
2019-05-28,2.39,2.26,2.12,255.296,262.217,102.4176,504741.0,3.6,129.1851,14652.0
2019-05-29,2.39,2.25,2.09,255.296,262.217,102.4176,504741.0,3.6,129.4236,14652.0
2019-05-30,2.39,2.22,2.06,255.296,262.217,102.4176,504741.0,3.6,129.2462,14652.0
2019-05-31,2.39,2.14,1.95,255.296,262.217,102.4176,504741.0,3.6,129.5836,14652.0
2019-06-01,2.38,2.14,1.95,255.213,262.739,102.5425,505251.0,3.6,129.5836,14771.0
2019-06-02,2.38,2.14,1.95,255.213,262.739,102.5425,505251.0,3.6,129.5836,14771.0
2019-06-03,2.38,2.07,1.82,255.213,262.739,102.5425,505251.0,3.6,129.3305,14771.0
2019-06-04,2.38,2.12,1.88,255.213,262.739,102.5425,505251.0,3.6,128.9562,14771.0
2019-06-05,2.38,2.12,1.83,255.213,262.739,102.5425,505251.0,3.6,128.8977,14771.0
2019-06-06,2.38,2.12,1.88,255.213,262.739,102.5425,505251.0,3.6,128.8619,14771.0
2019-06-07,2.38,2.09,1.85,255.213,262.739,102.5425,505251.0,3.6,128.6217,14771.0
2019-06-08,2.38,2.09,1.85,255.213,262.739,102.5425,505251.0,3.6,128.6217,14771.0
2019-06-09,2.38,2.09,1.85,255.213,262.739,102.5425,505251.0,3.6,128.6217,14771.0
2019-06-10,2.38,2.15,1.9,255.213,262.739,102.5425,505251.0,3.6,128.4084,14771.0
2019-06-11,2.38,2.15,1.93,255.213,262.739,102.5425,505251.0,3.6,128.2497,14771.0
2019-06-12,2.38,2.13,1.88,255.213,262.739,102.5425,505251.0,3.6,128.315,14771.0
2019-06-13,2.38,2.1,1.83,255.213,262.739,102.5425,505251.0,3.6,128.5107,14771.0
2019-06-14,2.38,2.09,1.84,255.213,262.739,102.5425,505251.0,3.6,128.7749,14771.0
2019-06-15,2.38,2.09,1.84,255.213,262.739,102.5425,505251.0,3.6,128.7749,14771.0
2019-06-16,2.38,2.09,1.84,255.213,262.739,102.5425,505251.0,3.6,128.7749,14771.0
2019-06-17,2.38,2.09,1.86,255.213,262.739,102.5425,505251.0,3.6,128.8439,14771.0
2019-06-18,2.38,2.06,1.86,255.213,262.739,102.5425,505251.0,3.6,128.6951,14771.0
2019-06-19,2.38,2.03,1.74,255.213,262.739,102.5425,505251.0,3.6,128.6186,14771.0
2019-06-20,2.38,2.01,1.72,255.213,262.739,102.5425,505251.0,3.6,127.5015,14771.0
2019-06-21,2.38,2.07,1.77,255.213,262.739,102.5425,505251.0,3.6,127.5771,14771.0
2019-06-22,2.38,2.07,1.77,255.213,262.739,102.5425,505251.0,3.6,127.5771,14771.0
2019-06-23,2.38,2.07,1.77,255.213,262.739,102.5425,505251.0,3.6,127.5771,14771.0
2019-06-24,2.38,2.02,1.72,255.213,262.739,102.5425,505251.0,3.6,127.4154,14771.0
2019-06-25,2.38,2.0,1.71,255.213,262.739,102.5425,505251.0,3.6,127.3973,14771.0
2019-06-26,2.38,2.05,1.77,255.213,262.739,102.5425,505251.0,3.6,127.32,14771.0
2019-06-27,2.38,2.01,1.74,255.213,262.739,102.5425,505251.0,3.6,127.427,14771.0
2019-06-28,2.38,2.0,1.75,255.213,262.739,102.5425,505251.0,3.6,127.3274,14771.0
2019-06-29,2.38,2.0,1.75,255.213,262.739,102.5425,505251.0,3.6,127.3274,14771.0
2019-06-30,2.38,2.0,1.75,255.213,262.739,102.5425,505251.0,3.6,127.3274,14771.0
2019-07-01,2.4,2.03,1.78,255.802,263.28,102.0057,509091.0,3.7,127.4294,14853.1
2019-07-02,2.4,1.98,1.77,255.802,263.28,102.0057,509091.0,3.7,127.578,14853.1
2019-07-03,2.4,1.96,1.77,255.802,263.28,102.0057,509091.0,3.7,127.5767,14853.1
2019-07-04,2.4,1.96,1.77,255.802,263.28,102.0057,509091.0,3.7,127.5767,14853.1
2019-07-05,2.4,2.04,1.87,255.802,263.28,102.0057,509091.0,3.7,127.9017,14853.1
2019-07-06,2.4,2.04,1.87,255.802,263.28,102.0057,509091.0,3.7,127.9017,14853.1
2019-07-07,2.4,2.04,1.87,255.802,263.28,102.0057,509091.0,3.7,127.9017,14853.1
2019-07-08,2.4,2.05,1.88,255.802,263.28,102.0057,509091.0,3.7,127.8061,14853.1
2019-07-09,2.4,2.07,1.92,255.802,263.28,102.0057,509091.0,3.7,127.8842,14853.1
2019-07-10,2.4,2.07,1.82,255.802,263.28,102.0057,509091.0,3.7,127.864,14853.1
2019-07-11,2.4,2.13,1.85,255.802,263.28,102.0057,509091.0,3.7,127.5891,14853.1
2019-07-12,2.4,2.12,1.84,255.802,263.28,102.0057,509091.0,3.7,127.5463,14853.1
2019-07-13,2.4,2.12,1.84,255.802,263.28,102.0057,509091.0,3.7,127.5463,14853.1
2019-07-14,2.4,2.12,1.84,255.802,263.28,102.0057,509091.0,3.7,127.5463,14853.1
2019-07-15,2.4,2.09,1.83,255.802,263.28,102.0057,509091.0,3.7,127.4437,14853.1
2019-07-16,2.4,2.13,1.87,255.802,263.28,102.0057,509091.0,3.7,127.7604,14853.1
2019-07-17,2.4,2.06,1.83,255.802,263.28,102.0057,509091.0,3.7,127.6303,14853.1
2019-07-18,2.4,2.04,1.77,255.802,263.28,102.0057,509091.0,3.7,127.6341,14853.1
2019-07-19,2.4,2.05,1.8,255.802,263.28,102.0057,509091.0,3.7,127.6331,14853.1
2019-07-20,2.4,2.05,1.8,255.802,263.28,102.0057,509091.0,3.7,127.6331,14853.1
2019-07-21,2.4,2.05,1.8,255.802,263.28,102.0057,509091.0,3.7,127.6331,14853.1
2019-07-22,2.4,2.05,1.8,255.802,263.28,102.0057,509091.0,3.7,127.772,14853.1
2019-07-23,2.4,2.08,1.83,255.802,263.28,102.0057,509091.0,3.7,128.0707,14853.1
2019-07-24,2.4,2.05,1.83,255.802,263.28,102.0057,509091.0,3.7,128.0024,14853.1
2019-07-25,2.4,2.08,1.86,255.802,263.28,102.0057,509091.0,3.7,128.0723,14853.1
2019-07-26,2.4,2.08,1.86,255.802,263.28,102.0057,509091.0,3.7,128.3352,14853.1
2019-07-27,2.4,2.08,1.86,255.802,263.28,102.0057,509091.0,3.7,128.3352,14853.1
2019-07-28,2.4,2.08,1.86,255.802,263.28,102.0057,509091.0,3.7,128.3352,14853.1
2019-07-29,2.4,2.06,1.85,255.802,263.28,102.0057,509091.0,3.7,128.3976,14853.1
2019-07-30,2.4,2.06,1.85,255.802,263.28,102.0057,509091.0,3.7,128.4226,14853.1
2019-07-31,2.4,2.02,1.89,255.802,263.28,102.0057,509091.0,3.7,128.3152,14853.1
2019-08-01,2.13,1.9,1.73,256.036,263.877,102.7814,512561.0,3.6,128.9097,14934.3
2019-08-02,2.13,1.86,1.72,256.036,263.877,102.7814,512561.0,3.6,129.1475,14934.3
2019-08-03,2.13,1.86,1.72,256.036,263.877,102.7814,512561.0,3.6,129.1475,14934.3
2019-08-04,2.13,1.86,1.72,256.036,263.877,102.7814,512561.0,3.6,129.1475,14934.3
2019-08-05,2.13,1.75,1.59,256.036,263.877,102.7814,512561.0,3.6,129.777,14934.3
2019-08-06,2.13,1.73,1.6,256.036,263.877,102.7814,512561.0,3.6,129.8338,14934.3
2019-08-07,2.13,1.71,1.59,256.036,263.877,102.7814,512561.0,3.6,130.0289,14934.3
2019-08-08,2.13,1.72,1.62,256.036,263.877,102.7814,512561.0,3.6,129.6575,14934.3
2019-08-09,2.13,1.74,1.63,256.036,263.877,102.7814,512561.0,3.6,129.6517,14934.3
2019-08-10,2.13,1.74,1.63,256.036,263.877,102.7814,512561.0,3.6,129.6517,14934.3
2019-08-11,2.13,1.74,1.63,256.036,263.877,102.7814,512561.0,3.6,129.6517,14934.3
2019-08-12,2.13,1.65,1.58,256.036,263.877,102.7814,512561.0,3.6,129.9994,14934.3
2019-08-13,2.13,1.68,1.66,256.036,263.877,102.7814,512561.0,3.6,129.9469,14934.3
2019-08-14,2.13,1.59,1.58,256.036,263.877,102.7814,512561.0,3.6,130.2886,14934.3
2019-08-15,2.13,1.52,1.48,256.036,263.877,102.7814,512561.0,3.6,130.4429,14934.3
2019-08-16,2.13,1.55,1.48,256.036,263.877,102.7814,512561.0,3.6,130.3095,14934.3
2019-08-17,2.13,1.55,1.48,256.036,263.877,102.7814,512561.0,3.6,130.3095,14934.3
2019-08-18,2.13,1.55,1.48,256.036,263.877,102.7814,512561.0,3.6,130.3095,14934.3
2019-08-19,2.13,1.6,1.53,256.036,263.877,102.7814,512561.0,3.6,130.6533,14934.3
2019-08-20,2.13,1.55,1.5,256.036,263.877,102.7814,512561.0,3.6,130.6474,14934.3
2019-08-21,2.13,1.59,1.56,256.036,263.877,102.7814,512561.0,3.6,130.4375,14934.3
2019-08-22,2.13,1.62,1.61,256.036,263.877,102.7814,512561.0,3.6,130.687,14934.3
2019-08-23,2.13,1.52,1.51,256.036,263.877,102.7814,512561.0,3.6,130.6671,14934.3
2019-08-24,2.13,1.52,1.51,256.036,263.877,102.7814,512561.0,3.6,130.6671,14934.3
2019-08-25,2.13,1.52,1.51,256.036,263.877,102.7814,512561.0,3.6,130.6671,14934.3
2019-08-26,2.13,1.54,1.54,256.036,263.877,102.7814,512561.0,3.6,131.1395,14934.3
2019-08-27,2.13,1.49,1.53,256.036,263.877,102.7814,512561.0,3.6,131.257,14934.3
2019-08-28,2.13,1.47,1.5,256.036,263.877,102.7814,512561.0,3.6,131.4032,14934.3
2019-08-29,2.13,1.5,1.53,256.036,263.877,102.7814,512561.0,3.6,131.568,14934.3
2019-08-30,2.13,1.5,1.5,256.036,263.877,102.7814,512561.0,3.6,131.6829,14934.3
2019-08-31,2.13,1.5,1.5,256.036,263.877,102.7814,512561.0,3.6,131.6829,14934.3
2019-09-01,2.04,1.5,1.5,256.43,264.388,102.4601,509282.0,3.5,131.6829,15031.0
2019-09-02,2.04,1.5,1.5,256.43,264.388,102.4601,509282.0,3.5,131.6829,15031.0
2019-09-03,2.04,1.47,1.47,256.43,264.388,102.4601,509282.0,3.5,131.8808,15031.0
2019-09-04,2.04,1.47,1.43,256.43,264.388,102.4601,509282.0,3.5,131.1839,15031.0
2019-09-05,2.04,1.57,1.55,256.43,264.388,102.4601,509282.0,3.5,131.0042,15031.0
2019-09-06,2.04,1.55,1.53,256.43,264.388,102.4601,509282.0,3.5,130.5494,15031.0
2019-09-07,2.04,1.55,1.53,256.43,264.388,102.4601,509282.0,3.5,130.5494,15031.0
2019-09-08,2.04,1.55,1.53,256.43,264.388,102.4601,509282.0,3.5,130.5494,15031.0
2019-09-09,2.04,1.63,1.58,256.43,264.388,102.4601,509282.0,3.5,130.4944,15031.0
2019-09-10,2.04,1.72,1.67,256.43,264.388,102.4601,509282.0,3.5,130.5016,15031.0
2019-09-11,2.04,1.75,1.68,256.43,264.388,102.4601,509282.0,3.5,130.736,15031.0
2019-09-12,2.04,1.79,1.72,256.43,264.388,102.4601,509282.0,3.5,130.1854,15031.0
2019-09-13,2.04,1.9,1.79,256.43,264.388,102.4601,509282.0,3.5,130.1099,15031.0
2019-09-14,2.04,1.9,1.79,256.43,264.388,102.4601,509282.0,3.5,130.1099,15031.0
2019-09-15,2.04,1.9,1.79,256.43,264.388,102.4601,509282.0,3.5,130.1099,15031.0
2019-09-16,2.04,1.84,1.74,256.43,264.388,102.4601,509282.0,3.5,130.345,15031.0
2019-09-17,2.04,1.81,1.72,256.43,264.388,102.4601,509282.0,3.5,130.3755,15031.0
2019-09-18,2.04,1.8,1.77,256.43,264.388,102.4601,509282.0,3.5,130.3476,15031.0
2019-09-19,2.04,1.79,1.74,256.43,264.388,102.4601,509282.0,3.5,130.4758,15031.0
2019-09-20,2.04,1.74,1.69,256.43,264.388,102.4601,509282.0,3.5,130.5538,15031.0
2019-09-21,2.04,1.74,1.69,256.43,264.388,102.4601,509282.0,3.5,130.5538,15031.0
2019-09-22,2.04,1.74,1.69,256.43,264.388,102.4601,509282.0,3.5,130.5538,15031.0
2019-09-23,2.04,1.72,1.68,256.43,264.388,102.4601,509282.0,3.5,130.7148,15031.0
2019-09-24,2.04,1.64,1.6,256.43,264.388,102.4601,509282.0,3.5,130.6443,15031.0
2019-09-25,2.04,1.73,1.68,256.43,264.388,102.4601,509282.0,3.5,131.1063,15031.0
2019-09-26,2.04,1.7,1.66,256.43,264.388,102.4601,509282.0,3.5,131.1859,15031.0
2019-09-27,2.04,1.69,1.63,256.43,264.388,102.4601,509282.0,3.5,131.1768,15031.0
2019-09-28,2.04,1.69,1.63,256.43,264.388,102.4601,509282.0,3.5,131.1768,15031.0
2019-09-29,2.04,1.69,1.63,256.43,264.388,102.4601,509282.0,3.5,131.1768,15031.0
2019-09-30,2.04,1.68,1.63,256.43,264.388,102.4601,509282.0,3.5,131.4406,15031.0
2019-10-01,1.83,1.65,1.56,257.155,264.97,101.5878,510648.0,3.6,131.451,15166.9
2019-10-02,1.83,1.6,1.48,257.155,264.97,101.5878,510648.0,3.6,131.4631,15166.9
2019-10-03,1.83,1.54,1.39,257.155,264.97,101.5878,510648.0,3.6,131.1547,15166.9
2019-10-04,1.83,1.52,1.4,257.155,264.97,101.5878,510648.0,3.6,130.9825,15166.9
2019-10-05,1.83,1.52,1.4,257.155,264.97,101.5878,510648.0,3.6,130.9825,15166.9
2019-10-06,1.83,1.52,1.4,257.155,264.97,101.5878,510648.0,3.6,130.9825,15166.9
2019-10-07,1.83,1.56,1.46,257.155,264.97,101.5878,510648.0,3.6,131.0239,15166.9
2019-10-08,1.83,1.54,1.42,257.155,264.97,101.5878,510648.0,3.6,131.1797,15166.9
2019-10-09,1.83,1.59,1.47,257.155,264.97,101.5878,510648.0,3.6,131.1102,15166.9
2019-10-10,1.83,1.67,1.53,257.155,264.97,101.5878,510648.0,3.6,130.6932,15166.9
2019-10-11,1.83,1.76,1.63,257.155,264.97,101.5878,510648.0,3.6,130.2314,15166.9
2019-10-12,1.83,1.76,1.63,257.155,264.97,101.5878,510648.0,3.6,130.2314,15166.9
2019-10-13,1.83,1.76,1.63,257.155,264.97,101.5878,510648.0,3.6,130.2314,15166.9
2019-10-14,1.83,1.76,1.63,257.155,264.97,101.5878,510648.0,3.6,130.2314,15166.9
2019-10-15,1.83,1.77,1.61,257.155,264.97,101.5878,510648.0,3.6,130.2022,15166.9
2019-10-16,1.83,1.75,1.58,257.155,264.97,101.5878,510648.0,3.6,130.064,15166.9
2019-10-17,1.83,1.76,1.6,257.155,264.97,101.5878,510648.0,3.6,129.6486,15166.9
2019-10-18,1.83,1.76,1.58,257.155,264.97,101.5878,510648.0,3.6,129.5407,15166.9
2019-10-19,1.83,1.76,1.58,257.155,264.97,101.5878,510648.0,3.6,129.5407,15166.9
2019-10-20,1.83,1.76,1.58,257.155,264.97,101.5878,510648.0,3.6,129.5407,15166.9
2019-10-21,1.83,1.8,1.62,257.155,264.97,101.5878,510648.0,3.6,129.4359,15166.9
2019-10-22,1.83,1.78,1.6,257.155,264.97,101.5878,510648.0,3.6,129.3638,15166.9
2019-10-23,1.83,1.77,1.58,257.155,264.97,101.5878,510648.0,3.6,129.4087,15166.9
2019-10-24,1.83,1.77,1.58,257.155,264.97,101.5878,510648.0,3.6,129.4763,15166.9
2019-10-25,1.83,1.8,1.63,257.155,264.97,101.5878,510648.0,3.6,129.4284,15166.9
2019-10-26,1.83,1.8,1.63,257.155,264.97,101.5878,510648.0,3.6,129.4284,15166.9
2019-10-27,1.83,1.8,1.63,257.155,264.97,101.5878,510648.0,3.6,129.4284,15166.9
2019-10-28,1.83,1.85,1.64,257.155,264.97,101.5878,510648.0,3.6,129.3878,15166.9
2019-10-29,1.83,1.84,1.64,257.155,264.97,101.5878,510648.0,3.6,129.3579,15166.9
2019-10-30,1.83,1.78,1.61,257.155,264.97,101.5878,510648.0,3.6,129.547,15166.9
2019-10-31,1.83,1.69,1.52,257.155,264.97,101.5878,510648.0,3.6,129.2808,15166.9
2019-11-01,1.55,1.73,1.56,257.879,265.548,102.1494,514215.0,3.6,129.078,15276.4
2019-11-02,1.55,1.73,1.56,257.879,265.548,102.1494,514215.0,3.6,129.078,15276.4
2019-11-03,1.55,1.73,1.56,257.879,265.548,102.1494,514215.0,3.6,129.078,15276.4
2019-11-04,1.55,1.79,1.6,257.879,265.548,102.1494,514215.0,3.6,129.1788,15276.4
2019-11-05,1.55,1.86,1.63,257.879,265.548,102.1494,514215.0,3.6,129.3829,15276.4
2019-11-06,1.55,1.81,1.61,257.879,265.548,102.1494,514215.0,3.6,129.3541,15276.4
2019-11-07,1.55,1.92,1.68,257.879,265.548,102.1494,514215.0,3.6,129.3297,15276.4
2019-11-08,1.55,1.94,1.68,257.879,265.548,102.1494,514215.0,3.6,129.5896,15276.4
2019-11-09,1.55,1.94,1.68,257.879,265.548,102.1494,514215.0,3.6,129.5896,15276.4
2019-11-10,1.55,1.94,1.68,257.879,265.548,102.1494,514215.0,3.6,129.5896,15276.4
2019-11-11,1.55,1.94,1.68,257.879,265.548,102.1494,514215.0,3.6,129.5896,15276.4
2019-11-12,1.55,1.92,1.66,257.879,265.548,102.1494,514215.0,3.6,129.8995,15276.4
2019-11-13,1.55,1.88,1.63,257.879,265.548,102.1494,514215.0,3.6,130.2002,15276.4
2019-11-14,1.55,1.82,1.58,257.879,265.548,102.1494,514215.0,3.6,130.1764,15276.4
2019-11-15,1.55,1.84,1.61,257.879,265.548,102.1494,514215.0,3.6,129.7867,15276.4
2019-11-16,1.55,1.84,1.61,257.879,265.548,102.1494,514215.0,3.6,129.7867,15276.4
2019-11-17,1.55,1.84,1.61,257.879,265.548,102.1494,514215.0,3.6,129.7867,15276.4
2019-11-18,1.55,1.81,1.6,257.879,265.548,102.1494,514215.0,3.6,129.7366,15276.4
2019-11-19,1.55,1.79,1.6,257.879,265.548,102.1494,514215.0,3.6,129.9191,15276.4
2019-11-20,1.55,1.73,1.56,257.879,265.548,102.1494,514215.0,3.6,130.242,15276.4
2019-11-21,1.55,1.77,1.6,257.879,265.548,102.1494,514215.0,3.6,130.1631,15276.4
2019-11-22,1.55,1.77,1.61,257.879,265.548,102.1494,514215.0,3.6,130.3376,15276.4
2019-11-23,1.55,1.77,1.61,257.879,265.548,102.1494,514215.0,3.6,130.3376,15276.4
2019-11-24,1.55,1.77,1.61,257.879,265.548,102.1494,514215.0,3.6,130.3376,15276.4
2019-11-25,1.55,1.76,1.61,257.879,265.548,102.1494,514215.0,3.6,130.4365,15276.4
2019-11-26,1.55,1.74,1.58,257.879,265.548,102.1494,514215.0,3.6,130.4823,15276.4
2019-11-27,1.55,1.77,1.63,257.879,265.548,102.1494,514215.0,3.6,130.576,15276.4
2019-11-28,1.55,1.77,1.63,257.879,265.548,102.1494,514215.0,3.6,130.576,15276.4
2019-11-29,1.55,1.78,1.61,257.879,265.548,102.1494,514215.0,3.6,130.5986,15276.4
2019-11-30,1.55,1.78,1.61,257.879,265.548,102.1494,514215.0,3.6,130.5986,15276.4
2019-12-01,1.55,1.78,1.61,258.63,266.02,101.9421,515866.0,3.6,130.5986,15347.6
2019-12-02,1.55,1.83,1.61,258.63,266.02,101.9421,515866.0,3.6,130.472,15347.6
2019-12-03,1.55,1.72,1.53,258.63,266.02,101.9421,515866.0,3.6,130.441,15347.6
2019-12-04,1.55,1.77,1.58,258.63,266.02,101.9421,515866.0,3.6,130.2402,15347.6
2019-12-05,1.55,1.8,1.58,258.63,266.02,101.9421,515866.0,3.6,129.929,15347.6
2019-12-06,1.55,1.84,1.61,258.63,266.02,101.9421,515866.0,3.6,130.0553,15347.6
2019-12-07,1.55,1.84,1.61,258.63,266.02,101.9421,515866.0,3.6,130.0553,15347.6
2019-12-08,1.55,1.84,1.61,258.63,266.02,101.9421,515866.0,3.6,130.0553,15347.6
2019-12-09,1.55,1.83,1.63,258.63,266.02,101.9421,515866.0,3.6,129.8561,15347.6
2019-12-10,1.55,1.85,1.65,258.63,266.02,101.9421,515866.0,3.6,129.7891,15347.6
2019-12-11,1.55,1.79,1.61,258.63,266.02,101.9421,515866.0,3.6,129.6916,15347.6
2019-12-12,1.55,1.9,1.66,258.63,266.02,101.9421,515866.0,3.6,129.3246,15347.6
2019-12-13,1.55,1.82,1.61,258.63,266.02,101.9421,515866.0,3.6,129.1544,15347.6
2019-12-14,1.55,1.82,1.61,258.63,266.02,101.9421,515866.0,3.6,129.1544,15347.6
2019-12-15,1.55,1.82,1.61,258.63,266.02,101.9421,515866.0,3.6,129.1544,15347.6
2019-12-16,1.55,1.89,1.65,258.63,266.02,101.9421,515866.0,3.6,129.0041,15347.6
2019-12-17,1.55,1.89,1.63,258.63,266.02,101.9421,515866.0,3.6,128.9731,15347.6
2019-12-18,1.55,1.92,1.63,258.63,266.02,101.9421,515866.0,3.6,129.0912,15347.6
2019-12-19,1.55,1.92,1.62,258.63,266.02,101.9421,515866.0,3.6,129.0313,15347.6
2019-12-20,1.55,1.92,1.63,258.63,266.02,101.9421,515866.0,3.6,129.1707,15347.6
2019-12-21,1.55,1.92,1.63,258.63,266.02,101.9421,515866.0,3.6,129.1707,15347.6
2019-12-22,1.55,1.92,1.63,258.63,266.02,101.9421,515866.0,3.6,129.1707,15347.6
2019-12-23,1.55,1.93,1.64,258.63,266.02,101.9421,515866.0,3.6,129.2132,15347.6
2019-12-24,1.55,1.9,1.62,258.63,266.02,101.9421,515866.0,3.6,129.1831,15347.6
2019-12-25,1.55,1.9,1.62,258.63,266.02,101.9421,515866.0,3.6,129.1831,15347.6
2019-12-26,1.55,1.9,1.64,258.63,266.02,101.9421,515866.0,3.6,129.0163,15347.6
2019-12-27,1.55,1.88,1.59,258.63,266.02,101.9421,515866.0,3.6,128.6101,15347.6
2019-12-28,1.55,1.88,1.59,258.63,266.02,101.9421,515866.0,3.6,128.6101,15347.6
2019-12-29,1.55,1.88,1.59,258.63,266.02,101.9421,515866.0,3.6,128.6101,15347.6
2019-12-30,1.55,1.9,1.58,258.63,266.02,101.9421,515866.0,3.6,128.3353,15347.6
2019-12-31,1.55,1.92,1.58,258.63,266.02,101.9421,515866.0,3.6,128.0097,15347.6
2020-01-01,1.55,1.92,1.58,259.127,266.716,101.3372,515119.0,3.6,128.0097,15416.3
2020-01-02,1.55,1.88,1.58,259.127,266.716,101.3372,515119.0,3.6,128.0097,15416.3
2020-01-03,1.55,1.8,1.53,259.127,266.716,101.3372,515119.0,3.6,128.0097,15416.3
2020-01-04,1.55,1.8,1.53,259.127,266.716,101.3372,515119.0,3.6,128.0097,15416.3
2020-01-05,1.55,1.8,1.53,259.127,266.716,101.3372,515119.0,3.6,128.0097,15416.3
2020-01-06,1.55,1.81,1.54,259.127,266.716,101.3372,515119.0,3.6,128.0097,15416.3
2020-01-07,1.55,1.83,1.54,259.127,266.716,101.3372,515119.0,3.6,128.0097,15416.3
2020-01-08,1.55,1.87,1.58,259.127,266.716,101.3372,515119.0,3.6,128.0097,15416.3
2020-01-09,1.55,1.85,1.58,259.127,266.716,101.3372,515119.0,3.6,128.0097,15416.3
2020-01-10,1.55,1.83,1.56,259.127,266.716,101.3372,515119.0,3.6,128.0097,15416.3
2020-01-11,1.55,1.83,1.56,259.127,266.716,101.3372,515119.0,3.6,128.0097,15416.3
2020-01-12,1.55,1.83,1.56,259.127,266.716,101.3372,515119.0,3.6,128.0097,15416.3
2020-01-13,1.55,1.85,1.58,259.127,266.716,101.3372,515119.0,3.6,128.0097,15416.3
2020-01-14,1.55,1.82,1.58,259.127,266.716,101.3372,515119.0,3.6,128.0097,15416.3
2020-01-15,1.55,1.79,1.56,259.127,266.716,101.3372,515119.0,3.6,128.0097,15416.3
2020-01-16,1.55,1.81,1.58,259.127,266.716,101.3372,515119.0,3.6,128.0097,15416.3
2020-01-17,1.55,1.84,1.58,259.127,266.716,101.3372,515119.0,3.6,128.0097,15416.3
2020-01-18,1.55,1.84,1.58,259.127,266.716,101.3372,515119.0,3.6,128.0097,15416.3
2020-01-19,1.55,1.84,1.58,259.127,266.716,101.3372,515119.0,3.6,128.0097,15416.3
2020-01-20,1.55,1.84,1.58,259.127,266.716,101.3372,515119.0,3.6,128.0097,15416.3
2020-01-21,1.55,1.78,1.53,259.127,266.716,101.3372,515119.0,3.6,128.0097,15416.3
2020-01-22,1.55,1.77,1.53,259.127,266.716,101.3372,515119.0,3.6,128.0097,15416.3
2020-01-23,1.55,1.74,1.51,259.127,266.716,101.3372,515119.0,3.6,128.0097,15416.3
2020-01-24,1.55,1.7,1.49,259.127,266.716,101.3372,515119.0,3.6,128.0097,15416.3
2020-01-25,1.55,1.7,1.49,259.127,266.716,101.3372,515119.0,3.6,128.0097,15416.3
2020-01-26,1.55,1.7,1.49,259.127,266.716,101.3372,515119.0,3.6,128.0097,15416.3
2020-01-27,1.55,1.61,1.44,259.127,266.716,101.3372,515119.0,3.6,128.0097,15416.3
2020-01-28,1.55,1.65,1.45,259.127,266.716,101.3372,515119.0,3.6,128.0097,15416.3
2020-01-29,1.55,1.6,1.42,259.127,266.716,101.3372,515119.0,3.6,128.0097,15416.3
2020-01-30,1.55,1.57,1.41,259.127,266.716,101.3372,515119.0,3.6,128.0097,15416.3
2020-01-31,1.55,1.51,1.33,259.127,266.716,101.3372,515119.0,3.6,128.0097,15416.3
2020-02-01,1.58,1.51,1.33,259.25,267.37,101.6718,515330.0,3.5,128.0097,15466.6
2020-02-02,1.58,1.51,1.33,259.25,267.37,101.6718,515330.0,3.5,128.0097,15466.6
2020-02-03,1.58,1.54,1.36,259.25,267.37,101.6718,515330.0,3.5,128.0097,15466.6
2020-02-04,1.58,1.61,1.41,259.25,267.37,101.6718,515330.0,3.5,128.0097,15466.6
2020-02-05,1.58,1.66,1.44,259.25,267.37,101.6718,515330.0,3.5,128.0097,15466.6
2020-02-06,1.58,1.65,1.44,259.25,267.37,101.6718,515330.0,3.5,128.0097,15466.6
2020-02-07,1.58,1.59,1.41,259.25,267.37,101.6718,515330.0,3.5,128.0097,15466.6
2020-02-08,1.58,1.59,1.41,259.25,267.37,101.6718,515330.0,3.5,128.0097,15466.6
2020-02-09,1.58,1.59,1.41,259.25,267.37,101.6718,515330.0,3.5,128.0097,15466.6
2020-02-10,1.58,1.56,1.37,259.25,267.37,101.6718,515330.0,3.5,128.0097,15466.6
2020-02-11,1.58,1.59,1.41,259.25,267.37,101.6718,515330.0,3.5,128.0097,15466.6
2020-02-12,1.58,1.62,1.44,259.25,267.37,101.6718,515330.0,3.5,128.0097,15466.6
2020-02-13,1.58,1.61,1.44,259.25,267.37,101.6718,515330.0,3.5,128.0097,15466.6
2020-02-14,1.58,1.59,1.42,259.25,267.37,101.6718,515330.0,3.5,128.0097,15466.6
2020-02-15,1.58,1.59,1.42,259.25,267.37,101.6718,515330.0,3.5,128.0097,15466.6
2020-02-16,1.58,1.59,1.42,259.25,267.37,101.6718,515330.0,3.5,128.0097,15466.6
2020-02-17,1.58,1.59,1.42,259.25,267.37,101.6718,515330.0,3.5,128.0097,15466.6
2020-02-18,1.58,1.55,1.41,259.25,267.37,101.6718,515330.0,3.5,128.0097,15466.6
2020-02-19,1.58,1.56,1.42,259.25,267.37,101.6718,515330.0,3.5,128.0097,15466.6
2020-02-20,1.58,1.52,1.39,259.25,267.37,101.6718,515330.0,3.5,128.0097,15466.6
2020-02-21,1.58,1.46,1.34,259.25,267.37,101.6718,515330.0,3.5,128.0097,15466.6
2020-02-22,1.58,1.46,1.34,259.25,267.37,101.6718,515330.0,3.5,128.0097,15466.6
2020-02-23,1.58,1.46,1.34,259.25,267.37,101.6718,515330.0,3.5,128.0097,15466.6
2020-02-24,1.58,1.38,1.26,259.25,267.37,101.6718,515330.0,3.5,128.0097,15466.6
2020-02-25,1.58,1.33,1.2,259.25,267.37,101.6718,515330.0,3.5,128.0097,15466.6
2020-02-26,1.58,1.33,1.16,259.25,267.37,101.6718,515330.0,3.5,128.0097,15466.6
2020-02-27,1.58,1.3,1.11,259.25,267.37,101.6718,515330.0,3.5,128.0097,15466.6
2020-02-28,1.58,1.13,0.86,259.25,267.37,101.6718,515330.0,3.5,128.0097,15466.6
2020-02-29,1.58,1.13,0.86,259.25,267.37,101.6718,515330.0,3.5,128.0097,15466.6
2020-03-01,0.65,1.13,0.86,258.076,267.054,97.606,468324.0,4.4,128.0097,15993.4
2020-03-02,0.65,1.1,0.84,258.076,267.054,97.606,468324.0,4.4,128.0097,15993.4
2020-03-03,0.65,1.02,0.71,258.076,267.054,97.606,468324.0,4.4,128.0097,15993.4
2020-03-04,0.65,1.02,0.67,258.076,267.054,97.606,468324.0,4.4,128.0097,15993.4
2020-03-05,0.65,0.92,0.59,258.076,267.054,97.606,468324.0,4.4,128.0097,15993.4
2020-03-06,0.65,0.74,0.49,258.076,267.054,97.606,468324.0,4.4,128.0097,15993.4
2020-03-07,0.65,0.74,0.49,258.076,267.054,97.606,468324.0,4.4,128.0097,15993.4
2020-03-08,0.65,0.74,0.49,258.076,267.054,97.606,468324.0,4.4,128.0097,15993.4
2020-03-09,0.65,0.54,0.38,258.076,267.054,97.606,468324.0,4.4,128.0097,15993.4
2020-03-10,0.65,0.76,0.5,258.076,267.054,97.606,468324.0,4.4,128.0097,15993.4
2020-03-11,0.65,0.82,0.5,258.076,267.054,97.606,468324.0,4.4,128.0097,15993.4
2020-03-12,0.65,0.88,0.5,258.076,267.054,97.606,468324.0,4.4,128.0097,15993.4
2020-03-13,0.65,0.94,0.49,258.076,267.054,97.606,468324.0,4.4,128.0097,15993.4
2020-03-14,0.65,0.94,0.49,258.076,267.054,97.606,468324.0,4.4,128.0097,15993.4
2020-03-15,0.65,0.94,0.49,258.076,267.054,97.606,468324.0,4.4,128.0097,15993.4
2020-03-16,0.65,0.73,0.36,258.076,267.054,97.606,468324.0,4.4,128.0097,15993.4
2020-03-17,0.65,1.02,0.47,258.076,267.054,97.606,468324.0,4.4,128.0097,15993.4
2020-03-18,0.65,1.18,0.54,258.076,267.054,97.606,468324.0,4.4,128.0097,15993.4
2020-03-19,0.65,1.12,0.44,258.076,267.054,97.606,468324.0,4.4,128.0097,15993.4
2020-03-20,0.65,0.92,0.37,258.076,267.054,97.606,468324.0,4.4,128.0097,15993.4
2020-03-21,0.65,0.92,0.37,258.076,267.054,97.606,468324.0,4.4,128.0097,15993.4
2020-03-22,0.65,0.92,0.37,258.076,267.054,97.606,468324.0,4.4,128.0097,15993.4
2020-03-23,0.65,0.76,0.28,258.076,267.054,97.606,468324.0,4.4,128.0097,15993.4
2020-03-24,0.65,0.84,0.38,258.076,267.054,97.606,468324.0,4.4,128.0097,15993.4
2020-03-25,0.65,0.88,0.34,258.076,267.054,97.606,468324.0,4.4,128.0097,15993.4
2020-03-26,0.65,0.83,0.3,258.076,267.054,97.606,468324.0,4.4,128.0097,15993.4
2020-03-27,0.65,0.72,0.25,258.076,267.054,97.606,468324.0,4.4,128.0097,15993.4
2020-03-28,0.65,0.72,0.25,258.076,267.054,97.606,468324.0,4.4,128.0097,15993.4
2020-03-29,0.65,0.72,0.25,258.076,267.054,97.606,468324.0,4.4,128.0097,15993.4
2020-03-30,0.65,0.7,0.23,258.076,267.054,97.606,468324.0,4.4,128.0097,15993.4
2020-03-31,0.65,0.7,0.23,258.076,267.054,97.606,468324.0,4.4,128.0097,15993.4
2020-04-01,0.05,0.62,0.23,256.032,265.746,84.6812,401028.0,14.8,128.0097,17005.4
2020-04-02,0.05,0.63,0.23,256.032,265.746,84.6812,401028.0,14.8,128.0097,17005.4
2020-04-03,0.05,0.62,0.23,256.032,265.746,84.6812,401028.0,14.8,128.0097,17005.4
2020-04-04,0.05,0.62,0.23,256.032,265.746,84.6812,401028.0,14.8,128.0097,17005.4
2020-04-05,0.05,0.62,0.23,256.032,265.746,84.6812,401028.0,14.8,128.0097,17005.4
2020-04-06,0.05,0.67,0.27,256.032,265.746,84.6812,401028.0,14.8,128.0097,17005.4
2020-04-07,0.05,0.75,0.28,256.032,265.746,84.6812,401028.0,14.8,128.0097,17005.4
2020-04-08,0.05,0.77,0.27,256.032,265.746,84.6812,401028.0,14.8,128.0097,17005.4
2020-04-09,0.05,0.73,0.23,256.032,265.746,84.6812,401028.0,14.8,128.0097,17005.4
2020-04-10,0.05,0.73,0.23,256.032,265.746,84.6812,401028.0,14.8,128.0097,17005.4
2020-04-11,0.05,0.73,0.23,256.032,265.746,84.6812,401028.0,14.8,128.0097,17005.4
2020-04-12,0.05,0.73,0.23,256.032,265.746,84.6812,401028.0,14.8,128.0097,17005.4
2020-04-13,0.05,0.76,0.25,256.032,265.746,84.6812,401028.0,14.8,128.0097,17005.4
2020-04-14,0.05,0.76,0.23,256.032,265.746,84.6812,401028.0,14.8,128.0097,17005.4
2020-04-15,0.05,0.63,0.2,256.032,265.746,84.6812,401028.0,14.8,128.0097,17005.4
2020-04-16,0.05,0.61,0.2,256.032,265.746,84.6812,401028.0,14.8,128.0097,17005.4
2020-04-17,0.05,0.65,0.2,256.032,265.746,84.6812,401028.0,14.8,128.0097,17005.4
2020-04-18,0.05,0.65,0.2,256.032,265.746,84.6812,401028.0,14.8,128.0097,17005.4
2020-04-19,0.05,0.65,0.2,256.032,265.746,84.6812,401028.0,14.8,128.0097,17005.4
2020-04-20,0.05,0.63,0.2,256.032,265.746,84.6812,401028.0,14.8,128.0097,17005.4
2020-04-21,0.05,0.58,0.2,256.032,265.746,84.6812,401028.0,14.8,128.0097,17005.4
2020-04-22,0.05,0.63,0.22,256.032,265.746,84.6812,401028.0,14.8,128.0097,17005.4
2020-04-23,0.05,0.61,0.22,256.032,265.746,84.6812,401028.0,14.8,128.0097,17005.4
2020-04-24,0.05,0.6,0.22,256.032,265.746,84.6812,401028.0,14.8,128.0097,17005.4
2020-04-25,0.05,0.6,0.22,256.032,265.746,84.6812,401028.0,14.8,128.0097,17005.4
2020-04-26,0.05,0.6,0.22,256.032,265.746,84.6812,401028.0,14.8,128.0097,17005.4
2020-04-27,0.05,0.67,0.24,256.032,265.746,84.6812,401028.0,14.8,128.0097,17005.4
2020-04-28,0.05,0.62,0.2,256.032,265.746,84.6812,401028.0,14.8,128.0097,17005.4
2020-04-29,0.05,0.63,0.2,256.032,265.746,84.6812,401028.0,14.8,128.0097,17005.4
2020-04-30,0.05,0.64,0.2,256.032,265.746,84.6812,401028.0,14.8,128.0097,17005.4
2020-05-01,0.05,0.64,0.2,255.802,265.412,86.0108,478449.0,13.2,128.0097,17852.9
2020-05-02,0.05,0.64,0.2,255.802,265.412,86.0108,478449.0,13.2,128.0097,17852.9
2020-05-03,0.05,0.64,0.2,255.802,265.412,86.0108,478449.0,13.2,128.0097,17852.9
2020-05-04,0.05,0.64,0.19,255.802,265.412,86.0108,478449.0,13.2,128.0097,17852.9
2020-05-05,0.05,0.66,0.19,255.802,265.412,86.0108,478449.0,13.2,128.0097,17852.9
2020-05-06,0.05,0.72,0.17,255.802,265.412,86.0108,478449.0,13.2,128.0097,17852.9
2020-05-07,0.05,0.63,0.13,255.802,265.412,86.0108,478449.0,13.2,128.0097,17852.9
2020-05-08,0.05,0.69,0.16,255.802,265.412,86.0108,478449.0,13.2,128.0097,17852.9
2020-05-09,0.05,0.69,0.16,255.802,265.412,86.0108,478449.0,13.2,128.0097,17852.9
2020-05-10,0.05,0.69,0.16,255.802,265.412,86.0108,478449.0,13.2,128.0097,17852.9
2020-05-11,0.05,0.73,0.17,255.802,265.412,86.0108,478449.0,13.2,128.0097,17852.9
2020-05-12,0.05,0.69,0.17,255.802,265.412,86.0108,478449.0,13.2,128.0097,17852.9
2020-05-13,0.05,0.64,0.16,255.802,265.412,86.0108,478449.0,13.2,128.0097,17852.9
2020-05-14,0.05,0.63,0.16,255.802,265.412,86.0108,478449.0,13.2,128.0097,17852.9
2020-05-15,0.05,0.64,0.16,255.802,265.412,86.0108,478449.0,13.2,128.0097,17852.9
2020-05-16,0.05,0.64,0.16,255.802,265.412,86.0108,478449.0,13.2,128.0097,17852.9
2020-05-17,0.05,0.64,0.16,255.802,265.412,86.0108,478449.0,13.2,128.0097,17852.9
2020-05-18,0.05,0.73,0.18,255.802,265.412,86.0108,478449.0,13.2,128.0097,17852.9
2020-05-19,0.05,0.7,0.17,255.802,265.412,86.0108,478449.0,13.2,128.0097,17852.9
2020-05-20,0.05,0.68,0.16,255.802,265.412,86.0108,478449.0,13.2,128.0097,17852.9
2020-05-21,0.05,0.68,0.17,255.802,265.412,86.0108,478449.0,13.2,128.0097,17852.9
2020-05-22,0.05,0.66,0.17,255.802,265.412,86.0108,478449.0,13.2,128.0097,17852.9
2020-05-23,0.05,0.66,0.17,255.802,265.412,86.0108,478449.0,13.2,128.0097,17852.9
2020-05-24,0.05,0.66,0.17,255.802,265.412,86.0108,478449.0,13.2,128.0097,17852.9
2020-05-25,0.05,0.66,0.17,255.802,265.412,86.0108,478449.0,13.2,128.0097,17852.9
2020-05-26,0.05,0.69,0.18,255.802,265.412,86.0108,478449.0,13.2,128.0097,17852.9
2020-05-27,0.05,0.68,0.19,255.802,265.412,86.0108,478449.0,13.2,128.0097,17852.9
2020-05-28,0.05,0.7,0.17,255.802,265.412,86.0108,478449.0,13.2,128.0097,17852.9
2020-05-29,0.05,0.65,0.16,255.802,265.412,86.0108,478449.0,13.2,128.0097,17852.9
2020-05-30,0.05,0.65,0.16,255.802,265.412,86.0108,478449.0,13.2,128.0097,17852.9
2020-05-31,0.05,0.65,0.16,255.802,265.412,86.0108,478449.0,13.2,128.0097,17852.9
2020-06-01,0.08,0.66,0.14,257.042,265.849,91.6745,518038.0,11.0,128.0097,18140.6
2020-06-02,0.08,0.68,0.17,257.042,265.849,91.6745,518038.0,11.0,128.0097,18140.6
2020-06-03,0.08,0.77,0.19,257.042,265.849,91.6745,518038.0,11.0,128.0097,18140.6
2020-06-04,0.08,0.82,0.19,257.042,265.849,91.6745,518038.0,11.0,128.0097,18140.6
2020-06-05,0.08,0.91,0.22,257.042,265.849,91.6745,518038.0,11.0,128.0097,18140.6
2020-06-06,0.08,0.91,0.22,257.042,265.849,91.6745,518038.0,11.0,128.0097,18140.6
2020-06-07,0.08,0.91,0.22,257.042,265.849,91.6745,518038.0,11.0,128.0097,18140.6
2020-06-08,0.08,0.88,0.22,257.042,265.849,91.6745,518038.0,11.0,128.0097,18140.6
2020-06-09,0.08,0.84,0.2,257.042,265.849,91.6745,518038.0,11.0,128.0097,18140.6
2020-06-10,0.08,0.75,0.17,257.042,265.849,91.6745,518038.0,11.0,128.0097,18140.6
2020-06-11,0.08,0.66,0.19,257.042,265.849,91.6745,518038.0,11.0,128.0097,18140.6
2020-06-12,0.08,0.71,0.19,257.042,265.849,91.6745,518038.0,11.0,128.0097,18140.6
2020-06-13,0.08,0.71,0.19,257.042,265.849,91.6745,518038.0,11.0,128.0097,18140.6
2020-06-14,0.08,0.71,0.19,257.042,265.849,91.6745,518038.0,11.0,128.0097,18140.6
2020-06-15,0.08,0.71,0.19,257.042,265.849,91.6745,518038.0,11.0,128.0097,18140.6
2020-06-16,0.08,0.75,0.21,257.042,265.849,91.6745,518038.0,11.0,128.0097,18140.6
2020-06-17,0.08,0.74,0.19,257.042,265.849,91.6745,518038.0,11.0,128.0097,18140.6
2020-06-18,0.08,0.71,0.19,257.042,265.849,91.6745,518038.0,11.0,128.0097,18140.6
2020-06-19,0.08,0.7,0.19,257.042,265.849,91.6745,518038.0,11.0,128.0097,18140.6
2020-06-20,0.08,0.7,0.19,257.042,265.849,91.6745,518038.0,11.0,128.0097,18140.6
2020-06-21,0.08,0.7,0.19,257.042,265.849,91.6745,518038.0,11.0,128.0097,18140.6
2020-06-22,0.08,0.71,0.19,257.042,265.849,91.6745,518038.0,11.0,128.0097,18140.6
2020-06-23,0.08,0.72,0.18,257.042,265.849,91.6745,518038.0,11.0,128.0097,18140.6
2020-06-24,0.08,0.69,0.19,257.042,265.849,91.6745,518038.0,11.0,128.0097,18140.6
2020-06-25,0.08,0.68,0.17,257.042,265.849,91.6745,518038.0,11.0,128.0097,18140.6
2020-06-26,0.08,0.64,0.17,257.042,265.849,91.6745,518038.0,11.0,128.0097,18140.6
2020-06-27,0.08,0.64,0.17,257.042,265.849,91.6745,518038.0,11.0,128.0097,18140.6
2020-06-28,0.08,0.64,0.17,257.042,265.849,91.6745,518038.0,11.0,128.0097,18140.6
2020-06-29,0.08,0.64,0.16,257.042,265.849,91.6745,518038.0,11.0,128.0097,18140.6
2020-06-30,0.08,0.66,0.16,257.042,265.849,91.6745,518038.0,11.0,128.0097,18140.6
2020-07-01,0.09,0.69,0.17,258.352,267.389,95.0037,526304.0,10.2,128.0097,18297.7
2020-07-02,0.09,0.68,0.16,258.352,267.389,95.0037,526304.0,10.2,128.0097,18297.7
2020-07-03,0.09,0.68,0.16,258.352,267.389,95.0037,526304.0,10.2,128.0097,18297.7
2020-07-04,0.09,0.68,0.16,258.352,267.389,95.0037,526304.0,10.2,128.0097,18297.7
2020-07-05,0.09,0.68,0.16,258.352,267.389,95.0037,526304.0,10.2,128.0097,18297.7
2020-07-06,0.09,0.69,0.16,258.352,267.389,95.0037,526304.0,10.2,128.0097,18297.7
2020-07-07,0.09,0.65,0.16,258.352,267.389,95.0037,526304.0,10.2,128.0097,18297.7
2020-07-08,0.09,0.67,0.16,258.352,267.389,95.0037,526304.0,10.2,128.0097,18297.7
2020-07-09,0.09,0.62,0.16,258.352,267.389,95.0037,526304.0,10.2,128.0097,18297.7
2020-07-10,0.09,0.65,0.16,258.352,267.389,95.0037,526304.0,10.2,128.0097,18297.7
2020-07-11,0.09,0.65,0.16,258.352,267.389,95.0037,526304.0,10.2,128.0097,18297.7
2020-07-12,0.09,0.65,0.16,258.352,267.389,95.0037,526304.0,10.2,128.0097,18297.7
2020-07-13,0.09,0.64,0.16,258.352,267.389,95.0037,526304.0,10.2,128.0097,18297.7
2020-07-14,0.09,0.63,0.14,258.352,267.389,95.0037,526304.0,10.2,128.0097,18297.7
2020-07-15,0.09,0.64,0.16,258.352,267.389,95.0037,526304.0,10.2,128.0097,18297.7
2020-07-16,0.09,0.62,0.16,258.352,267.389,95.0037,526304.0,10.2,128.0097,18297.7
2020-07-17,0.09,0.64,0.14,258.352,267.389,95.0037,526304.0,10.2,128.0097,18297.7
2020-07-18,0.09,0.64,0.14,258.352,267.389,95.0037,526304.0,10.2,128.0097,18297.7
2020-07-19,0.09,0.64,0.14,258.352,267.389,95.0037,526304.0,10.2,128.0097,18297.7
2020-07-20,0.09,0.62,0.16,258.352,267.389,95.0037,526304.0,10.2,128.0097,18297.7
2020-07-21,0.09,0.61,0.14,258.352,267.389,95.0037,526304.0,10.2,128.0097,18297.7
2020-07-22,0.09,0.6,0.14,258.352,267.389,95.0037,526304.0,10.2,128.0097,18297.7
2020-07-23,0.09,0.59,0.16,258.352,267.389,95.0037,526304.0,10.2,128.0097,18297.7
2020-07-24,0.09,0.59,0.14,258.352,267.389,95.0037,526304.0,10.2,128.0097,18297.7
2020-07-25,0.09,0.59,0.14,258.352,267.389,95.0037,526304.0,10.2,128.0097,18297.7
2020-07-26,0.09,0.59,0.14,258.352,267.389,95.0037,526304.0,10.2,128.0097,18297.7
2020-07-27,0.09,0.62,0.15,258.352,267.389,95.0037,526304.0,10.2,128.0097,18297.7
2020-07-28,0.09,0.59,0.14,258.352,267.389,95.0037,526304.0,10.2,128.0097,18297.7
2020-07-29,0.09,0.58,0.12,258.352,267.389,95.0037,526304.0,10.2,128.0097,18297.7
2020-07-30,0.09,0.55,0.11,258.352,267.389,95.0037,526304.0,10.2,128.0097,18297.7
2020-07-31,0.09,0.55,0.11,258.352,267.389,95.0037,526304.0,10.2,128.0097,18297.7
2020-08-01,0.1,0.55,0.11,259.316,268.422,95.9294,530735.0,8.4,128.0097,18364.1
2020-08-02,0.1,0.55,0.11,259.316,268.422,95.9294,530735.0,8.4,128.0097,18364.1
2020-08-03,0.1,0.56,0.11,259.316,268.422,95.9294,530735.0,8.4,128.0097,18364.1
2020-08-04,0.1,0.52,0.11,259.316,268.422,95.9294,530735.0,8.4,128.0097,18364.1
2020-08-05,0.1,0.55,0.11,259.316,268.422,95.9294,530735.0,8.4,128.0097,18364.1
2020-08-06,0.1,0.55,0.11,259.316,268.422,95.9294,530735.0,8.4,128.0097,18364.1
2020-08-07,0.1,0.57,0.13,259.316,268.422,95.9294,530735.0,8.4,128.0097,18364.1
2020-08-08,0.1,0.57,0.13,259.316,268.422,95.9294,530735.0,8.4,128.0097,18364.1
2020-08-09,0.1,0.57,0.13,259.316,268.422,95.9294,530735.0,8.4,128.0097,18364.1
2020-08-10,0.1,0.59,0.14,259.316,268.422,95.9294,530735.0,8.4,128.0097,18364.1
2020-08-11,0.1,0.64,0.16,259.316,268.422,95.9294,530735.0,8.4,128.0097,18364.1
2020-08-12,0.1,0.69,0.16,259.316,268.422,95.9294,530735.0,8.4,128.0097,18364.1
2020-08-13,0.1,0.71,0.16,259.316,268.422,95.9294,530735.0,8.4,128.0097,18364.1
2020-08-14,0.1,0.71,0.14,259.316,268.422,95.9294,530735.0,8.4,128.0097,18364.1
2020-08-15,0.1,0.71,0.14,259.316,268.422,95.9294,530735.0,8.4,128.0097,18364.1
2020-08-16,0.1,0.71,0.14,259.316,268.422,95.9294,530735.0,8.4,128.0097,18364.1
2020-08-17,0.1,0.69,0.14,259.316,268.422,95.9294,530735.0,8.4,128.0097,18364.1
2020-08-18,0.1,0.67,0.14,259.316,268.422,95.9294,530735.0,8.4,128.0097,18364.1
2020-08-19,0.1,0.68,0.14,259.316,268.422,95.9294,530735.0,8.4,128.0097,18364.1
2020-08-20,0.1,0.65,0.13,259.316,268.422,95.9294,530735.0,8.4,128.0097,18364.1
2020-08-21,0.1,0.64,0.16,259.316,268.422,95.9294,530735.0,8.4,128.0097,18364.1
2020-08-22,0.1,0.64,0.16,259.316,268.422,95.9294,530735.0,8.4,128.0097,18364.1
2020-08-23,0.1,0.64,0.16,259.316,268.422,95.9294,530735.0,8.4,128.0097,18364.1
2020-08-24,0.1,0.65,0.14,259.316,268.422,95.9294,530735.0,8.4,128.0097,18364.1
2020-08-25,0.1,0.69,0.15,259.316,268.422,95.9294,530735.0,8.4,128.0097,18364.1
2020-08-26,0.1,0.69,0.16,259.316,268.422,95.9294,530735.0,8.4,128.0097,18364.1
2020-08-27,0.1,0.74,0.16,259.316,268.422,95.9294,530735.0,8.4,128.0097,18364.1
2020-08-28,0.1,0.74,0.14,259.316,268.422,95.9294,530735.0,8.4,128.0097,18364.1
2020-08-29,0.1,0.74,0.14,259.316,268.422,95.9294,530735.0,8.4,128.0097,18364.1
2020-08-30,0.1,0.74,0.14,259.316,268.422,95.9294,530735.0,8.4,128.0097,18364.1
2020-08-31,0.1,0.72,0.14,259.316,268.422,95.9294,530735.0,8.4,128.0097,18364.1
2020-09-01,0.09,0.68,0.13,259.997,268.933,95.8914,541302.0,7.8,128.0097,18596.4
2020-09-02,0.09,0.66,0.14,259.997,268.933,95.8914,541302.0,7.8,128.0097,18596.4
2020-09-03,0.09,0.63,0.13,259.997,268.933,95.8914,541302.0,7.8,128.0097,18596.4
2020-09-04,0.09,0.72,0.14,259.997,268.933,95.8914,541302.0,7.8,128.0097,18596.4
2020-09-05,0.09,0.72,0.14,259.997,268.933,95.8914,541302.0,7.8,128.0097,18596.4
2020-09-06,0.09,0.72,0.14,259.997,268.933,95.8914,541302.0,7.8,128.0097,18596.4
2020-09-07,0.09,0.72,0.14,259.997,268.933,95.8914,541302.0,7.8,128.0097,18596.4
2020-09-08,0.09,0.69,0.14,259.997,268.933,95.8914,541302.0,7.8,128.0097,18596.4
2020-09-09,0.09,0.71,0.14,259.997,268.933,95.8914,541302.0,7.8,128.0097,18596.4
2020-09-10,0.09,0.68,0.14,259.997,268.933,95.8914,541302.0,7.8,128.0097,18596.4
2020-09-11,0.09,0.67,0.13,259.997,268.933,95.8914,541302.0,7.8,128.0097,18596.4
2020-09-12,0.09,0.67,0.13,259.997,268.933,95.8914,541302.0,7.8,128.0097,18596.4
2020-09-13,0.09,0.67,0.13,259.997,268.933,95.8914,541302.0,7.8,128.0097,18596.4
2020-09-14,0.09,0.68,0.14,259.997,268.933,95.8914,541302.0,7.8,128.0097,18596.4
2020-09-15,0.09,0.68,0.14,259.997,268.933,95.8914,541302.0,7.8,128.0097,18596.4
2020-09-16,0.09,0.69,0.14,259.997,268.933,95.8914,541302.0,7.8,128.0097,18596.4
2020-09-17,0.09,0.69,0.13,259.997,268.933,95.8914,541302.0,7.8,128.0097,18596.4
2020-09-18,0.09,0.7,0.14,259.997,268.933,95.8914,541302.0,7.8,128.0097,18596.4
2020-09-19,0.09,0.7,0.14,259.997,268.933,95.8914,541302.0,7.8,128.0097,18596.4
2020-09-20,0.09,0.7,0.14,259.997,268.933,95.8914,541302.0,7.8,128.0097,18596.4
2020-09-21,0.09,0.68,0.14,259.997,268.933,95.8914,541302.0,7.8,128.0097,18596.4
2020-09-22,0.09,0.68,0.13,259.997,268.933,95.8914,541302.0,7.8,128.0097,18596.4
2020-09-23,0.09,0.68,0.14,259.997,268.933,95.8914,541302.0,7.8,128.0097,18596.4
2020-09-24,0.09,0.67,0.14,259.997,268.933,95.8914,541302.0,7.8,128.0097,18596.4
2020-09-25,0.09,0.66,0.12,259.997,268.933,95.8914,541302.0,7.8,128.0097,18596.4
2020-09-26,0.09,0.66,0.12,259.997,268.933,95.8914,541302.0,7.8,128.0097,18596.4
2020-09-27,0.09,0.66,0.12,259.997,268.933,95.8914,541302.0,7.8,128.0097,18596.4
2020-09-28,0.09,0.67,0.14,259.997,268.933,95.8914,541302.0,7.8,128.0097,18596.4
2020-09-29,0.09,0.66,0.11,259.997,268.933,95.8914,541302.0,7.8,128.0097,18596.4
2020-09-30,0.09,0.69,0.13,259.997,268.933,95.8914,541302.0,7.8,128.0097,18596.4
2020-10-01,0.09,0.68,0.14,260.319,269.306,96.5256,539114.0,6.9,128.0097,18751.1
2020-10-02,0.09,0.7,0.13,260.319,269.306,96.5256,539114.0,6.9,128.0097,18751.1
2020-10-03,0.09,0.7,0.13,260.319,269.306,96.5256,539114.0,6.9,128.0097,18751.1
2020-10-04,0.09,0.7,0.13,260.319,269.306,96.5256,539114.0,6.9,128.0097,18751.1
2020-10-05,0.09,0.78,0.14,260.319,269.306,96.5256,539114.0,6.9,128.0097,18751.1
2020-10-06,0.09,0.76,0.14,260.319,269.306,96.5256,539114.0,6.9,128.0097,18751.1
2020-10-07,0.09,0.81,0.16,260.319,269.306,96.5256,539114.0,6.9,128.0097,18751.1
2020-10-08,0.09,0.78,0.13,260.319,269.306,96.5256,539114.0,6.9,128.0097,18751.1
2020-10-09,0.09,0.79,0.16,260.319,269.306,96.5256,539114.0,6.9,128.0097,18751.1
2020-10-10,0.09,0.79,0.16,260.319,269.306,96.5256,539114.0,6.9,128.0097,18751.1
2020-10-11,0.09,0.79,0.16,260.319,269.306,96.5256,539114.0,6.9,128.0097,18751.1
2020-10-12,0.09,0.79,0.16,260.319,269.306,96.5256,539114.0,6.9,128.0097,18751.1
2020-10-13,0.09,0.74,0.16,260.319,269.306,96.5256,539114.0,6.9,128.0097,18751.1
2020-10-14,0.09,0.73,0.14,260.319,269.306,96.5256,539114.0,6.9,128.0097,18751.1
2020-10-15,0.09,0.74,0.14,260.319,269.306,96.5256,539114.0,6.9,128.0097,18751.1
2020-10-16,0.09,0.76,0.14,260.319,269.306,96.5256,539114.0,6.9,128.0097,18751.1
2020-10-17,0.09,0.76,0.14,260.319,269.306,96.5256,539114.0,6.9,128.0097,18751.1
2020-10-18,0.09,0.76,0.14,260.319,269.306,96.5256,539114.0,6.9,128.0097,18751.1
2020-10-19,0.09,0.78,0.16,260.319,269.306,96.5256,539114.0,6.9,128.0097,18751.1
2020-10-20,0.09,0.81,0.14,260.319,269.306,96.5256,539114.0,6.9,128.0097,18751.1
2020-10-21,0.09,0.83,0.14,260.319,269.306,96.5256,539114.0,6.9,128.0097,18751.1
2020-10-22,0.09,0.87,0.16,260.319,269.306,96.5256,539114.0,6.9,128.0097,18751.1
2020-10-23,0.09,0.85,0.18,260.319,269.306,96.5256,539114.0,6.9,128.0097,18751.1
2020-10-24,0.09,0.85,0.18,260.319,269.306,96.5256,539114.0,6.9,128.0097,18751.1
2020-10-25,0.09,0.85,0.18,260.319,269.306,96.5256,539114.0,6.9,128.0097,18751.1
2020-10-26,0.09,0.81,0.16,260.319,269.306,96.5256,539114.0,6.9,128.0097,18751.1
2020-10-27,0.09,0.79,0.16,260.319,269.306,96.5256,539114.0,6.9,128.0097,18751.1
2020-10-28,0.09,0.79,0.16,260.319,269.306,96.5256,539114.0,6.9,128.0097,18751.1
2020-10-29,0.09,0.85,0.16,260.319,269.306,96.5256,539114.0,6.9,128.0097,18751.1
2020-10-30,0.09,0.88,0.14,260.319,269.306,96.5256,539114.0,6.9,128.0097,18751.1
2020-10-31,0.09,0.88,0.14,260.319,269.306,96.5256,539114.0,6.9,128.0097,18751.1
2020-11-01,0.09,0.88,0.14,260.911,269.981,96.9529,533941.0,6.7,128.0097,18978.9
2020-11-02,0.09,0.87,0.16,260.911,269.981,96.9529,533941.0,6.7,128.0097,18978.9
2020-11-03,0.09,0.9,0.17,260.911,269.981,96.9529,533941.0,6.7,128.0097,18978.9
2020-11-04,0.09,0.78,0.14,260.911,269.981,96.9529,533941.0,6.7,128.0097,18978.9
2020-11-05,0.09,0.79,0.14,260.911,269.981,96.9529,533941.0,6.7,128.0097,18978.9
2020-11-06,0.09,0.83,0.16,260.911,269.981,96.9529,533941.0,6.7,128.0097,18978.9
2020-11-07,0.09,0.83,0.16,260.911,269.981,96.9529,533941.0,6.7,128.0097,18978.9
2020-11-08,0.09,0.83,0.16,260.911,269.981,96.9529,533941.0,6.7,128.0097,18978.9
2020-11-09,0.09,0.96,0.17,260.911,269.981,96.9529,533941.0,6.7,128.0097,18978.9
2020-11-10,0.09,0.98,0.19,260.911,269.981,96.9529,533941.0,6.7,128.0097,18978.9
2020-11-11,0.09,0.98,0.19,260.911,269.981,96.9529,533941.0,6.7,128.0097,18978.9
2020-11-12,0.09,0.88,0.17,260.911,269.981,96.9529,533941.0,6.7,128.0097,18978.9
2020-11-13,0.09,0.89,0.17,260.911,269.981,96.9529,533941.0,6.7,128.0097,18978.9
2020-11-14,0.09,0.89,0.17,260.911,269.981,96.9529,533941.0,6.7,128.0097,18978.9
2020-11-15,0.09,0.89,0.17,260.911,269.981,96.9529,533941.0,6.7,128.0097,18978.9
2020-11-16,0.09,0.91,0.19,260.911,269.981,96.9529,533941.0,6.7,128.0097,18978.9
2020-11-17,0.09,0.87,0.18,260.911,269.981,96.9529,533941.0,6.7,128.0097,18978.9
2020-11-18,0.09,0.88,0.16,260.911,269.981,96.9529,533941.0,6.7,128.0097,18978.9
2020-11-19,0.09,0.86,0.18,260.911,269.981,96.9529,533941.0,6.7,128.0097,18978.9
2020-11-20,0.09,0.83,0.16,260.911,269.981,96.9529,533941.0,6.7,128.0097,18978.9
2020-11-21,0.09,0.83,0.16,260.911,269.981,96.9529,533941.0,6.7,128.0097,18978.9
2020-11-22,0.09,0.83,0.16,260.911,269.981,96.9529,533941.0,6.7,128.0097,18978.9
2020-11-23,0.09,0.86,0.16,260.911,269.981,96.9529,533941.0,6.7,128.0097,18978.9
2020-11-24,0.09,0.88,0.16,260.911,269.981,96.9529,533941.0,6.7,128.0097,18978.9
2020-11-25,0.09,0.88,0.17,260.911,269.981,96.9529,533941.0,6.7,128.0097,18978.9
2020-11-26,0.09,0.88,0.17,260.911,269.981,96.9529,533941.0,6.7,128.0097,18978.9
2020-11-27,0.09,0.84,0.16,260.911,269.981,96.9529,533941.0,6.7,128.0097,18978.9
2020-11-28,0.09,0.84,0.16,260.911,269.981,96.9529,533941.0,6.7,128.0097,18978.9
2020-11-29,0.09,0.84,0.16,260.911,269.981,96.9529,533941.0,6.7,128.0097,18978.9
2020-11-30,0.09,0.84,0.16,260.911,269.981,96.9529,533941.0,6.7,128.0097,18978.9
2020-12-01,0.09,0.92,0.17,262.045,270.341,98.2039,538548.0,6.7,128.0097,19133.0
2020-12-02,0.09,0.95,0.16,262.045,270.341,98.2039,538548.0,6.7,128.0097,19133.0
2020-12-03,0.09,0.92,0.16,262.045,270.341,98.2039,538548.0,6.7,128.0097,19133.0
2020-12-04,0.09,0.97,0.16,262.045,270.341,98.2039,538548.0,6.7,128.0097,19133.0
2020-12-05,0.09,0.97,0.16,262.045,270.341,98.2039,538548.0,6.7,128.0097,19133.0
2020-12-06,0.09,0.97,0.16,262.045,270.341,98.2039,538548.0,6.7,128.0097,19133.0
2020-12-07,0.09,0.94,0.14,262.045,270.341,98.2039,538548.0,6.7,128.0097,19133.0
2020-12-08,0.09,0.92,0.14,262.045,270.341,98.2039,538548.0,6.7,128.0097,19133.0
2020-12-09,0.09,0.95,0.16,262.045,270.341,98.2039,538548.0,6.7,128.0097,19133.0
2020-12-10,0.09,0.92,0.14,262.045,270.341,98.2039,538548.0,6.7,128.0097,19133.0
2020-12-11,0.09,0.9,0.11,262.045,270.341,98.2039,538548.0,6.7,128.0097,19133.0
2020-12-12,0.09,0.9,0.11,262.045,270.341,98.2039,538548.0,6.7,128.0097,19133.0
2020-12-13,0.09,0.9,0.11,262.045,270.341,98.2039,538548.0,6.7,128.0097,19133.0
2020-12-14,0.09,0.9,0.13,262.045,270.341,98.2039,538548.0,6.7,128.0097,19133.0
2020-12-15,0.09,0.92,0.11,262.045,270.341,98.2039,538548.0,6.7,128.0097,19133.0
2020-12-16,0.09,0.92,0.13,262.045,270.341,98.2039,538548.0,6.7,128.0097,19133.0
2020-12-17,0.09,0.94,0.13,262.045,270.341,98.2039,538548.0,6.7,128.0097,19133.0
2020-12-18,0.09,0.95,0.13,262.045,270.341,98.2039,538548.0,6.7,128.0097,19133.0
2020-12-19,0.09,0.95,0.13,262.045,270.341,98.2039,538548.0,6.7,128.0097,19133.0
2020-12-20,0.09,0.95,0.13,262.045,270.341,98.2039,538548.0,6.7,128.0097,19133.0
2020-12-21,0.09,0.95,0.13,262.045,270.341,98.2039,538548.0,6.7,128.0097,19133.0
2020-12-22,0.09,0.93,0.13,262.045,270.341,98.2039,538548.0,6.7,128.0097,19133.0
2020-12-23,0.09,0.96,0.13,262.045,270.341,98.2039,538548.0,6.7,128.0097,19133.0
2020-12-24,0.09,0.94,0.13,262.045,270.341,98.2039,538548.0,6.7,128.0097,19133.0
2020-12-25,0.09,0.94,0.13,262.045,270.341,98.2039,538548.0,6.7,128.0097,19133.0
2020-12-26,0.09,0.94,0.13,262.045,270.341,98.2039,538548.0,6.7,128.0097,19133.0
2020-12-27,0.09,0.94,0.13,262.045,270.341,98.2039,538548.0,6.7,128.0097,19133.0
2020-12-28,0.09,0.94,0.13,262.045,270.341,98.2039,538548.0,6.7,128.0097,19133.0
2020-12-29,0.09,0.94,0.12,262.045,270.341,98.2039,538548.0,6.7,128.0097,19133.0
2020-12-30,0.09,0.93,0.12,262.045,270.341,98.2039,538548.0,6.7,128.0097,19133.0
2020-12-31,0.09,0.93,0.13,262.045,270.341,98.2039,538548.0,6.7,128.0097,19133.0
2021-01-01,0.09,0.93,0.13,262.639,270.416,98.8135,559230.0,6.4,128.0097,19359.5
2021-01-02,0.09,0.93,0.13,262.639,270.416,98.8135,559230.0,6.4,128.0097,19359.5
2021-01-03,0.09,0.93,0.13,262.639,270.416,98.8135,559230.0,6.4,128.0097,19359.5
2021-01-04,0.09,0.93,0.11,262.639,270.416,98.8135,559230.0,6.4,128.0097,19359.5
2021-01-05,0.09,0.96,0.13,262.639,270.416,98.8135,559230.0,6.4,128.0097,19359.5
2021-01-06,0.09,1.04,0.14,262.639,270.416,98.8135,559230.0,6.4,128.0097,19359.5
2021-01-07,0.09,1.08,0.14,262.639,270.416,98.8135,559230.0,6.4,128.0097,19359.5
2021-01-08,0.09,1.13,0.14,262.639,270.416,98.8135,559230.0,6.4,128.0097,19359.5
2021-01-09,0.09,1.13,0.14,262.639,270.416,98.8135,559230.0,6.4,128.0097,19359.5
2021-01-10,0.09,1.13,0.14,262.639,270.416,98.8135,559230.0,6.4,128.0097,19359.5
2021-01-11,0.09,1.15,0.14,262.639,270.416,98.8135,559230.0,6.4,128.0097,19359.5
2021-01-12,0.09,1.15,0.14,262.639,270.416,98.8135,559230.0,6.4,128.0097,19359.5
2021-01-13,0.09,1.1,0.14,262.639,270.416,98.8135,559230.0,6.4,128.0097,19359.5
2021-01-14,0.09,1.15,0.16,262.639,270.416,98.8135,559230.0,6.4,128.0097,19359.5
2021-01-15,0.09,1.11,0.13,262.639,270.416,98.8135,559230.0,6.4,128.0097,19359.5
2021-01-16,0.09,1.11,0.13,262.639,270.416,98.8135,559230.0,6.4,128.0097,19359.5
2021-01-17,0.09,1.11,0.13,262.639,270.416,98.8135,559230.0,6.4,128.0097,19359.5
2021-01-18,0.09,1.11,0.13,262.639,270.416,98.8135,559230.0,6.4,128.0097,19359.5
2021-01-19,0.09,1.1,0.14,262.639,270.416,98.8135,559230.0,6.4,128.0097,19359.5
2021-01-20,0.09,1.1,0.13,262.639,270.416,98.8135,559230.0,6.4,128.0097,19359.5
2021-01-21,0.09,1.12,0.13,262.639,270.416,98.8135,559230.0,6.4,128.0097,19359.5
2021-01-22,0.09,1.1,0.13,262.639,270.416,98.8135,559230.0,6.4,128.0097,19359.5
2021-01-23,0.09,1.1,0.13,262.639,270.416,98.8135,559230.0,6.4,128.0097,19359.5
2021-01-24,0.09,1.1,0.13,262.639,270.416,98.8135,559230.0,6.4,128.0097,19359.5
2021-01-25,0.09,1.05,0.13,262.639,270.416,98.8135,559230.0,6.4,128.0097,19359.5
2021-01-26,0.09,1.05,0.11,262.639,270.416,98.8135,559230.0,6.4,128.0097,19359.5
2021-01-27,0.09,1.04,0.12,262.639,270.416,98.8135,559230.0,6.4,128.0097,19359.5
2021-01-28,0.09,1.07,0.12,262.639,270.416,98.8135,559230.0,6.4,128.0097,19359.5
2021-01-29,0.09,1.11,0.11,262.639,270.416,98.8135,559230.0,6.4,128.0097,19359.5
2021-01-30,0.09,1.11,0.11,262.639,270.416,98.8135,559230.0,6.4,128.0097,19359.5
2021-01-31,0.09,1.11,0.11,262.639,270.416,98.8135,559230.0,6.4,128.0097,19359.5
2021-02-01,0.08,1.09,0.11,263.573,270.776,95.5072,544891.0,6.2,128.0097,19596.5
2021-02-02,0.08,1.12,0.11,263.573,270.776,95.5072,544891.0,6.2,128.0097,19596.5
2021-02-03,0.08,1.15,0.11,263.573,270.776,95.5072,544891.0,6.2,128.0097,19596.5
2021-02-04,0.08,1.15,0.11,263.573,270.776,95.5072,544891.0,6.2,128.0097,19596.5
2021-02-05,0.08,1.19,0.09,263.573,270.776,95.5072,544891.0,6.2,128.0097,19596.5
2021-02-06,0.08,1.19,0.09,263.573,270.776,95.5072,544891.0,6.2,128.0097,19596.5
2021-02-07,0.08,1.19,0.09,263.573,270.776,95.5072,544891.0,6.2,128.0097,19596.5
2021-02-08,0.08,1.19,0.11,263.573,270.776,95.5072,544891.0,6.2,128.0097,19596.5
2021-02-09,0.08,1.18,0.11,263.573,270.776,95.5072,544891.0,6.2,128.0097,19596.5
2021-02-10,0.08,1.15,0.11,263.573,270.776,95.5072,544891.0,6.2,128.0097,19596.5
2021-02-11,0.08,1.16,0.11,263.573,270.776,95.5072,544891.0,6.2,128.0097,19596.5
2021-02-12,0.08,1.2,0.11,263.573,270.776,95.5072,544891.0,6.2,128.0097,19596.5
2021-02-13,0.08,1.2,0.11,263.573,270.776,95.5072,544891.0,6.2,128.0097,19596.5
2021-02-14,0.08,1.2,0.11,263.573,270.776,95.5072,544891.0,6.2,128.0097,19596.5
2021-02-15,0.08,1.2,0.11,263.573,270.776,95.5072,544891.0,6.2,128.0097,19596.5
2021-02-16,0.08,1.3,0.13,263.573,270.776,95.5072,544891.0,6.2,128.0097,19596.5
2021-02-17,0.08,1.29,0.11,263.573,270.776,95.5072,544891.0,6.2,128.0097,19596.5
2021-02-18,0.08,1.29,0.11,263.573,270.776,95.5072,544891.0,6.2,128.0097,19596.5
2021-02-19,0.08,1.34,0.11,263.573,270.776,95.5072,544891.0,6.2,128.0097,19596.5
2021-02-20,0.08,1.34,0.11,263.573,270.776,95.5072,544891.0,6.2,128.0097,19596.5
2021-02-21,0.08,1.34,0.11,263.573,270.776,95.5072,544891.0,6.2,128.0097,19596.5
2021-02-22,0.08,1.37,0.11,263.573,270.776,95.5072,544891.0,6.2,128.0097,19596.5
2021-02-23,0.08,1.37,0.11,263.573,270.776,95.5072,544891.0,6.2,128.0097,19596.5
2021-02-24,0.08,1.38,0.12,263.573,270.776,95.5072,544891.0,6.2,128.0097,19596.5
2021-02-25,0.08,1.54,0.17,263.573,270.776,95.5072,544891.0,6.2,128.0097,19596.5
2021-02-26,0.08,1.44,0.14,263.573,270.776,95.5072,544891.0,6.2,128.0097,19596.5
2021-02-27,0.08,1.44,0.14,263.573,270.776,95.5072,544891.0,6.2,128.0097,19596.5
2021-02-28,0.08,1.44,0.14,263.573,270.776,95.5072,544891.0,6.2,128.0097,19596.5
2021-03-01,0.07,1.45,0.13,264.847,271.453,98.1929,603581.0,6.1,128.0097,19823.2
2021-03-02,0.07,1.42,0.13,264.847,271.453,98.1929,603581.0,6.1,128.0097,19823.2
2021-03-03,0.07,1.47,0.14,264.847,271.453,98.1929,603581.0,6.1,128.0097,19823.2
2021-03-04,0.07,1.54,0.14,264.847,271.453,98.1929,603581.0,6.1,128.0097,19823.2
2021-03-05,0.07,1.56,0.14,264.847,271.453,98.1929,603581.0,6.1,128.0097,19823.2
2021-03-06,0.07,1.56,0.14,264.847,271.453,98.1929,603581.0,6.1,128.0097,19823.2
2021-03-07,0.07,1.56,0.14,264.847,271.453,98.1929,603581.0,6.1,128.0097,19823.2
2021-03-08,0.07,1.59,0.17,264.847,271.453,98.1929,603581.0,6.1,128.0097,19823.2
2021-03-09,0.07,1.55,0.17,264.847,271.453,98.1929,603581.0,6.1,128.0097,19823.2
2021-03-10,0.07,1.53,0.16,264.847,271.453,98.1929,603581.0,6.1,128.0097,19823.2
2021-03-11,0.07,1.54,0.14,264.847,271.453,98.1929,603581.0,6.1,128.0097,19823.2
2021-03-12,0.07,1.64,0.14,264.847,271.453,98.1929,603581.0,6.1,128.0097,19823.2
2021-03-13,0.07,1.64,0.14,264.847,271.453,98.1929,603581.0,6.1,128.0097,19823.2
2021-03-14,0.07,1.64,0.14,264.847,271.453,98.1929,603581.0,6.1,128.0097,19823.2
2021-03-15,0.07,1.62,0.14,264.847,271.453,98.1929,603581.0,6.1,128.0097,19823.2
2021-03-16,0.07,1.62,0.15,264.847,271.453,98.1929,603581.0,6.1,128.0097,19823.2
2021-03-17,0.07,1.63,0.13,264.847,271.453,98.1929,603581.0,6.1,128.0097,19823.2
2021-03-18,0.07,1.71,0.16,264.847,271.453,98.1929,603581.0,6.1,128.0097,19823.2
2021-03-19,0.07,1.74,0.16,264.847,271.453,98.1929,603581.0,6.1,128.0097,19823.2
2021-03-20,0.07,1.74,0.16,264.847,271.453,98.1929,603581.0,6.1,128.0097,19823.2
2021-03-21,0.07,1.74,0.16,264.847,271.453,98.1929,603581.0,6.1,128.0097,19823.2
2021-03-22,0.07,1.69,0.15,264.847,271.453,98.1929,603581.0,6.1,128.0097,19823.2
2021-03-23,0.07,1.63,0.15,264.847,271.453,98.1929,603581.0,6.1,128.0097,19823.2
2021-03-24,0.07,1.62,0.14,264.847,271.453,98.1929,603581.0,6.1,128.0097,19823.2
2021-03-25,0.07,1.63,0.14,264.847,271.453,98.1929,603581.0,6.1,128.0097,19823.2
2021-03-26,0.07,1.67,0.14,264.847,271.453,98.1929,603581.0,6.1,128.0097,19823.2
2021-03-27,0.07,1.67,0.14,264.847,271.453,98.1929,603581.0,6.1,128.0097,19823.2
2021-03-28,0.07,1.67,0.14,264.847,271.453,98.1929,603581.0,6.1,128.0097,19823.2
2021-03-29,0.07,1.73,0.14,264.847,271.453,98.1929,603581.0,6.1,128.0097,19823.2
2021-03-30,0.07,1.73,0.16,264.847,271.453,98.1929,603581.0,6.1,128.0097,19823.2
2021-03-31,0.07,1.74,0.16,264.847,271.453,98.1929,603581.0,6.1,128.0097,19823.2
2021-04-01,0.07,1.69,0.17,266.625,273.626,98.3317,608961.0,6.1,128.0097,20161.5
2021-04-02,0.07,1.72,0.19,266.625,273.626,98.3317,608961.0,6.1,128.0097,20161.5
2021-04-03,0.07,1.72,0.19,266.625,273.626,98.3317,608961.0,6.1,128.0097,20161.5
2021-04-04,0.07,1.72,0.19,266.625,273.626,98.3317,608961.0,6.1,128.0097,20161.5
2021-04-05,0.07,1.73,0.17,266.625,273.626,98.3317,608961.0,6.1,128.0097,20161.5
2021-04-06,0.07,1.67,0.16,266.625,273.626,98.3317,608961.0,6.1,128.0097,20161.5
2021-04-07,0.07,1.68,0.16,266.625,273.626,98.3317,608961.0,6.1,128.0097,20161.5
2021-04-08,0.07,1.64,0.14,266.625,273.626,98.3317,608961.0,6.1,128.0097,20161.5
2021-04-09,0.07,1.67,0.16,266.625,273.626,98.3317,608961.0,6.1,128.0097,20161.5
2021-04-10,0.07,1.67,0.16,266.625,273.626,98.3317,608961.0,6.1,128.0097,20161.5
2021-04-11,0.07,1.67,0.16,266.625,273.626,98.3317,608961.0,6.1,128.0097,20161.5
2021-04-12,0.07,1.69,0.18,266.625,273.626,98.3317,608961.0,6.1,128.0097,20161.5
2021-04-13,0.07,1.64,0.16,266.625,273.626,98.3317,608961.0,6.1,128.0097,20161.5
2021-04-14,0.07,1.64,0.16,266.625,273.626,98.3317,608961.0,6.1,128.0097,20161.5
2021-04-15,0.07,1.56,0.16,266.625,273.626,98.3317,608961.0,6.1,128.0097,20161.5
2021-04-16,0.07,1.59,0.16,266.625,273.626,98.3317,608961.0,6.1,128.0097,20161.5
2021-04-17,0.07,1.59,0.16,266.625,273.626,98.3317,608961.0,6.1,128.0097,20161.5
2021-04-18,0.07,1.59,0.16,266.625,273.626,98.3317,608961.0,6.1,128.0097,20161.5
2021-04-19,0.07,1.61,0.16,266.625,273.626,98.3317,608961.0,6.1,128.0097,20161.5
2021-04-20,0.07,1.58,0.15,266.625,273.626,98.3317,608961.0,6.1,128.0097,20161.5
2021-04-21,0.07,1.57,0.15,266.625,273.626,98.3317,608961.0,6.1,128.0097,20161.5
2021-04-22,0.07,1.57,0.16,266.625,273.626,98.3317,608961.0,6.1,128.0097,20161.5
2021-04-23,0.07,1.58,0.16,266.625,273.626,98.3317,608961.0,6.1,128.0097,20161.5
2021-04-24,0.07,1.58,0.16,266.625,273.626,98.3317,608961.0,6.1,128.0097,20161.5
2021-04-25,0.07,1.58,0.16,266.625,273.626,98.3317,608961.0,6.1,128.0097,20161.5
2021-04-26,0.07,1.58,0.18,266.625,273.626,98.3317,608961.0,6.1,128.0097,20161.5
2021-04-27,0.07,1.63,0.17,266.625,273.626,98.3317,608961.0,6.1,128.0097,20161.5
2021-04-28,0.07,1.63,0.17,266.625,273.626,98.3317,608961.0,6.1,128.0097,20161.5
2021-04-29,0.07,1.65,0.16,266.625,273.626,98.3317,608961.0,6.1,128.0097,20161.5
2021-04-30,0.07,1.65,0.16,266.625,273.626,98.3317,608961.0,6.1,128.0097,20161.5
2021-05-01,0.06,1.65,0.16,268.404,275.457,99.1867,605282.0,5.8,128.0097,20430.5
2021-05-02,0.06,1.65,0.16,268.404,275.457,99.1867,605282.0,5.8,128.0097,20430.5
2021-05-03,0.06,1.63,0.16,268.404,275.457,99.1867,605282.0,5.8,128.0097,20430.5
2021-05-04,0.06,1.61,0.16,268.404,275.457,99.1867,605282.0,5.8,128.0097,20430.5
2021-05-05,0.06,1.59,0.16,268.404,275.457,99.1867,605282.0,5.8,128.0097,20430.5
2021-05-06,0.06,1.58,0.16,268.404,275.457,99.1867,605282.0,5.8,128.0097,20430.5
2021-05-07,0.06,1.6,0.14,268.404,275.457,99.1867,605282.0,5.8,128.0097,20430.5
2021-05-08,0.06,1.6,0.14,268.404,275.457,99.1867,605282.0,5.8,128.0097,20430.5
2021-05-09,0.06,1.6,0.14,268.404,275.457,99.1867,605282.0,5.8,128.0097,20430.5
2021-05-10,0.06,1.63,0.16,268.404,275.457,99.1867,605282.0,5.8,128.0097,20430.5
2021-05-11,0.06,1.64,0.16,268.404,275.457,99.1867,605282.0,5.8,128.0097,20430.5
2021-05-12,0.06,1.69,0.16,268.404,275.457,99.1867,605282.0,5.8,128.0097,20430.5
2021-05-13,0.06,1.66,0.16,268.404,275.457,99.1867,605282.0,5.8,128.0097,20430.5
2021-05-14,0.06,1.63,0.16,268.404,275.457,99.1867,605282.0,5.8,128.0097,20430.5
2021-05-15,0.06,1.63,0.16,268.404,275.457,99.1867,605282.0,5.8,128.0097,20430.5
2021-05-16,0.06,1.63,0.16,268.404,275.457,99.1867,605282.0,5.8,128.0097,20430.5
2021-05-17,0.06,1.64,0.16,268.404,275.457,99.1867,605282.0,5.8,128.0097,20430.5
2021-05-18,0.06,1.64,0.16,268.404,275.457,99.1867,605282.0,5.8,128.0097,20430.5
2021-05-19,0.06,1.68,0.16,268.404,275.457,99.1867,605282.0,5.8,128.0097,20430.5
2021-05-20,0.06,1.63,0.15,268.404,275.457,99.1867,605282.0,5.8,128.0097,20430.5
2021-05-21,0.06,1.63,0.17,268.404,275.457,99.1867,605282.0,5.8,128.0097,20430.5
2021-05-22,0.06,1.63,0.17,268.404,275.457,99.1867,605282.0,5.8,128.0097,20430.5
2021-05-23,0.06,1.63,0.17,268.404,275.457,99.1867,605282.0,5.8,128.0097,20430.5
2021-05-24,0.06,1.61,0.15,268.404,275.457,99.1867,605282.0,5.8,128.0097,20430.5
2021-05-25,0.06,1.56,0.15,268.404,275.457,99.1867,605282.0,5.8,128.0097,20430.5
2021-05-26,0.06,1.58,0.14,268.404,275.457,99.1867,605282.0,5.8,128.0097,20430.5
2021-05-27,0.06,1.61,0.14,268.404,275.457,99.1867,605282.0,5.8,128.0097,20430.5
2021-05-28,0.06,1.58,0.14,268.404,275.457,99.1867,605282.0,5.8,128.0097,20430.5
2021-05-29,0.06,1.58,0.14,268.404,275.457,99.1867,605282.0,5.8,128.0097,20430.5
2021-05-30,0.06,1.58,0.14,268.404,275.457,99.1867,605282.0,5.8,128.0097,20430.5
2021-05-31,0.06,1.58,0.14,268.404,275.457,99.1867,605282.0,5.8,128.0097,20430.5
2021-06-01,0.08,1.62,0.16,270.71,277.608,99.6483,611950.0,5.9,128.0097,20472.9
2021-06-02,0.08,1.59,0.13,270.71,277.608,99.6483,611950.0,5.9,128.0097,20472.9
2021-06-03,0.08,1.63,0.16,270.71,277.608,99.6483,611950.0,5.9,128.0097,20472.9
2021-06-04,0.08,1.56,0.14,270.71,277.608,99.6483,611950.0,5.9,128.0097,20472.9
2021-06-05,0.08,1.56,0.14,270.71,277.608,99.6483,611950.0,5.9,128.0097,20472.9
2021-06-06,0.08,1.56,0.14,270.71,277.608,99.6483,611950.0,5.9,128.0097,20472.9
2021-06-07,0.08,1.57,0.16,270.71,277.608,99.6483,611950.0,5.9,128.0097,20472.9
2021-06-08,0.08,1.53,0.14,270.71,277.608,99.6483,611950.0,5.9,128.0097,20472.9
2021-06-09,0.08,1.5,0.16,270.71,277.608,99.6483,611950.0,5.9,128.0097,20472.9
2021-06-10,0.08,1.45,0.14,270.71,277.608,99.6483,611950.0,5.9,128.0097,20472.9
2021-06-11,0.08,1.47,0.16,270.71,277.608,99.6483,611950.0,5.9,128.0097,20472.9
2021-06-12,0.08,1.47,0.16,270.71,277.608,99.6483,611950.0,5.9,128.0097,20472.9
2021-06-13,0.08,1.47,0.16,270.71,277.608,99.6483,611950.0,5.9,128.0097,20472.9
2021-06-14,0.08,1.51,0.16,270.71,277.608,99.6483,611950.0,5.9,128.0097,20472.9
2021-06-15,0.08,1.51,0.16,270.71,277.608,99.6483,611950.0,5.9,128.0097,20472.9
2021-06-16,0.08,1.57,0.21,270.71,277.608,99.6483,611950.0,5.9,128.0097,20472.9
2021-06-17,0.08,1.52,0.23,270.71,277.608,99.6483,611950.0,5.9,128.0097,20472.9
2021-06-18,0.08,1.45,0.26,270.71,277.608,99.6483,611950.0,5.9,128.0097,20472.9
2021-06-19,0.08,1.45,0.26,270.71,277.608,99.6483,611950.0,5.9,128.0097,20472.9
2021-06-20,0.08,1.45,0.26,270.71,277.608,99.6483,611950.0,5.9,128.0097,20472.9
2021-06-21,0.08,1.5,0.27,270.71,277.608,99.6483,611950.0,5.9,128.0097,20472.9
2021-06-22,0.08,1.48,0.25,270.71,277.608,99.6483,611950.0,5.9,128.0097,20472.9
2021-06-23,0.08,1.5,0.26,270.71,277.608,99.6483,611950.0,5.9,128.0097,20472.9
2021-06-24,0.08,1.49,0.26,270.71,277.608,99.6483,611950.0,5.9,128.0097,20472.9
2021-06-25,0.08,1.54,0.28,270.71,277.608,99.6483,611950.0,5.9,128.0097,20472.9
2021-06-26,0.08,1.54,0.28,270.71,277.608,99.6483,611950.0,5.9,128.0097,20472.9
2021-06-27,0.08,1.54,0.28,270.71,277.608,99.6483,611950.0,5.9,128.0097,20472.9
2021-06-28,0.08,1.49,0.25,270.71,277.608,99.6483,611950.0,5.9,128.0097,20472.9
2021-06-29,0.08,1.49,0.27,270.71,277.608,99.6483,611950.0,5.9,128.0097,20472.9
2021-06-30,0.08,1.45,0.25,270.71,277.608,99.6483,611950.0,5.9,128.0097,20472.9
2021-07-01,0.1,1.48,0.25,271.965,278.639,100.0668,601817.0,5.4,128.0097,20628.1
2021-07-02,0.1,1.44,0.24,271.965,278.639,100.0668,601817.0,5.4,128.0097,20628.1
2021-07-03,0.1,1.44,0.24,271.965,278.639,100.0668,601817.0,5.4,128.0097,20628.1
2021-07-04,0.1,1.44,0.24,271.965,278.639,100.0668,601817.0,5.4,128.0097,20628.1
2021-07-05,0.1,1.44,0.24,271.965,278.639,100.0668,601817.0,5.4,128.0097,20628.1
2021-07-06,0.1,1.37,0.22,271.965,278.639,100.0668,601817.0,5.4,128.0097,20628.1
2021-07-07,0.1,1.33,0.22,271.965,278.639,100.0668,601817.0,5.4,128.0097,20628.1
2021-07-08,0.1,1.3,0.19,271.965,278.639,100.0668,601817.0,5.4,128.0097,20628.1
2021-07-09,0.1,1.37,0.23,271.965,278.639,100.0668,601817.0,5.4,128.0097,20628.1
2021-07-10,0.1,1.37,0.23,271.965,278.639,100.0668,601817.0,5.4,128.0097,20628.1
2021-07-11,0.1,1.37,0.23,271.965,278.639,100.0668,601817.0,5.4,128.0097,20628.1
2021-07-12,0.1,1.38,0.23,271.965,278.639,100.0668,601817.0,5.4,128.0097,20628.1
2021-07-13,0.1,1.42,0.26,271.965,278.639,100.0668,601817.0,5.4,128.0097,20628.1
2021-07-14,0.1,1.37,0.23,271.965,278.639,100.0668,601817.0,5.4,128.0097,20628.1
2021-07-15,0.1,1.31,0.23,271.965,278.639,100.0668,601817.0,5.4,128.0097,20628.1
2021-07-16,0.1,1.31,0.25,271.965,278.639,100.0668,601817.0,5.4,128.0097,20628.1
2021-07-17,0.1,1.31,0.25,271.965,278.639,100.0668,601817.0,5.4,128.0097,20628.1
2021-07-18,0.1,1.31,0.25,271.965,278.639,100.0668,601817.0,5.4,128.0097,20628.1
2021-07-19,0.1,1.19,0.21,271.965,278.639,100.0668,601817.0,5.4,128.0097,20628.1
2021-07-20,0.1,1.23,0.2,271.965,278.639,100.0668,601817.0,5.4,128.0097,20628.1
2021-07-21,0.1,1.3,0.22,271.965,278.639,100.0668,601817.0,5.4,128.0097,20628.1
2021-07-22,0.1,1.27,0.2,271.965,278.639,100.0668,601817.0,5.4,128.0097,20628.1
2021-07-23,0.1,1.3,0.22,271.965,278.639,100.0668,601817.0,5.4,128.0097,20628.1
2021-07-24,0.1,1.3,0.22,271.965,278.639,100.0668,601817.0,5.4,128.0097,20628.1
2021-07-25,0.1,1.3,0.22,271.965,278.639,100.0668,601817.0,5.4,128.0097,20628.1
2021-07-26,0.1,1.29,0.22,271.965,278.639,100.0668,601817.0,5.4,128.0097,20628.1
2021-07-27,0.1,1.25,0.2,271.965,278.639,100.0668,601817.0,5.4,128.0097,20628.1
2021-07-28,0.1,1.26,0.2,271.965,278.639,100.0668,601817.0,5.4,128.0097,20628.1
2021-07-29,0.1,1.28,0.2,271.965,278.639,100.0668,601817.0,5.4,128.0097,20628.1
2021-07-30,0.1,1.24,0.19,271.965,278.639,100.0668,601817.0,5.4,128.0097,20628.1
2021-07-31,0.1,1.24,0.19,271.965,278.639,100.0668,601817.0,5.4,128.0097,20628.1
2021-08-01,0.09,1.24,0.19,272.752,279.021,100.0412,605533.0,5.1,128.0097,20811.0
2021-08-02,0.09,1.2,0.17,272.752,279.021,100.0412,605533.0,5.1,128.0097,20811.0
2021-08-03,0.09,1.19,0.17,272.752,279.021,100.0412,605533.0,5.1,128.0097,20811.0
2021-08-04,0.09,1.19,0.17,272.752,279.021,100.0412,605533.0,5.1,128.0097,20811.0
2021-08-05,0.09,1.23,0.21,272.752,279.021,100.0412,605533.0,5.1,128.0097,20811.0
2021-08-06,0.09,1.31,0.21,272.752,279.021,100.0412,605533.0,5.1,128.0097,20811.0
2021-08-07,0.09,1.31,0.21,272.752,279.021,100.0412,605533.0,5.1,128.0097,20811.0
2021-08-08,0.09,1.31,0.21,272.752,279.021,100.0412,605533.0,5.1,128.0097,20811.0
2021-08-09,0.09,1.33,0.23,272.752,279.021,100.0412,605533.0,5.1,128.0097,20811.0
2021-08-10,0.09,1.36,0.24,272.752,279.021,100.0412,605533.0,5.1,128.0097,20811.0
2021-08-11,0.09,1.35,0.23,272.752,279.021,100.0412,605533.0,5.1,128.0097,20811.0
2021-08-12,0.09,1.36,0.23,272.752,279.021,100.0412,605533.0,5.1,128.0097,20811.0
2021-08-13,0.09,1.29,0.23,272.752,279.021,100.0412,605533.0,5.1,128.0097,20811.0
2021-08-14,0.09,1.29,0.23,272.752,279.021,100.0412,605533.0,5.1,128.0097,20811.0
2021-08-15,0.09,1.29,0.23,272.752,279.021,100.0412,605533.0,5.1,128.0097,20811.0
2021-08-16,0.09,1.26,0.21,272.752,279.021,100.0412,605533.0,5.1,128.0097,20811.0
2021-08-17,0.09,1.26,0.23,272.752,279.021,100.0412,605533.0,5.1,128.0097,20811.0
2021-08-18,0.09,1.27,0.23,272.752,279.021,100.0412,605533.0,5.1,128.0097,20811.0
2021-08-19,0.09,1.24,0.22,272.752,279.021,100.0412,605533.0,5.1,128.0097,20811.0
2021-08-20,0.09,1.26,0.23,272.752,279.021,100.0412,605533.0,5.1,128.0097,20811.0
2021-08-21,0.09,1.26,0.23,272.752,279.021,100.0412,605533.0,5.1,128.0097,20811.0
2021-08-22,0.09,1.26,0.23,272.752,279.021,100.0412,605533.0,5.1,128.0097,20811.0
2021-08-23,0.09,1.25,0.23,272.752,279.021,100.0412,605533.0,5.1,128.0097,20811.0
2021-08-24,0.09,1.29,0.24,272.752,279.021,100.0412,605533.0,5.1,128.0097,20811.0
2021-08-25,0.09,1.35,0.23,272.752,279.021,100.0412,605533.0,5.1,128.0097,20811.0
2021-08-26,0.09,1.34,0.25,272.752,279.021,100.0412,605533.0,5.1,128.0097,20811.0
2021-08-27,0.09,1.31,0.22,272.752,279.021,100.0412,605533.0,5.1,128.0097,20811.0
2021-08-28,0.09,1.31,0.22,272.752,279.021,100.0412,605533.0,5.1,128.0097,20811.0
2021-08-29,0.09,1.31,0.22,272.752,279.021,100.0412,605533.0,5.1,128.0097,20811.0
2021-08-30,0.09,1.29,0.2,272.752,279.021,100.0412,605533.0,5.1,128.0097,20811.0
2021-08-31,0.09,1.3,0.2,272.752,279.021,100.0412,605533.0,5.1,128.0097,20811.0
2021-09-01,0.08,1.31,0.2,273.942,279.727,98.9955,609671.0,4.7,128.0097,20979.1
2021-09-02,0.08,1.29,0.2,273.942,279.727,98.9955,609671.0,4.7,128.0097,20979.1
2021-09-03,0.08,1.33,0.21,273.942,279.727,98.9955,609671.0,4.7,128.0097,20979.1
2021-09-04,0.08,1.33,0.21,273.942,279.727,98.9955,609671.0,4.7,128.0097,20979.1
2021-09-05,0.08,1.33,0.21,273.942,279.727,98.9955,609671.0,4.7,128.0097,20979.1
2021-09-06,0.08,1.33,0.21,273.942,279.727,98.9955,609671.0,4.7,128.0097,20979.1
2021-09-07,0.08,1.38,0.22,273.942,279.727,98.9955,609671.0,4.7,128.0097,20979.1
2021-09-08,0.08,1.35,0.22,273.942,279.727,98.9955,609671.0,4.7,128.0097,20979.1
2021-09-09,0.08,1.3,0.23,273.942,279.727,98.9955,609671.0,4.7,128.0097,20979.1
2021-09-10,0.08,1.35,0.23,273.942,279.727,98.9955,609671.0,4.7,128.0097,20979.1
2021-09-11,0.08,1.35,0.23,273.942,279.727,98.9955,609671.0,4.7,128.0097,20979.1
2021-09-12,0.08,1.35,0.23,273.942,279.727,98.9955,609671.0,4.7,128.0097,20979.1
2021-09-13,0.08,1.33,0.21,273.942,279.727,98.9955,609671.0,4.7,128.0097,20979.1
2021-09-14,0.08,1.28,0.21,273.942,279.727,98.9955,609671.0,4.7,128.0097,20979.1
2021-09-15,0.08,1.31,0.21,273.942,279.727,98.9955,609671.0,4.7,128.0097,20979.1
2021-09-16,0.08,1.34,0.23,273.942,279.727,98.9955,609671.0,4.7,128.0097,20979.1
2021-09-17,0.08,1.37,0.23,273.942,279.727,98.9955,609671.0,4.7,128.0097,20979.1
2021-09-18,0.08,1.37,0.23,273.942,279.727,98.9955,609671.0,4.7,128.0097,20979.1
2021-09-19,0.08,1.37,0.23,273.942,279.727,98.9955,609671.0,4.7,128.0097,20979.1
2021-09-20,0.08,1.31,0.23,273.942,279.727,98.9955,609671.0,4.7,128.0097,20979.1
2021-09-21,0.08,1.33,0.22,273.942,279.727,98.9955,609671.0,4.7,128.0097,20979.1
2021-09-22,0.08,1.32,0.25,273.942,279.727,98.9955,609671.0,4.7,128.0097,20979.1
2021-09-23,0.08,1.41,0.27,273.942,279.727,98.9955,609671.0,4.7,128.0097,20979.1
2021-09-24,0.08,1.47,0.29,273.942,279.727,98.9955,609671.0,4.7,128.0097,20979.1
2021-09-25,0.08,1.47,0.29,273.942,279.727,98.9955,609671.0,4.7,128.0097,20979.1
2021-09-26,0.08,1.47,0.29,273.942,279.727,98.9955,609671.0,4.7,128.0097,20979.1
2021-09-27,0.08,1.48,0.31,273.942,279.727,98.9955,609671.0,4.7,128.0097,20979.1
2021-09-28,0.08,1.54,0.31,273.942,279.727,98.9955,609671.0,4.7,128.0097,20979.1
2021-09-29,0.08,1.55,0.3,273.942,279.727,98.9955,609671.0,4.7,128.0097,20979.1
2021-09-30,0.08,1.52,0.28,273.942,279.727,98.9955,609671.0,4.7,128.0097,20979.1
2021-10-01,0.08,1.48,0.27,276.528,281.649,100.3542,618573.0,4.5,128.0097,21142.1
2021-10-02,0.08,1.48,0.27,276.528,281.649,100.3542,618573.0,4.5,128.0097,21142.1
2021-10-03,0.08,1.48,0.27,276.528,281.649,100.3542,618573.0,4.5,128.0097,21142.1
2021-10-04,0.08,1.49,0.27,276.528,281.649,100.3542,618573.0,4.5,128.0097,21142.1
2021-10-05,0.08,1.54,0.28,276.528,281.649,100.3542,618573.0,4.5,128.0097,21142.1
2021-10-06,0.08,1.53,0.3,276.528,281.649,100.3542,618573.0,4.5,128.0097,21142.1
2021-10-07,0.08,1.58,0.32,276.528,281.649,100.3542,618573.0,4.5,128.0097,21142.1
2021-10-08,0.08,1.61,0.32,276.528,281.649,100.3542,618573.0,4.5,128.0097,21142.1
2021-10-09,0.08,1.61,0.32,276.528,281.649,100.3542,618573.0,4.5,128.0097,21142.1
2021-10-10,0.08,1.61,0.32,276.528,281.649,100.3542,618573.0,4.5,128.0097,21142.1
2021-10-11,0.08,1.61,0.32,276.528,281.649,100.3542,618573.0,4.5,128.0097,21142.1
2021-10-12,0.08,1.59,0.35,276.528,281.649,100.3542,618573.0,4.5,128.0097,21142.1
2021-10-13,0.08,1.56,0.37,276.528,281.649,100.3542,618573.0,4.5,128.0097,21142.1
2021-10-14,0.08,1.52,0.36,276.528,281.649,100.3542,618573.0,4.5,128.0097,21142.1
2021-10-15,0.08,1.59,0.41,276.528,281.649,100.3542,618573.0,4.5,128.0097,21142.1
2021-10-16,0.08,1.59,0.41,276.528,281.649,100.3542,618573.0,4.5,128.0097,21142.1
2021-10-17,0.08,1.59,0.41,276.528,281.649,100.3542,618573.0,4.5,128.0097,21142.1
2021-10-18,0.08,1.59,0.44,276.528,281.649,100.3542,618573.0,4.5,128.0097,21142.1
2021-10-19,0.08,1.65,0.41,276.528,281.649,100.3542,618573.0,4.5,128.0097,21142.1
2021-10-20,0.08,1.65,0.4,276.528,281.649,100.3542,618573.0,4.5,128.0097,21142.1
2021-10-21,0.08,1.68,0.45,276.528,281.649,100.3542,618573.0,4.5,128.0097,21142.1
2021-10-22,0.08,1.66,0.48,276.528,281.649,100.3542,618573.0,4.5,128.0097,21142.1
2021-10-23,0.08,1.66,0.48,276.528,281.649,100.3542,618573.0,4.5,128.0097,21142.1
2021-10-24,0.08,1.66,0.48,276.528,281.649,100.3542,618573.0,4.5,128.0097,21142.1
2021-10-25,0.08,1.64,0.47,276.528,281.649,100.3542,618573.0,4.5,128.0097,21142.1
2021-10-26,0.08,1.63,0.47,276.528,281.649,100.3542,618573.0,4.5,128.0097,21142.1
2021-10-27,0.08,1.54,0.5,276.528,281.649,100.3542,618573.0,4.5,128.0097,21142.1
2021-10-28,0.08,1.57,0.5,276.528,281.649,100.3542,618573.0,4.5,128.0097,21142.1
2021-10-29,0.08,1.55,0.48,276.528,281.649,100.3542,618573.0,4.5,128.0097,21142.1
2021-10-30,0.08,1.55,0.48,276.528,281.649,100.3542,618573.0,4.5,128.0097,21142.1
2021-10-31,0.08,1.55,0.48,276.528,281.649,100.3542,618573.0,4.5,128.0097,21142.1
2021-11-01,0.08,1.58,0.5,278.824,283.411,101.2684,624874.0,4.2,128.0097,21316.6
2021-11-02,0.08,1.56,0.46,278.824,283.411,101.2684,624874.0,4.2,128.0097,21316.6
2021-11-03,0.08,1.6,0.47,278.824,283.411,101.2684,624874.0,4.2,128.0097,21316.6
2021-11-04,0.08,1.53,0.41,278.824,283.411,101.2684,624874.0,4.2,128.0097,21316.6
2021-11-05,0.08,1.45,0.39,278.824,283.411,101.2684,624874.0,4.2,128.0097,21316.6
2021-11-06,0.08,1.45,0.39,278.824,283.411,101.2684,624874.0,4.2,128.0097,21316.6
2021-11-07,0.08,1.45,0.39,278.824,283.411,101.2684,624874.0,4.2,128.0097,21316.6
2021-11-08,0.08,1.51,0.45,278.824,283.411,101.2684,624874.0,4.2,128.0097,21316.6
2021-11-09,0.08,1.46,0.41,278.824,283.411,101.2684,624874.0,4.2,128.0097,21316.6
2021-11-10,0.08,1.56,0.51,278.824,283.411,101.2684,624874.0,4.2,128.0097,21316.6
2021-11-11,0.08,1.56,0.51,278.824,283.411,101.2684,624874.0,4.2,128.0097,21316.6
2021-11-12,0.08,1.58,0.53,278.824,283.411,101.2684,624874.0,4.2,128.0097,21316.6
2021-11-13,0.08,1.58,0.53,278.824,283.411,101.2684,624874.0,4.2,128.0097,21316.6
2021-11-14,0.08,1.58,0.53,278.824,283.411,101.2684,624874.0,4.2,128.0097,21316.6
2021-11-15,0.08,1.63,0.53,278.824,283.411,101.2684,624874.0,4.2,128.0097,21316.6
2021-11-16,0.08,1.63,0.54,278.824,283.411,101.2684,624874.0,4.2,128.0097,21316.6
2021-11-17,0.08,1.6,0.52,278.824,283.411,101.2684,624874.0,4.2,128.0097,21316.6
2021-11-18,0.08,1.59,0.52,278.824,283.411,101.2684,624874.0,4.2,128.0097,21316.6
2021-11-19,0.08,1.54,0.52,278.824,283.411,101.2684,624874.0,4.2,128.0097,21316.6
2021-11-20,0.08,1.54,0.52,278.824,283.411,101.2684,624874.0,4.2,128.0097,21316.6
2021-11-21,0.08,1.54,0.52,278.824,283.411,101.2684,624874.0,4.2,128.0097,21316.6
2021-11-22,0.08,1.63,0.63,278.824,283.411,101.2684,624874.0,4.2,128.0097,21316.6
2021-11-23,0.08,1.67,0.6,278.824,283.411,101.2684,624874.0,4.2,128.0097,21316.6
2021-11-24,0.08,1.64,0.64,278.824,283.411,101.2684,624874.0,4.2,128.0097,21316.6
2021-11-25,0.08,1.64,0.64,278.824,283.411,101.2684,624874.0,4.2,128.0097,21316.6
2021-11-26,0.08,1.48,0.5,278.824,283.411,101.2684,624874.0,4.2,128.0097,21316.6
2021-11-27,0.08,1.48,0.5,278.824,283.411,101.2684,624874.0,4.2,128.0097,21316.6
2021-11-28,0.08,1.48,0.5,278.824,283.411,101.2684,624874.0,4.2,128.0097,21316.6
2021-11-29,0.08,1.52,0.51,278.824,283.411,101.2684,624874.0,4.2,128.0097,21316.6
2021-11-30,0.08,1.43,0.52,278.824,283.411,101.2684,624874.0,4.2,128.0097,21316.6
2021-12-01,0.08,1.43,0.56,280.806,285.221,101.1948,619938.0,3.9,128.0097,21471.0
2021-12-02,0.08,1.44,0.63,280.806,285.221,101.1948,619938.0,3.9,128.0097,21471.0
2021-12-03,0.08,1.35,0.6,280.806,285.221,101.1948,619938.0,3.9,128.0097,21471.0
2021-12-04,0.08,1.35,0.6,280.806,285.221,101.1948,619938.0,3.9,128.0097,21471.0
2021-12-05,0.08,1.35,0.6,280.806,285.221,101.1948,619938.0,3.9,128.0097,21471.0
2021-12-06,0.08,1.43,0.65,280.806,285.221,101.1948,619938.0,3.9,128.0097,21471.0
2021-12-07,0.08,1.48,0.7,280.806,285.221,101.1948,619938.0,3.9,128.0097,21471.0
2021-12-08,0.08,1.52,0.68,280.806,285.221,101.1948,619938.0,3.9,128.0097,21471.0
2021-12-09,0.08,1.49,0.7,280.806,285.221,101.1948,619938.0,3.9,128.0097,21471.0
2021-12-10,0.08,1.48,0.67,280.806,285.221,101.1948,619938.0,3.9,128.0097,21471.0
2021-12-11,0.08,1.48,0.67,280.806,285.221,101.1948,619938.0,3.9,128.0097,21471.0
2021-12-12,0.08,1.48,0.67,280.806,285.221,101.1948,619938.0,3.9,128.0097,21471.0
2021-12-13,0.08,1.42,0.66,280.806,285.221,101.1948,619938.0,3.9,128.0097,21471.0
2021-12-14,0.08,1.44,0.67,280.806,285.221,101.1948,619938.0,3.9,128.0097,21471.0
2021-12-15,0.08,1.47,0.69,280.806,285.221,101.1948,619938.0,3.9,128.0097,21471.0
2021-12-16,0.08,1.44,0.64,280.806,285.221,101.1948,619938.0,3.9,128.0097,21471.0
2021-12-17,0.08,1.41,0.66,280.806,285.221,101.1948,619938.0,3.9,128.0097,21471.0
2021-12-18,0.08,1.41,0.66,280.806,285.221,101.1948,619938.0,3.9,128.0097,21471.0
2021-12-19,0.08,1.41,0.66,280.806,285.221,101.1948,619938.0,3.9,128.0097,21471.0
2021-12-20,0.08,1.43,0.65,280.806,285.221,101.1948,619938.0,3.9,128.0097,21471.0
2021-12-21,0.08,1.48,0.7,280.806,285.221,101.1948,619938.0,3.9,128.0097,21471.0
2021-12-22,0.08,1.46,0.68,280.806,285.221,101.1948,619938.0,3.9,128.0097,21471.0
2021-12-23,0.08,1.5,0.71,280.806,285.221,101.1948,619938.0,3.9,128.0097,21471.0
2021-12-24,0.08,1.5,0.71,280.806,285.221,101.1948,619938.0,3.9,128.0097,21471.0
2021-12-25,0.08,1.5,0.71,280.806,285.221,101.1948,619938.0,3.9,128.0097,21471.0
2021-12-26,0.08,1.5,0.71,280.806,285.221,101.1948,619938.0,3.9,128.0097,21471.0
2021-12-27,0.08,1.48,0.76,280.806,285.221,101.1948,619938.0,3.9,128.0097,21471.0
2021-12-28,0.08,1.49,0.74,280.806,285.221,101.1948,619938.0,3.9,128.0097,21471.0
2021-12-29,0.08,1.55,0.75,280.806,285.221,101.1948,619938.0,3.9,128.0097,21471.0
2021-12-30,0.08,1.52,0.73,280.806,285.221,101.1948,619938.0,3.9,128.0097,21471.0
2021-12-31,0.08,1.52,0.73,280.806,285.221,101.1948,619938.0,3.9,128.0097,21471.0
2022-01-01,0.08,1.52,0.73,282.542,286.799,101.2146,631509.0,4.0,128.0097,21587.3
2022-01-02,0.08,1.52,0.73,282.542,286.799,101.2146,631509.0,4.0,128.0097,21587.3
2022-01-03,0.08,1.63,0.78,282.542,286.799,101.2146,631509.0,4.0,128.0097,21587.3
2022-01-04,0.08,1.66,0.77,282.542,286.799,101.2146,631509.0,4.0,128.0097,21587.3
2022-01-05,0.08,1.71,0.83,282.542,286.799,101.2146,631509.0,4.0,128.0097,21587.3
2022-01-06,0.08,1.73,0.88,282.542,286.799,101.2146,631509.0,4.0,128.0097,21587.3
2022-01-07,0.08,1.76,0.87,282.542,286.799,101.2146,631509.0,4.0,128.0097,21587.3
2022-01-08,0.08,1.76,0.87,282.542,286.799,101.2146,631509.0,4.0,128.0097,21587.3
2022-01-09,0.08,1.76,0.87,282.542,286.799,101.2146,631509.0,4.0,128.0097,21587.3
2022-01-10,0.08,1.78,0.92,282.542,286.799,101.2146,631509.0,4.0,128.0097,21587.3
2022-01-11,0.08,1.75,0.9,282.542,286.799,101.2146,631509.0,4.0,128.0097,21587.3
2022-01-12,0.08,1.74,0.92,282.542,286.799,101.2146,631509.0,4.0,128.0097,21587.3
2022-01-13,0.08,1.7,0.91,282.542,286.799,101.2146,631509.0,4.0,128.0097,21587.3
2022-01-14,0.08,1.78,0.99,282.542,286.799,101.2146,631509.0,4.0,128.0097,21587.3
2022-01-15,0.08,1.78,0.99,282.542,286.799,101.2146,631509.0,4.0,128.0097,21587.3
2022-01-16,0.08,1.78,0.99,282.542,286.799,101.2146,631509.0,4.0,128.0097,21587.3
2022-01-17,0.08,1.78,0.99,282.542,286.799,101.2146,631509.0,4.0,128.0097,21587.3
2022-01-18,0.08,1.87,1.06,282.542,286.799,101.2146,631509.0,4.0,128.0097,21587.3
2022-01-19,0.08,1.83,1.04,282.542,286.799,101.2146,631509.0,4.0,128.0097,21587.3
2022-01-20,0.08,1.83,1.08,282.542,286.799,101.2146,631509.0,4.0,128.0097,21587.3
2022-01-21,0.08,1.75,1.01,282.542,286.799,101.2146,631509.0,4.0,128.0097,21587.3
2022-01-22,0.08,1.75,1.01,282.542,286.799,101.2146,631509.0,4.0,128.0097,21587.3
2022-01-23,0.08,1.75,1.01,282.542,286.799,101.2146,631509.0,4.0,128.0097,21587.3
2022-01-24,0.08,1.75,0.99,282.542,286.799,101.2146,631509.0,4.0,128.0097,21587.3
2022-01-25,0.08,1.78,1.02,282.542,286.799,101.2146,631509.0,4.0,128.0097,21587.3
2022-01-26,0.08,1.85,1.13,282.542,286.799,101.2146,631509.0,4.0,128.0097,21587.3
2022-01-27,0.08,1.81,1.18,282.542,286.799,101.2146,631509.0,4.0,128.0097,21587.3
2022-01-28,0.08,1.78,1.15,282.542,286.799,101.2146,631509.0,4.0,128.0097,21587.3
2022-01-29,0.08,1.78,1.15,282.542,286.799,101.2146,631509.0,4.0,128.0097,21587.3
2022-01-30,0.08,1.78,1.15,282.542,286.799,101.2146,631509.0,4.0,128.0097,21587.3
2022-01-31,0.08,1.79,1.18,282.542,286.799,101.2146,631509.0,4.0,128.0097,21587.3
2022-02-01,0.08,1.81,1.18,284.525,288.256,101.8458,638101.0,3.8,128.0097,21684.9
2022-02-02,0.08,1.78,1.16,284.525,288.256,101.8458,638101.0,3.8,128.0097,21684.9
2022-02-03,0.08,1.82,1.19,284.525,288.256,101.8458,638101.0,3.8,128.0097,21684.9
2022-02-04,0.08,1.93,1.31,284.525,288.256,101.8458,638101.0,3.8,128.0097,21684.9
2022-02-05,0.08,1.93,1.31,284.525,288.256,101.8458,638101.0,3.8,128.0097,21684.9
2022-02-06,0.08,1.93,1.31,284.525,288.256,101.8458,638101.0,3.8,128.0097,21684.9
2022-02-07,0.08,1.92,1.3,284.525,288.256,101.8458,638101.0,3.8,128.0097,21684.9
2022-02-08,0.08,1.96,1.35,284.525,288.256,101.8458,638101.0,3.8,128.0097,21684.9
2022-02-09,0.08,1.94,1.36,284.525,288.256,101.8458,638101.0,3.8,128.0097,21684.9
2022-02-10,0.08,2.03,1.61,284.525,288.256,101.8458,638101.0,3.8,128.0097,21684.9
2022-02-11,0.08,1.92,1.5,284.525,288.256,101.8458,638101.0,3.8,128.0097,21684.9
2022-02-12,0.08,1.92,1.5,284.525,288.256,101.8458,638101.0,3.8,128.0097,21684.9
2022-02-13,0.08,1.92,1.5,284.525,288.256,101.8458,638101.0,3.8,128.0097,21684.9
2022-02-14,0.08,1.98,1.58,284.525,288.256,101.8458,638101.0,3.8,128.0097,21684.9
2022-02-15,0.08,2.05,1.58,284.525,288.256,101.8458,638101.0,3.8,128.0097,21684.9
2022-02-16,0.08,2.03,1.52,284.525,288.256,101.8458,638101.0,3.8,128.0097,21684.9
2022-02-17,0.08,1.97,1.49,284.525,288.256,101.8458,638101.0,3.8,128.0097,21684.9
2022-02-18,0.08,1.92,1.47,284.525,288.256,101.8458,638101.0,3.8,128.0097,21684.9
2022-02-19,0.08,1.92,1.47,284.525,288.256,101.8458,638101.0,3.8,128.0097,21684.9
2022-02-20,0.08,1.92,1.47,284.525,288.256,101.8458,638101.0,3.8,128.0097,21684.9
2022-02-21,0.08,1.92,1.47,284.525,288.256,101.8458,638101.0,3.8,128.0097,21684.9
2022-02-22,0.08,1.94,1.56,284.525,288.256,101.8458,638101.0,3.8,128.0097,21684.9
2022-02-23,0.08,1.99,1.58,284.525,288.256,101.8458,638101.0,3.8,128.0097,21684.9
2022-02-24,0.08,1.96,1.54,284.525,288.256,101.8458,638101.0,3.8,128.0097,21684.9
2022-02-25,0.08,1.97,1.55,284.525,288.256,101.8458,638101.0,3.8,128.0097,21684.9
2022-02-26,0.08,1.97,1.55,284.525,288.256,101.8458,638101.0,3.8,128.0097,21684.9
2022-02-27,0.08,1.97,1.55,284.525,288.256,101.8458,638101.0,3.8,128.0097,21684.9
2022-02-28,0.08,1.83,1.44,284.525,288.256,101.8458,638101.0,3.8,128.0097,21684.9
2022-03-01,0.2,1.72,1.31,287.467,289.044,102.6732,651027.0,3.7,128.0097,21721.3
2022-03-02,0.2,1.86,1.5,287.467,289.044,102.6732,651027.0,3.7,128.0097,21721.3
2022-03-03,0.2,1.86,1.53,287.467,289.044,102.6732,651027.0,3.7,128.0097,21721.3
2022-03-04,0.2,1.74,1.5,287.467,289.044,102.6732,651027.0,3.7,128.0097,21721.3
2022-03-05,0.2,1.74,1.5,287.467,289.044,102.6732,651027.0,3.7,128.0097,21721.3
2022-03-06,0.2,1.74,1.5,287.467,289.044,102.6732,651027.0,3.7,128.0097,21721.3
2022-03-07,0.2,1.78,1.55,287.467,289.044,102.6732,651027.0,3.7,128.0097,21721.3
2022-03-08,0.2,1.86,1.63,287.467,289.044,102.6732,651027.0,3.7,128.0097,21721.3
2022-03-09,0.2,1.94,1.68,287.467,289.044,102.6732,651027.0,3.7,128.0097,21721.3
2022-03-10,0.2,1.98,1.72,287.467,289.044,102.6732,651027.0,3.7,128.0097,21721.3
2022-03-11,0.2,2.0,1.75,287.467,289.044,102.6732,651027.0,3.7,128.0097,21721.3
2022-03-12,0.2,2.0,1.75,287.467,289.044,102.6732,651027.0,3.7,128.0097,21721.3
2022-03-13,0.2,2.0,1.75,287.467,289.044,102.6732,651027.0,3.7,128.0097,21721.3
2022-03-14,0.2,2.14,1.87,287.467,289.044,102.6732,651027.0,3.7,128.0097,21721.3
2022-03-15,0.2,2.15,1.85,287.467,289.044,102.6732,651027.0,3.7,128.0097,21721.3
2022-03-16,0.2,2.19,1.95,287.467,289.044,102.6732,651027.0,3.7,128.0097,21721.3
2022-03-17,0.2,2.2,1.94,287.467,289.044,102.6732,651027.0,3.7,128.0097,21721.3
2022-03-18,0.2,2.14,1.97,287.467,289.044,102.6732,651027.0,3.7,128.0097,21721.3
2022-03-19,0.2,2.14,1.97,287.467,289.044,102.6732,651027.0,3.7,128.0097,21721.3
2022-03-20,0.2,2.14,1.97,287.467,289.044,102.6732,651027.0,3.7,128.0097,21721.3
2022-03-21,0.2,2.32,2.14,287.467,289.044,102.6732,651027.0,3.7,128.0097,21721.3
2022-03-22,0.2,2.38,2.18,287.467,289.044,102.6732,651027.0,3.7,128.0097,21721.3
2022-03-23,0.2,2.32,2.13,287.467,289.044,102.6732,651027.0,3.7,128.0097,21721.3
2022-03-24,0.2,2.34,2.13,287.467,289.044,102.6732,651027.0,3.7,128.0097,21721.3
2022-03-25,0.2,2.48,2.3,287.467,289.044,102.6732,651027.0,3.7,128.0097,21721.3
2022-03-26,0.2,2.48,2.3,287.467,289.044,102.6732,651027.0,3.7,128.0097,21721.3
2022-03-27,0.2,2.48,2.3,287.467,289.044,102.6732,651027.0,3.7,128.0097,21721.3
2022-03-28,0.2,2.46,2.35,287.467,289.044,102.6732,651027.0,3.7,128.0097,21721.3
2022-03-29,0.2,2.41,2.35,287.467,289.044,102.6732,651027.0,3.7,128.0097,21721.3
2022-03-30,0.2,2.35,2.31,287.467,289.044,102.6732,651027.0,3.7,128.0097,21721.3
2022-03-31,0.2,2.32,2.28,287.467,289.044,102.6732,651027.0,3.7,128.0097,21721.3
2022-04-01,0.33,2.39,2.44,288.582,290.474,102.9024,660194.0,3.7,128.0097,21749.9
2022-04-02,0.33,2.39,2.44,288.582,290.474,102.9024,660194.0,3.7,128.0097,21749.9
2022-04-03,0.33,2.39,2.44,288.582,290.474,102.9024,660194.0,3.7,128.0097,21749.9
2022-04-04,0.33,2.42,2.43,288.582,290.474,102.9024,660194.0,3.7,128.0097,21749.9
2022-04-05,0.33,2.54,2.51,288.582,290.474,102.9024,660194.0,3.7,128.0097,21749.9
2022-04-06,0.33,2.61,2.5,288.582,290.474,102.9024,660194.0,3.7,128.0097,21749.9
2022-04-07,0.33,2.66,2.47,288.582,290.474,102.9024,660194.0,3.7,128.0097,21749.9
2022-04-08,0.33,2.72,2.53,288.582,290.474,102.9024,660194.0,3.7,128.0097,21749.9
2022-04-09,0.33,2.72,2.53,288.582,290.474,102.9024,660194.0,3.7,128.0097,21749.9
2022-04-10,0.33,2.72,2.53,288.582,290.474,102.9024,660194.0,3.7,128.0097,21749.9
2022-04-11,0.33,2.79,2.5,288.582,290.474,102.9024,660194.0,3.7,128.0097,21749.9
2022-04-12,0.33,2.72,2.39,288.582,290.474,102.9024,660194.0,3.7,128.0097,21749.9
2022-04-13,0.33,2.7,2.37,288.582,290.474,102.9024,660194.0,3.7,128.0097,21749.9
2022-04-14,0.33,2.83,2.47,288.582,290.474,102.9024,660194.0,3.7,128.0097,21749.9
2022-04-15,0.33,2.83,2.47,288.582,290.474,102.9024,660194.0,3.7,128.0097,21749.9
2022-04-16,0.33,2.83,2.47,288.582,290.474,102.9024,660194.0,3.7,128.0097,21749.9
2022-04-17,0.33,2.83,2.47,288.582,290.474,102.9024,660194.0,3.7,128.0097,21749.9
2022-04-18,0.33,2.85,2.46,288.582,290.474,102.9024,660194.0,3.7,128.0097,21749.9
2022-04-19,0.33,2.93,2.61,288.582,290.474,102.9024,660194.0,3.7,128.0097,21749.9
2022-04-20,0.33,2.85,2.6,288.582,290.474,102.9024,660194.0,3.7,128.0097,21749.9
2022-04-21,0.33,2.9,2.68,288.582,290.474,102.9024,660194.0,3.7,128.0097,21749.9
2022-04-22,0.33,2.9,2.72,288.582,290.474,102.9024,660194.0,3.7,128.0097,21749.9
2022-04-23,0.33,2.9,2.72,288.582,290.474,102.9024,660194.0,3.7,128.0097,21749.9
2022-04-24,0.33,2.9,2.72,288.582,290.474,102.9024,660194.0,3.7,128.0097,21749.9
2022-04-25,0.33,2.81,2.63,288.582,290.474,102.9024,660194.0,3.7,128.0097,21749.9
2022-04-26,0.33,2.77,2.54,288.582,290.474,102.9024,660194.0,3.7,128.0097,21749.9
2022-04-27,0.33,2.82,2.58,288.582,290.474,102.9024,660194.0,3.7,128.0097,21749.9
2022-04-28,0.33,2.85,2.63,288.582,290.474,102.9024,660194.0,3.7,128.0097,21749.9
2022-04-29,0.33,2.89,2.7,288.582,290.474,102.9024,660194.0,3.7,128.0097,21749.9
2022-04-30,0.33,2.89,2.7,288.582,290.474,102.9024,660194.0,3.7,128.0097,21749.9
2022-05-01,0.77,2.89,2.7,291.299,292.039,102.9659,659847.0,3.6,128.0097,21690.7
2022-05-02,0.77,2.99,2.73,291.299,292.039,102.9659,659847.0,3.6,128.0097,21690.7
2022-05-03,0.77,2.97,2.78,291.299,292.039,102.9659,659847.0,3.6,128.0097,21690.7
2022-05-04,0.77,2.93,2.66,291.299,292.039,102.9659,659847.0,3.6,128.0097,21690.7
2022-05-05,0.77,3.05,2.71,291.299,292.039,102.9659,659847.0,3.6,128.0097,21690.7
2022-05-06,0.77,3.12,2.72,291.299,292.039,102.9659,659847.0,3.6,128.0097,21690.7
2022-05-07,0.77,3.12,2.72,291.299,292.039,102.9659,659847.0,3.6,128.0097,21690.7
2022-05-08,0.77,3.12,2.72,291.299,292.039,102.9659,659847.0,3.6,128.0097,21690.7
2022-05-09,0.77,3.05,2.61,291.299,292.039,102.9659,659847.0,3.6,128.0097,21690.7
2022-05-10,0.77,2.99,2.62,291.299,292.039,102.9659,659847.0,3.6,128.0097,21690.7
2022-05-11,0.77,2.91,2.66,291.299,292.039,102.9659,659847.0,3.6,128.0097,21690.7
2022-05-12,0.77,2.84,2.56,291.299,292.039,102.9659,659847.0,3.6,128.0097,21690.7
2022-05-13,0.77,2.93,2.61,291.299,292.039,102.9659,659847.0,3.6,128.0097,21690.7
2022-05-14,0.77,2.93,2.61,291.299,292.039,102.9659,659847.0,3.6,128.0097,21690.7
2022-05-15,0.77,2.93,2.61,291.299,292.039,102.9659,659847.0,3.6,128.0097,21690.7
2022-05-16,0.77,2.88,2.58,291.299,292.039,102.9659,659847.0,3.6,128.0097,21690.7
2022-05-17,0.77,2.98,2.71,291.299,292.039,102.9659,659847.0,3.6,128.0097,21690.7
2022-05-18,0.77,2.89,2.68,291.299,292.039,102.9659,659847.0,3.6,128.0097,21690.7
2022-05-19,0.77,2.84,2.63,291.299,292.039,102.9659,659847.0,3.6,128.0097,21690.7
2022-05-20,0.77,2.78,2.6,291.299,292.039,102.9659,659847.0,3.6,128.0097,21690.7
2022-05-21,0.77,2.78,2.6,291.299,292.039,102.9659,659847.0,3.6,128.0097,21690.7
2022-05-22,0.77,2.78,2.6,291.299,292.039,102.9659,659847.0,3.6,128.0097,21690.7
2022-05-23,0.77,2.86,2.65,291.299,292.039,102.9659,659847.0,3.6,128.0097,21690.7
2022-05-24,0.77,2.76,2.5,291.299,292.039,102.9659,659847.0,3.6,128.0097,21690.7
2022-05-25,0.77,2.75,2.48,291.299,292.039,102.9659,659847.0,3.6,128.0097,21690.7
2022-05-26,0.77,2.75,2.46,291.299,292.039,102.9659,659847.0,3.6,128.0097,21690.7
2022-05-27,0.77,2.74,2.47,291.299,292.039,102.9659,659847.0,3.6,128.0097,21690.7
2022-05-28,0.77,2.74,2.47,291.299,292.039,102.9659,659847.0,3.6,128.0097,21690.7
2022-05-29,0.77,2.74,2.47,291.299,292.039,102.9659,659847.0,3.6,128.0097,21690.7
2022-05-30,0.77,2.74,2.47,291.299,292.039,102.9659,659847.0,3.6,128.0097,21690.7
2022-05-31,0.77,2.85,2.53,291.299,292.039,102.9659,659847.0,3.6,128.0097,21690.7
2022-06-01,1.21,2.94,2.66,295.072,294.009,102.8224,666113.0,3.6,128.0097,21642.8
2022-06-02,1.21,2.92,2.65,295.072,294.009,102.8224,666113.0,3.6,128.0097,21642.8
2022-06-03,1.21,2.96,2.66,295.072,294.009,102.8224,666113.0,3.6,128.0097,21642.8
2022-06-04,1.21,2.96,2.66,295.072,294.009,102.8224,666113.0,3.6,128.0097,21642.8
2022-06-05,1.21,2.96,2.66,295.072,294.009,102.8224,666113.0,3.6,128.0097,21642.8
2022-06-06,1.21,3.04,2.73,295.072,294.009,102.8224,666113.0,3.6,128.0097,21642.8
2022-06-07,1.21,2.98,2.75,295.072,294.009,102.8224,666113.0,3.6,128.0097,21642.8
2022-06-08,1.21,3.03,2.78,295.072,294.009,102.8224,666113.0,3.6,128.0097,21642.8
2022-06-09,1.21,3.04,2.83,295.072,294.009,102.8224,666113.0,3.6,128.0097,21642.8
2022-06-10,1.21,3.15,3.06,295.072,294.009,102.8224,666113.0,3.6,128.0097,21642.8
2022-06-11,1.21,3.15,3.06,295.072,294.009,102.8224,666113.0,3.6,128.0097,21642.8
2022-06-12,1.21,3.15,3.06,295.072,294.009,102.8224,666113.0,3.6,128.0097,21642.8
2022-06-13,1.21,3.43,3.4,295.072,294.009,102.8224,666113.0,3.6,128.0097,21642.8
2022-06-14,1.21,3.49,3.45,295.072,294.009,102.8224,666113.0,3.6,128.0097,21642.8
2022-06-15,1.21,3.33,3.2,295.072,294.009,102.8224,666113.0,3.6,128.0097,21642.8
2022-06-16,1.21,3.28,3.14,295.072,294.009,102.8224,666113.0,3.6,128.0097,21642.8
2022-06-17,1.21,3.25,3.17,295.072,294.009,102.8224,666113.0,3.6,128.0097,21642.8
2022-06-18,1.21,3.25,3.17,295.072,294.009,102.8224,666113.0,3.6,128.0097,21642.8
2022-06-19,1.21,3.25,3.17,295.072,294.009,102.8224,666113.0,3.6,128.0097,21642.8
2022-06-20,1.21,3.25,3.17,295.072,294.009,102.8224,666113.0,3.6,128.0097,21642.8
2022-06-21,1.21,3.31,3.21,295.072,294.009,102.8224,666113.0,3.6,128.0097,21642.8
2022-06-22,1.21,3.16,3.06,295.072,294.009,102.8224,666113.0,3.6,128.0097,21642.8
2022-06-23,1.21,3.09,3.01,295.072,294.009,102.8224,666113.0,3.6,128.0097,21642.8
2022-06-24,1.21,3.13,3.04,295.072,294.009,102.8224,666113.0,3.6,128.0097,21642.8
2022-06-25,1.21,3.13,3.04,295.072,294.009,102.8224,666113.0,3.6,128.0097,21642.8
2022-06-26,1.21,3.13,3.04,295.072,294.009,102.8224,666113.0,3.6,128.0097,21642.8
2022-06-27,1.21,3.2,3.08,295.072,294.009,102.8224,666113.0,3.6,128.0097,21642.8
2022-06-28,1.21,3.2,3.1,295.072,294.009,102.8224,666113.0,3.6,128.0097,21642.8
2022-06-29,1.21,3.1,3.06,295.072,294.009,102.8224,666113.0,3.6,128.0097,21642.8
2022-06-30,1.21,2.98,2.92,295.072,294.009,102.8224,666113.0,3.6,128.0097,21642.8
2022-07-01,1.68,2.88,2.84,294.94,295.08,103.0505,659550.0,3.5,128.0097,21641.7
2022-07-02,1.68,2.88,2.84,294.94,295.08,103.0505,659550.0,3.5,128.0097,21641.7
2022-07-03,1.68,2.88,2.84,294.94,295.08,103.0505,659550.0,3.5,128.0097,21641.7
2022-07-04,1.68,2.88,2.84,294.94,295.08,103.0505,659550.0,3.5,128.0097,21641.7
2022-07-05,1.68,2.82,2.82,294.94,295.08,103.0505,659550.0,3.5,128.0097,21641.7
2022-07-06,1.68,2.93,2.97,294.94,295.08,103.0505,659550.0,3.5,128.0097,21641.7
2022-07-07,1.68,3.01,3.03,294.94,295.08,103.0505,659550.0,3.5,128.0097,21641.7
2022-07-08,1.68,3.09,3.12,294.94,295.08,103.0505,659550.0,3.5,128.0097,21641.7
2022-07-09,1.68,3.09,3.12,294.94,295.08,103.0505,659550.0,3.5,128.0097,21641.7
2022-07-10,1.68,3.09,3.12,294.94,295.08,103.0505,659550.0,3.5,128.0097,21641.7
2022-07-11,1.68,2.99,3.07,294.94,295.08,103.0505,659550.0,3.5,128.0097,21641.7
2022-07-12,1.68,2.96,3.03,294.94,295.08,103.0505,659550.0,3.5,128.0097,21641.7
2022-07-13,1.68,2.91,3.13,294.94,295.08,103.0505,659550.0,3.5,128.0097,21641.7
2022-07-14,1.68,2.96,3.15,294.94,295.08,103.0505,659550.0,3.5,128.0097,21641.7
2022-07-15,1.68,2.93,3.13,294.94,295.08,103.0505,659550.0,3.5,128.0097,21641.7
2022-07-16,1.68,2.93,3.13,294.94,295.08,103.0505,659550.0,3.5,128.0097,21641.7
2022-07-17,1.68,2.93,3.13,294.94,295.08,103.0505,659550.0,3.5,128.0097,21641.7
2022-07-18,1.68,2.96,3.15,294.94,295.08,103.0505,659550.0,3.5,128.0097,21641.7
2022-07-19,1.68,3.01,3.23,294.94,295.08,103.0505,659550.0,3.5,128.0097,21641.7
2022-07-20,1.68,3.04,3.25,294.94,295.08,103.0505,659550.0,3.5,128.0097,21641.7
2022-07-21,1.68,2.91,3.1,294.94,295.08,103.0505,659550.0,3.5,128.0097,21641.7
2022-07-22,1.68,2.77,2.98,294.94,295.08,103.0505,659550.0,3.5,128.0097,21641.7
2022-07-23,1.68,2.77,2.98,294.94,295.08,103.0505,659550.0,3.5,128.0097,21641.7
2022-07-24,1.68,2.77,2.98,294.94,295.08,103.0505,659550.0,3.5,128.0097,21641.7
2022-07-25,1.68,2.81,3.0,294.94,295.08,103.0505,659550.0,3.5,128.0097,21641.7
2022-07-26,1.68,2.81,3.02,294.94,295.08,103.0505,659550.0,3.5,128.0097,21641.7
2022-07-27,1.68,2.78,2.96,294.94,295.08,103.0505,659550.0,3.5,128.0097,21641.7
2022-07-28,1.68,2.68,2.85,294.94,295.08,103.0505,659550.0,3.5,128.0097,21641.7
2022-07-29,1.68,2.67,2.89,294.94,295.08,103.0505,659550.0,3.5,128.0097,21641.7
2022-07-30,1.68,2.67,2.89,294.94,295.08,103.0505,659550.0,3.5,128.0097,21641.7
2022-07-31,1.68,2.67,2.89,294.94,295.08,103.0505,659550.0,3.5,128.0097,21641.7
2022-08-01,2.33,2.6,2.9,295.162,296.582,103.1703,663566.0,3.6,128.0097,21606.8
2022-08-02,2.33,2.75,3.06,295.162,296.582,103.1703,663566.0,3.6,128.0097,21606.8
2022-08-03,2.33,2.73,3.1,295.162,296.582,103.1703,663566.0,3.6,128.0097,21606.8
2022-08-04,2.33,2.68,3.03,295.162,296.582,103.1703,663566.0,3.6,128.0097,21606.8
2022-08-05,2.33,2.83,3.24,295.162,296.582,103.1703,663566.0,3.6,128.0097,21606.8
2022-08-06,2.33,2.83,3.24,295.162,296.582,103.1703,663566.0,3.6,128.0097,21606.8
2022-08-07,2.33,2.83,3.24,295.162,296.582,103.1703,663566.0,3.6,128.0097,21606.8
2022-08-08,2.33,2.77,3.21,295.162,296.582,103.1703,663566.0,3.6,128.0097,21606.8
2022-08-09,2.33,2.8,3.28,295.162,296.582,103.1703,663566.0,3.6,128.0097,21606.8
2022-08-10,2.33,2.78,3.23,295.162,296.582,103.1703,663566.0,3.6,128.0097,21606.8
2022-08-11,2.33,2.87,3.23,295.162,296.582,103.1703,663566.0,3.6,128.0097,21606.8
2022-08-12,2.33,2.84,3.25,295.162,296.582,103.1703,663566.0,3.6,128.0097,21606.8
2022-08-13,2.33,2.84,3.25,295.162,296.582,103.1703,663566.0,3.6,128.0097,21606.8
2022-08-14,2.33,2.84,3.25,295.162,296.582,103.1703,663566.0,3.6,128.0097,21606.8
2022-08-15,2.33,2.79,3.2,295.162,296.582,103.1703,663566.0,3.6,128.0097,21606.8
2022-08-16,2.33,2.82,3.25,295.162,296.582,103.1703,663566.0,3.6,128.0097,21606.8
2022-08-17,2.33,2.89,3.28,295.162,296.582,103.1703,663566.0,3.6,128.0097,21606.8
2022-08-18,2.33,2.88,3.22,295.162,296.582,103.1703,663566.0,3.6,128.0097,21606.8
2022-08-19,2.33,2.98,3.25,295.162,296.582,103.1703,663566.0,3.6,128.0097,21606.8
2022-08-20,2.33,2.98,3.25,295.162,296.582,103.1703,663566.0,3.6,128.0097,21606.8
2022-08-21,2.33,2.98,3.25,295.162,296.582,103.1703,663566.0,3.6,128.0097,21606.8
2022-08-22,2.33,3.03,3.32,295.162,296.582,103.1703,663566.0,3.6,128.0097,21606.8
2022-08-23,2.33,3.05,3.29,295.162,296.582,103.1703,663566.0,3.6,128.0097,21606.8
2022-08-24,2.33,3.11,3.36,295.162,296.582,103.1703,663566.0,3.6,128.0097,21606.8
2022-08-25,2.33,3.03,3.35,295.162,296.582,103.1703,663566.0,3.6,128.0097,21606.8
2022-08-26,2.33,3.04,3.37,295.162,296.582,103.1703,663566.0,3.6,128.0097,21606.8
2022-08-27,2.33,3.04,3.37,295.162,296.582,103.1703,663566.0,3.6,128.0097,21606.8
2022-08-28,2.33,3.04,3.37,295.162,296.582,103.1703,663566.0,3.6,128.0097,21606.8
2022-08-29,2.33,3.12,3.42,295.162,296.582,103.1703,663566.0,3.6,128.0097,21606.8
2022-08-30,2.33,3.11,3.46,295.162,296.582,103.1703,663566.0,3.6,128.0097,21606.8
2022-08-31,2.33,3.15,3.45,295.162,296.582,103.1703,663566.0,3.6,128.0097,21606.8
2022-09-01,2.56,3.26,3.51,296.421,298.281,103.5326,661854.0,3.5,128.0097,21521.0
2022-09-02,2.56,3.2,3.4,296.421,298.281,103.5326,661854.0,3.5,128.0097,21521.0
2022-09-03,2.56,3.2,3.4,296.421,298.281,103.5326,661854.0,3.5,128.0097,21521.0
2022-09-04,2.56,3.2,3.4,296.421,298.281,103.5326,661854.0,3.5,128.0097,21521.0
2022-09-05,2.56,3.2,3.4,296.421,298.281,103.5326,661854.0,3.5,128.0097,21521.0
2022-09-06,2.56,3.33,3.5,296.421,298.281,103.5326,661854.0,3.5,128.0097,21521.0
2022-09-07,2.56,3.27,3.45,296.421,298.281,103.5326,661854.0,3.5,128.0097,21521.0
2022-09-08,2.56,3.29,3.48,296.421,298.281,103.5326,661854.0,3.5,128.0097,21521.0
2022-09-09,2.56,3.33,3.56,296.421,298.281,103.5326,661854.0,3.5,128.0097,21521.0
2022-09-10,2.56,3.33,3.56,296.421,298.281,103.5326,661854.0,3.5,128.0097,21521.0
2022-09-11,2.56,3.33,3.56,296.421,298.281,103.5326,661854.0,3.5,128.0097,21521.0
2022-09-12,2.56,3.37,3.58,296.421,298.281,103.5326,661854.0,3.5,128.0097,21521.0
2022-09-13,2.56,3.42,3.75,296.421,298.281,103.5326,661854.0,3.5,128.0097,21521.0
2022-09-14,2.56,3.41,3.78,296.421,298.281,103.5326,661854.0,3.5,128.0097,21521.0
2022-09-15,2.56,3.45,3.87,296.421,298.281,103.5326,661854.0,3.5,128.0097,21521.0
2022-09-16,2.56,3.45,3.85,296.421,298.281,103.5326,661854.0,3.5,128.0097,21521.0
2022-09-17,2.56,3.45,3.85,296.421,298.281,103.5326,661854.0,3.5,128.0097,21521.0
2022-09-18,2.56,3.45,3.85,296.421,298.281,103.5326,661854.0,3.5,128.0097,21521.0
2022-09-19,2.56,3.49,3.95,296.421,298.281,103.5326,661854.0,3.5,128.0097,21521.0
2022-09-20,2.56,3.57,3.96,296.421,298.281,103.5326,661854.0,3.5,128.0097,21521.0
2022-09-21,2.56,3.51,4.02,296.421,298.281,103.5326,661854.0,3.5,128.0097,21521.0
2022-09-22,2.56,3.7,4.11,296.421,298.281,103.5326,661854.0,3.5,128.0097,21521.0
2022-09-23,2.56,3.69,4.2,296.421,298.281,103.5326,661854.0,3.5,128.0097,21521.0
2022-09-24,2.56,3.69,4.2,296.421,298.281,103.5326,661854.0,3.5,128.0097,21521.0
2022-09-25,2.56,3.69,4.2,296.421,298.281,103.5326,661854.0,3.5,128.0097,21521.0
2022-09-26,2.56,3.88,4.27,296.421,298.281,103.5326,661854.0,3.5,128.0097,21521.0
2022-09-27,2.56,3.97,4.3,296.421,298.281,103.5326,661854.0,3.5,128.0097,21521.0
2022-09-28,2.56,3.72,4.07,296.421,298.281,103.5326,661854.0,3.5,128.0097,21521.0
2022-09-29,2.56,3.76,4.16,296.421,298.281,103.5326,661854.0,3.5,128.0097,21521.0
2022-09-30,2.56,3.83,4.22,296.421,298.281,103.5326,661854.0,3.5,128.0097,21521.0
2022-10-01,3.08,3.83,4.22,297.979,299.381,103.4442,668671.0,3.6,128.0097,21424.4
2022-10-02,3.08,3.83,4.22,297.979,299.381,103.4442,668671.0,3.6,128.0097,21424.4
2022-10-03,3.08,3.67,4.12,297.979,299.381,103.4442,668671.0,3.6,128.0097,21424.4
2022-10-04,3.08,3.62,4.1,297.979,299.381,103.4442,668671.0,3.6,128.0097,21424.4
2022-10-05,3.08,3.76,4.15,297.979,299.381,103.4442,668671.0,3.6,128.0097,21424.4
2022-10-06,3.08,3.83,4.23,297.979,299.381,103.4442,668671.0,3.6,128.0097,21424.4
2022-10-07,3.08,3.89,4.3,297.979,299.381,103.4442,668671.0,3.6,128.0097,21424.4
2022-10-08,3.08,3.89,4.3,297.979,299.381,103.4442,668671.0,3.6,128.0097,21424.4
2022-10-09,3.08,3.89,4.3,297.979,299.381,103.4442,668671.0,3.6,128.0097,21424.4
2022-10-10,3.08,3.89,4.3,297.979,299.381,103.4442,668671.0,3.6,128.0097,21424.4
2022-10-11,3.08,3.93,4.3,297.979,299.381,103.4442,668671.0,3.6,128.0097,21424.4
2022-10-12,3.08,3.91,4.28,297.979,299.381,103.4442,668671.0,3.6,128.0097,21424.4
2022-10-13,3.08,3.97,4.47,297.979,299.381,103.4442,668671.0,3.6,128.0097,21424.4
2022-10-14,3.08,4.0,4.48,297.979,299.381,103.4442,668671.0,3.6,128.0097,21424.4
2022-10-15,3.08,4.0,4.48,297.979,299.381,103.4442,668671.0,3.6,128.0097,21424.4
2022-10-16,3.08,4.0,4.48,297.979,299.381,103.4442,668671.0,3.6,128.0097,21424.4
2022-10-17,3.08,4.02,4.45,297.979,299.381,103.4442,668671.0,3.6,128.0097,21424.4
2022-10-18,3.08,4.01,4.43,297.979,299.381,103.4442,668671.0,3.6,128.0097,21424.4
2022-10-19,3.08,4.14,4.55,297.979,299.381,103.4442,668671.0,3.6,128.0097,21424.4
2022-10-20,3.08,4.24,4.62,297.979,299.381,103.4442,668671.0,3.6,128.0097,21424.4
2022-10-21,3.08,4.21,4.49,297.979,299.381,103.4442,668671.0,3.6,128.0097,21424.4
2022-10-22,3.08,4.21,4.49,297.979,299.381,103.4442,668671.0,3.6,128.0097,21424.4
2022-10-23,3.08,4.21,4.49,297.979,299.381,103.4442,668671.0,3.6,128.0097,21424.4
2022-10-24,3.08,4.25,4.5,297.979,299.381,103.4442,668671.0,3.6,128.0097,21424.4
2022-10-25,3.08,4.1,4.42,297.979,299.381,103.4442,668671.0,3.6,128.0097,21424.4
2022-10-26,3.08,4.04,4.39,297.979,299.381,103.4442,668671.0,3.6,128.0097,21424.4
2022-10-27,3.08,3.96,4.3,297.979,299.381,103.4442,668671.0,3.6,128.0097,21424.4
2022-10-28,3.08,4.02,4.41,297.979,299.381,103.4442,668671.0,3.6,128.0097,21424.4
2022-10-29,3.08,4.02,4.41,297.979,299.381,103.4442,668671.0,3.6,128.0097,21424.4
2022-10-30,3.08,4.02,4.41,297.979,299.381,103.4442,668671.0,3.6,128.0097,21424.4
2022-10-31,3.08,4.1,4.51,297.979,299.381,103.4442,668671.0,3.6,128.0097,21424.4
2022-11-01,3.78,4.07,4.54,298.708,300.316,103.1058,659458.0,3.6,128.0097,21358.1
2022-11-02,3.78,4.1,4.61,298.708,300.316,103.1058,659458.0,3.6,128.0097,21358.1
2022-11-03,3.78,4.14,4.71,298.708,300.316,103.1058,659458.0,3.6,128.0097,21358.1
2022-11-04,3.78,4.17,4.66,298.708,300.316,103.1058,659458.0,3.6,128.0097,21358.1
2022-11-05,3.78,4.17,4.66,298.708,300.316,103.1058,659458.0,3.6,128.0097,21358.1
2022-11-06,3.78,4.17,4.66,298.708,300.316,103.1058,659458.0,3.6,128.0097,21358.1
2022-11-07,3.78,4.22,4.72,298.708,300.316,103.1058,659458.0,3.6,128.0097,21358.1
2022-11-08,3.78,4.14,4.67,298.708,300.316,103.1058,659458.0,3.6,128.0097,21358.1
2022-11-09,3.78,4.12,4.61,298.708,300.316,103.1058,659458.0,3.6,128.0097,21358.1
2022-11-10,3.78,3.82,4.34,298.708,300.316,103.1058,659458.0,3.6,128.0097,21358.1
2022-11-11,3.78,3.82,4.34,298.708,300.316,103.1058,659458.0,3.6,128.0097,21358.1
2022-11-12,3.78,3.82,4.34,298.708,300.316,103.1058,659458.0,3.6,128.0097,21358.1
2022-11-13,3.78,3.82,4.34,298.708,300.316,103.1058,659458.0,3.6,128.0097,21358.1
2022-11-14,3.78,3.88,4.4,298.708,300.316,103.1058,659458.0,3.6,128.0097,21358.1
2022-11-15,3.78,3.8,4.37,298.708,300.316,103.1058,659458.0,3.6,128.0097,21358.1
2022-11-16,3.78,3.67,4.35,298.708,300.316,103.1058,659458.0,3.6,128.0097,21358.1
2022-11-17,3.78,3.77,4.43,298.708,300.316,103.1058,659458.0,3.6,128.0097,21358.1
2022-11-18,3.78,3.82,4.51,298.708,300.316,103.1058,659458.0,3.6,128.0097,21358.1
2022-11-19,3.78,3.82,4.51,298.708,300.316,103.1058,659458.0,3.6,128.0097,21358.1
2022-11-20,3.78,3.82,4.51,298.708,300.316,103.1058,659458.0,3.6,128.0097,21358.1
2022-11-21,3.78,3.83,4.48,298.708,300.316,103.1058,659458.0,3.6,128.0097,21358.1
2022-11-22,3.78,3.76,4.47,298.708,300.316,103.1058,659458.0,3.6,128.0097,21358.1
2022-11-23,3.78,3.71,4.46,298.708,300.316,103.1058,659458.0,3.6,128.0097,21358.1
2022-11-24,3.78,3.71,4.46,298.708,300.316,103.1058,659458.0,3.6,128.0097,21358.1
2022-11-25,3.78,3.68,4.42,298.708,300.316,103.1058,659458.0,3.6,128.0097,21358.1
2022-11-26,3.78,3.68,4.42,298.708,300.316,103.1058,659458.0,3.6,128.0097,21358.1
2022-11-27,3.78,3.68,4.42,298.708,300.316,103.1058,659458.0,3.6,128.0097,21358.1
2022-11-28,3.78,3.69,4.46,298.708,300.316,103.1058,659458.0,3.6,128.0097,21358.1
2022-11-29,3.78,3.75,4.48,298.708,300.316,103.1058,659458.0,3.6,128.0097,21358.1
2022-11-30,3.78,3.68,4.38,298.708,300.316,103.1058,659458.0,3.6,128.0097,21358.1
2022-12-01,4.1,3.53,4.25,298.808,301.433,101.8266,651763.0,3.5,128.0097,21219.0
2022-12-02,4.1,3.51,4.28,298.808,301.433,101.8266,651763.0,3.5,128.0097,21219.0
2022-12-03,4.1,3.51,4.28,298.808,301.433,101.8266,651763.0,3.5,128.0097,21219.0
2022-12-04,4.1,3.51,4.28,298.808,301.433,101.8266,651763.0,3.5,128.0097,21219.0
2022-12-05,4.1,3.6,4.41,298.808,301.433,101.8266,651763.0,3.5,128.0097,21219.0
2022-12-06,4.1,3.51,4.34,298.808,301.433,101.8266,651763.0,3.5,128.0097,21219.0
2022-12-07,4.1,3.42,4.26,298.808,301.433,101.8266,651763.0,3.5,128.0097,21219.0
2022-12-08,4.1,3.48,4.31,298.808,301.433,101.8266,651763.0,3.5,128.0097,21219.0
2022-12-09,4.1,3.57,4.33,298.808,301.433,101.8266,651763.0,3.5,128.0097,21219.0
2022-12-10,4.1,3.57,4.33,298.808,301.433,101.8266,651763.0,3.5,128.0097,21219.0
2022-12-11,4.1,3.57,4.33,298.808,301.433,101.8266,651763.0,3.5,128.0097,21219.0
2022-12-12,4.1,3.61,4.39,298.808,301.433,101.8266,651763.0,3.5,128.0097,21219.0
2022-12-13,4.1,3.51,4.22,298.808,301.433,101.8266,651763.0,3.5,128.0097,21219.0
2022-12-14,4.1,3.49,4.23,298.808,301.433,101.8266,651763.0,3.5,128.0097,21219.0
2022-12-15,4.1,3.44,4.23,298.808,301.433,101.8266,651763.0,3.5,128.0097,21219.0
2022-12-16,4.1,3.48,4.17,298.808,301.433,101.8266,651763.0,3.5,128.0097,21219.0
2022-12-17,4.1,3.48,4.17,298.808,301.433,101.8266,651763.0,3.5,128.0097,21219.0
2022-12-18,4.1,3.48,4.17,298.808,301.433,101.8266,651763.0,3.5,128.0097,21219.0
2022-12-19,4.1,3.57,4.25,298.808,301.433,101.8266,651763.0,3.5,128.0097,21219.0
2022-12-20,4.1,3.69,4.25,298.808,301.433,101.8266,651763.0,3.5,128.0097,21219.0
2022-12-21,4.1,3.68,4.21,298.808,301.433,101.8266,651763.0,3.5,128.0097,21219.0
2022-12-22,4.1,3.67,4.24,298.808,301.433,101.8266,651763.0,3.5,128.0097,21219.0
2022-12-23,4.1,3.75,4.31,298.808,301.433,101.8266,651763.0,3.5,128.0097,21219.0
2022-12-24,4.1,3.75,4.31,298.808,301.433,101.8266,651763.0,3.5,128.0097,21219.0
2022-12-25,4.1,3.75,4.31,298.808,301.433,101.8266,651763.0,3.5,128.0097,21219.0
2022-12-26,4.1,3.75,4.31,298.808,301.433,101.8266,651763.0,3.5,128.0097,21219.0
2022-12-27,4.1,3.84,4.32,298.808,301.433,101.8266,651763.0,3.5,128.0097,21219.0
2022-12-28,4.1,3.88,4.31,298.808,301.433,101.8266,651763.0,3.5,128.0097,21219.0
2022-12-29,4.1,3.83,4.34,298.808,301.433,101.8266,651763.0,3.5,128.0097,21219.0
2022-12-30,4.1,3.88,4.41,298.808,301.433,101.8266,651763.0,3.5,128.0097,21219.0
2022-12-31,4.1,3.88,4.41,298.808,301.433,101.8266,651763.0,3.5,128.0097,21219.0
2023-01-01,4.33,3.88,4.41,300.456,302.685,102.7476,680253.0,3.5,128.0097,21205.2
2023-01-02,4.33,3.88,4.41,300.456,302.685,102.7476,680253.0,3.5,128.0097,21205.2
2023-01-03,4.33,3.79,4.4,300.456,302.685,102.7476,680253.0,3.5,128.0097,21205.2
2023-01-04,4.33,3.69,4.36,300.456,302.685,102.7476,680253.0,3.5,128.0097,21205.2
2023-01-05,4.33,3.71,4.45,300.456,302.685,102.7476,680253.0,3.5,128.0097,21205.2
2023-01-06,4.33,3.55,4.24,300.456,302.685,102.7476,680253.0,3.5,128.0097,21205.2
2023-01-07,4.33,3.55,4.24,300.456,302.685,102.7476,680253.0,3.5,128.0097,21205.2
2023-01-08,4.33,3.55,4.24,300.456,302.685,102.7476,680253.0,3.5,128.0097,21205.2
2023-01-09,4.33,3.53,4.19,300.456,302.685,102.7476,680253.0,3.5,128.0097,21205.2
2023-01-10,4.33,3.61,4.24,300.456,302.685,102.7476,680253.0,3.5,128.0097,21205.2
2023-01-11,4.33,3.54,4.2,300.456,302.685,102.7476,680253.0,3.5,128.0097,21205.2
2023-01-12,4.33,3.43,4.12,300.456,302.685,102.7476,680253.0,3.5,128.0097,21205.2
2023-01-13,4.33,3.49,4.22,300.456,302.685,102.7476,680253.0,3.5,128.0097,21205.2
2023-01-14,4.33,3.49,4.22,300.456,302.685,102.7476,680253.0,3.5,128.0097,21205.2
2023-01-15,4.33,3.49,4.22,300.456,302.685,102.7476,680253.0,3.5,128.0097,21205.2
2023-01-16,4.33,3.49,4.22,300.456,302.685,102.7476,680253.0,3.5,128.0097,21205.2
2023-01-17,4.33,3.53,4.18,300.456,302.685,102.7476,680253.0,3.5,128.0097,21205.2
2023-01-18,4.33,3.37,4.06,300.456,302.685,102.7476,680253.0,3.5,128.0097,21205.2
2023-01-19,4.33,3.39,4.09,300.456,302.685,102.7476,680253.0,3.5,128.0097,21205.2
2023-01-20,4.33,3.48,4.14,300.456,302.685,102.7476,680253.0,3.5,128.0097,21205.2
2023-01-21,4.33,3.48,4.14,300.456,302.685,102.7476,680253.0,3.5,128.0097,21205.2
2023-01-22,4.33,3.48,4.14,300.456,302.685,102.7476,680253.0,3.5,128.0097,21205.2
2023-01-23,4.33,3.52,4.21,300.456,302.685,102.7476,680253.0,3.5,128.0097,21205.2
2023-01-24,4.33,3.46,4.12,300.456,302.685,102.7476,680253.0,3.5,128.0097,21205.2
2023-01-25,4.33,3.46,4.11,300.456,302.685,102.7476,680253.0,3.5,128.0097,21205.2
2023-01-26,4.33,3.49,4.17,300.456,302.685,102.7476,680253.0,3.5,128.0097,21205.2
2023-01-27,4.33,3.52,4.19,300.456,302.685,102.7476,680253.0,3.5,128.0097,21205.2
2023-01-28,4.33,3.52,4.19,300.456,302.685,102.7476,680253.0,3.5,128.0097,21205.2
2023-01-29,4.33,3.52,4.19,300.456,302.685,102.7476,680253.0,3.5,128.0097,21205.2
2023-01-30,4.33,3.55,4.25,300.456,302.685,102.7476,680253.0,3.5,128.0097,21205.2
2023-01-31,4.33,3.52,4.21,300.456,302.685,102.7476,680253.0,3.5,128.0097,21205.2
2023-02-01,4.57,3.39,4.09,301.476,304.097,102.8003,672152.0,3.6,128.0097,21184.5
2023-02-02,4.57,3.4,4.09,301.476,304.097,102.8003,672152.0,3.6,128.0097,21184.5
2023-02-03,4.57,3.53,4.3,301.476,304.097,102.8003,672152.0,3.6,128.0097,21184.5
2023-02-04,4.57,3.53,4.3,301.476,304.097,102.8003,672152.0,3.6,128.0097,21184.5
2023-02-05,4.57,3.53,4.3,301.476,304.097,102.8003,672152.0,3.6,128.0097,21184.5
2023-02-06,4.57,3.63,4.44,301.476,304.097,102.8003,672152.0,3.6,128.0097,21184.5
2023-02-07,4.57,3.67,4.47,301.476,304.097,102.8003,672152.0,3.6,128.0097,21184.5
2023-02-08,4.57,3.63,4.45,301.476,304.097,102.8003,672152.0,3.6,128.0097,21184.5
2023-02-09,4.57,3.67,4.48,301.476,304.097,102.8003,672152.0,3.6,128.0097,21184.5
2023-02-10,4.57,3.74,4.5,301.476,304.097,102.8003,672152.0,3.6,128.0097,21184.5
2023-02-11,4.57,3.74,4.5,301.476,304.097,102.8003,672152.0,3.6,128.0097,21184.5
2023-02-12,4.57,3.74,4.5,301.476,304.097,102.8003,672152.0,3.6,128.0097,21184.5
2023-02-13,4.57,3.72,4.52,301.476,304.097,102.8003,672152.0,3.6,128.0097,21184.5
2023-02-14,4.57,3.77,4.6,301.476,304.097,102.8003,672152.0,3.6,128.0097,21184.5
2023-02-15,4.57,3.81,4.62,301.476,304.097,102.8003,672152.0,3.6,128.0097,21184.5
2023-02-16,4.57,3.86,4.62,301.476,304.097,102.8003,672152.0,3.6,128.0097,21184.5
2023-02-17,4.57,3.82,4.6,301.476,304.097,102.8003,672152.0,3.6,128.0097,21184.5
2023-02-18,4.57,3.82,4.6,301.476,304.097,102.8003,672152.0,3.6,128.0097,21184.5
2023-02-19,4.57,3.82,4.6,301.476,304.097,102.8003,672152.0,3.6,128.0097,21184.5
2023-02-20,4.57,3.82,4.6,301.476,304.097,102.8003,672152.0,3.6,128.0097,21184.5
2023-02-21,4.57,3.95,4.67,301.476,304.097,102.8003,672152.0,3.6,128.0097,21184.5
2023-02-22,4.57,3.93,4.66,301.476,304.097,102.8003,672152.0,3.6,128.0097,21184.5
2023-02-23,4.57,3.88,4.66,301.476,304.097,102.8003,672152.0,3.6,128.0097,21184.5
2023-02-24,4.57,3.95,4.78,301.476,304.097,102.8003,672152.0,3.6,128.0097,21184.5
2023-02-25,4.57,3.95,4.78,301.476,304.097,102.8003,672152.0,3.6,128.0097,21184.5
2023-02-26,4.57,3.95,4.78,301.476,304.097,102.8003,672152.0,3.6,128.0097,21184.5
2023-02-27,4.57,3.92,4.78,301.476,304.097,102.8003,672152.0,3.6,128.0097,21184.5
2023-02-28,4.57,3.92,4.81,301.476,304.097,102.8003,672152.0,3.6,128.0097,21184.5
2023-03-01,4.65,4.01,4.89,301.643,305.123,102.8143,665071.0,3.5,128.0097,20876.1
2023-03-02,4.65,4.08,4.89,301.643,305.123,102.8143,665071.0,3.5,128.0097,20876.1
2023-03-03,4.65,3.97,4.86,301.643,305.123,102.8143,665071.0,3.5,128.0097,20876.1
2023-03-04,4.65,3.97,4.86,301.643,305.123,102.8143,665071.0,3.5,128.0097,20876.1
2023-03-05,4.65,3.97,4.86,301.643,305.123,102.8143,665071.0,3.5,128.0097,20876.1
2023-03-06,4.65,3.98,4.89,301.643,305.123,102.8143,665071.0,3.5,128.0097,20876.1
2023-03-07,4.65,3.97,5.0,301.643,305.123,102.8143,665071.0,3.5,128.0097,20876.1
2023-03-08,4.65,3.98,5.05,301.643,305.123,102.8143,665071.0,3.5,128.0097,20876.1
2023-03-09,4.65,3.93,4.9,301.643,305.123,102.8143,665071.0,3.5,128.0097,20876.1
2023-03-10,4.65,3.7,4.6,301.643,305.123,102.8143,665071.0,3.5,128.0097,20876.1
2023-03-11,4.65,3.7,4.6,301.643,305.123,102.8143,665071.0,3.5,128.0097,20876.1
2023-03-12,4.65,3.7,4.6,301.643,305.123,102.8143,665071.0,3.5,128.0097,20876.1
2023-03-13,4.65,3.55,4.03,301.643,305.123,102.8143,665071.0,3.5,128.0097,20876.1
2023-03-14,4.65,3.64,4.2,301.643,305.123,102.8143,665071.0,3.5,128.0097,20876.1
2023-03-15,4.65,3.51,3.93,301.643,305.123,102.8143,665071.0,3.5,128.0097,20876.1
2023-03-16,4.65,3.56,4.14,301.643,305.123,102.8143,665071.0,3.5,128.0097,20876.1
2023-03-17,4.65,3.39,3.81,301.643,305.123,102.8143,665071.0,3.5,128.0097,20876.1
2023-03-18,4.65,3.39,3.81,301.643,305.123,102.8143,665071.0,3.5,128.0097,20876.1
2023-03-19,4.65,3.39,3.81,301.643,305.123,102.8143,665071.0,3.5,128.0097,20876.1
2023-03-20,4.65,3.47,3.92,301.643,305.123,102.8143,665071.0,3.5,128.0097,20876.1
2023-03-21,4.65,3.59,4.17,301.643,305.123,102.8143,665071.0,3.5,128.0097,20876.1
2023-03-22,4.65,3.48,3.96,301.643,305.123,102.8143,665071.0,3.5,128.0097,20876.1
2023-03-23,4.65,3.38,3.76,301.643,305.123,102.8143,665071.0,3.5,128.0097,20876.1
2023-03-24,4.65,3.38,3.76,301.643,305.123,102.8143,665071.0,3.5,128.0097,20876.1
2023-03-25,4.65,3.38,3.76,301.643,305.123,102.8143,665071.0,3.5,128.0097,20876.1
2023-03-26,4.65,3.38,3.76,301.643,305.123,102.8143,665071.0,3.5,128.0097,20876.1
2023-03-27,4.65,3.53,3.94,301.643,305.123,102.8143,665071.0,3.5,128.0097,20876.1
2023-03-28,4.65,3.55,4.02,301.643,305.123,102.8143,665071.0,3.5,128.0097,20876.1
2023-03-29,4.65,3.57,4.08,301.643,305.123,102.8143,665071.0,3.5,128.0097,20876.1
2023-03-30,4.65,3.55,4.1,301.643,305.123,102.8143,665071.0,3.5,128.0097,20876.1
2023-03-31,4.65,3.48,4.06,301.643,305.123,102.8143,665071.0,3.5,128.0097,20876.1
2023-04-01,4.83,3.48,4.06,302.858,306.49,103.2241,670494.0,3.4,128.0097,20729.8
2023-04-02,4.83,3.48,4.06,302.858,306.49,103.2241,670494.0,3.4,128.0097,20729.8
2023-04-03,4.83,3.43,3.97,302.858,306.49,103.2241,670494.0,3.4,128.0097,20729.8
2023-04-04,4.83,3.35,3.84,302.858,306.49,103.2241,670494.0,3.4,128.0097,20729.8
2023-04-05,4.83,3.3,3.79,302.858,306.49,103.2241,670494.0,3.4,128.0097,20729.8
2023-04-06,4.83,3.3,3.82,302.858,306.49,103.2241,670494.0,3.4,128.0097,20729.8
2023-04-07,4.83,3.39,3.97,302.858,306.49,103.2241,670494.0,3.4,128.0097,20729.8
2023-04-08,4.83,3.39,3.97,302.858,306.49,103.2241,670494.0,3.4,128.0097,20729.8
2023-04-09,4.83,3.39,3.97,302.858,306.49,103.2241,670494.0,3.4,128.0097,20729.8
2023-04-10,4.83,3.41,4.0,302.858,306.49,103.2241,670494.0,3.4,128.0097,20729.8
2023-04-11,4.83,3.43,4.03,302.858,306.49,103.2241,670494.0,3.4,128.0097,20729.8
2023-04-12,4.83,3.41,3.95,302.858,306.49,103.2241,670494.0,3.4,128.0097,20729.8
2023-04-13,4.83,3.45,3.96,302.858,306.49,103.2241,670494.0,3.4,128.0097,20729.8
2023-04-14,4.83,3.52,4.08,302.858,306.49,103.2241,670494.0,3.4,128.0097,20729.8
2023-04-15,4.83,3.52,4.08,302.858,306.49,103.2241,670494.0,3.4,128.0097,20729.8
2023-04-16,4.83,3.52,4.08,302.858,306.49,103.2241,670494.0,3.4,128.0097,20729.8
2023-04-17,4.83,3.6,4.18,302.858,306.49,103.2241,670494.0,3.4,128.0097,20729.8
2023-04-18,4.83,3.58,4.19,302.858,306.49,103.2241,670494.0,3.4,128.0097,20729.8
2023-04-19,4.83,3.6,4.24,302.858,306.49,103.2241,670494.0,3.4,128.0097,20729.8
2023-04-20,4.83,3.54,4.14,302.858,306.49,103.2241,670494.0,3.4,128.0097,20729.8
2023-04-21,4.83,3.57,4.17,302.858,306.49,103.2241,670494.0,3.4,128.0097,20729.8
2023-04-22,4.83,3.57,4.17,302.858,306.49,103.2241,670494.0,3.4,128.0097,20729.8
2023-04-23,4.83,3.57,4.17,302.858,306.49,103.2241,670494.0,3.4,128.0097,20729.8
2023-04-24,4.83,3.52,4.12,302.858,306.49,103.2241,670494.0,3.4,128.0097,20729.8
2023-04-25,4.83,3.4,3.86,302.858,306.49,103.2241,670494.0,3.4,128.0097,20729.8
2023-04-26,4.83,3.43,3.9,302.858,306.49,103.2241,670494.0,3.4,128.0097,20729.8
2023-04-27,4.83,3.53,4.07,302.858,306.49,103.2241,670494.0,3.4,128.0097,20729.8
2023-04-28,4.83,3.44,4.04,302.858,306.49,103.2241,670494.0,3.4,128.0097,20729.8
2023-04-29,4.83,3.44,4.04,302.858,306.49,103.2241,670494.0,3.4,128.0097,20729.8
2023-04-30,4.83,3.44,4.04,302.858,306.49,103.2241,670494.0,3.4,128.0097,20729.8
2023-05-01,5.06,3.59,4.14,303.316,307.623,102.9809,673902.0,3.6,128.0097,20801.1
2023-05-02,5.06,3.44,3.97,303.316,307.623,102.9809,673902.0,3.6,128.0097,20801.1
2023-05-03,5.06,3.38,3.89,303.316,307.623,102.9809,673902.0,3.6,128.0097,20801.1
2023-05-04,5.06,3.37,3.75,303.316,307.623,102.9809,673902.0,3.6,128.0097,20801.1
2023-05-05,5.06,3.44,3.92,303.316,307.623,102.9809,673902.0,3.6,128.0097,20801.1
2023-05-06,5.06,3.44,3.92,303.316,307.623,102.9809,673902.0,3.6,128.0097,20801.1
2023-05-07,5.06,3.44,3.92,303.316,307.623,102.9809,673902.0,3.6,128.0097,20801.1
2023-05-08,5.06,3.52,4.0,303.316,307.623,102.9809,673902.0,3.6,128.0097,20801.1
2023-05-09,5.06,3.53,4.01,303.316,307.623,102.9809,673902.0,3.6,128.0097,20801.1
2023-05-10,5.06,3.43,3.9,303.316,307.623,102.9809,673902.0,3.6,128.0097,20801.1
2023-05-11,5.06,3.39,3.89,303.316,307.623,102.9809,673902.0,3.6,128.0097,20801.1
2023-05-12,5.06,3.46,3.98,303.316,307.623,102.9809,673902.0,3.6,128.0097,20801.1
2023-05-13,5.06,3.46,3.98,303.316,307.623,102.9809,673902.0,3.6,128.0097,20801.1
2023-05-14,5.06,3.46,3.98,303.316,307.623,102.9809,673902.0,3.6,128.0097,20801.1
2023-05-15,5.06,3.5,3.99,303.316,307.623,102.9809,673902.0,3.6,128.0097,20801.1
2023-05-16,5.06,3.54,4.06,303.316,307.623,102.9809,673902.0,3.6,128.0097,20801.1
2023-05-17,5.06,3.57,4.12,303.316,307.623,102.9809,673902.0,3.6,128.0097,20801.1
2023-05-18,5.06,3.65,4.24,303.316,307.623,102.9809,673902.0,3.6,128.0097,20801.1
2023-05-19,5.06,3.7,4.28,303.316,307.623,102.9809,673902.0,3.6,128.0097,20801.1
2023-05-20,5.06,3.7,4.28,303.316,307.623,102.9809,673902.0,3.6,128.0097,20801.1
2023-05-21,5.06,3.7,4.28,303.316,307.623,102.9809,673902.0,3.6,128.0097,20801.1
2023-05-22,5.06,3.72,4.29,303.316,307.623,102.9809,673902.0,3.6,128.0097,20801.1
2023-05-23,5.06,3.7,4.26,303.316,307.623,102.9809,673902.0,3.6,128.0097,20801.1
2023-05-24,5.06,3.73,4.31,303.316,307.623,102.9809,673902.0,3.6,128.0097,20801.1
2023-05-25,5.06,3.83,4.5,303.316,307.623,102.9809,673902.0,3.6,128.0097,20801.1
2023-05-26,5.06,3.8,4.54,303.316,307.623,102.9809,673902.0,3.6,128.0097,20801.1
2023-05-27,5.06,3.8,4.54,303.316,307.623,102.9809,673902.0,3.6,128.0097,20801.1
2023-05-28,5.06,3.8,4.54,303.316,307.623,102.9809,673902.0,3.6,128.0097,20801.1
2023-05-29,5.06,3.8,4.54,303.316,307.623,102.9809,673902.0,3.6,128.0097,20801.1
2023-05-30,5.06,3.69,4.46,303.316,307.623,102.9809,673902.0,3.6,128.0097,20801.1
2023-05-31,5.06,3.64,4.4,303.316,307.623,102.9809,673902.0,3.6,128.0097,20801.1
2023-06-01,5.08,3.61,4.33,304.099,308.291,102.3809,677117.0,3.6,128.0097,20782.7
2023-06-02,5.08,3.69,4.5,304.099,308.291,102.3809,677117.0,3.6,128.0097,20782.7
2023-06-03,5.08,3.69,4.5,304.099,308.291,102.3809,677117.0,3.6,128.0097,20782.7
2023-06-04,5.08,3.69,4.5,304.099,308.291,102.3809,677117.0,3.6,128.0097,20782.7
2023-06-05,5.08,3.69,4.46,304.099,308.291,102.3809,677117.0,3.6,128.0097,20782.7
2023-06-06,5.08,3.7,4.51,304.099,308.291,102.3809,677117.0,3.6,128.0097,20782.7
2023-06-07,5.08,3.79,4.56,304.099,308.291,102.3809,677117.0,3.6,128.0097,20782.7
2023-06-08,5.08,3.73,4.52,304.099,308.291,102.3809,677117.0,3.6,128.0097,20782.7
2023-06-09,5.08,3.75,4.59,304.099,308.291,102.3809,677117.0,3.6,128.0097,20782.7
2023-06-10,5.08,3.75,4.59,304.099,308.291,102.3809,677117.0,3.6,128.0097,20782.7
2023-06-11,5.08,3.75,4.59,304.099,308.291,102.3809,677117.0,3.6,128.0097,20782.7
2023-06-12,5.08,3.73,4.55,304.099,308.291,102.3809,677117.0,3.6,128.0097,20782.7
2023-06-13,5.08,3.84,4.67,304.099,308.291,102.3809,677117.0,3.6,128.0097,20782.7
2023-06-14,5.08,3.83,4.74,304.099,308.291,102.3809,677117.0,3.6,128.0097,20782.7
2023-06-15,5.08,3.72,4.62,304.099,308.291,102.3809,677117.0,3.6,128.0097,20782.7
2023-06-16,5.08,3.77,4.7,304.099,308.291,102.3809,677117.0,3.6,128.0097,20782.7
2023-06-17,5.08,3.77,4.7,304.099,308.291,102.3809,677117.0,3.6,128.0097,20782.7
2023-06-18,5.08,3.77,4.7,304.099,308.291,102.3809,677117.0,3.6,128.0097,20782.7
2023-06-19,5.08,3.77,4.7,304.099,308.291,102.3809,677117.0,3.6,128.0097,20782.7
2023-06-20,5.08,3.74,4.68,304.099,308.291,102.3809,677117.0,3.6,128.0097,20782.7
2023-06-21,5.08,3.72,4.68,304.099,308.291,102.3809,677117.0,3.6,128.0097,20782.7
2023-06-22,5.08,3.8,4.77,304.099,308.291,102.3809,677117.0,3.6,128.0097,20782.7
2023-06-23,5.08,3.74,4.71,304.099,308.291,102.3809,677117.0,3.6,128.0097,20782.7
2023-06-24,5.08,3.74,4.71,304.099,308.291,102.3809,677117.0,3.6,128.0097,20782.7
2023-06-25,5.08,3.74,4.71,304.099,308.291,102.3809,677117.0,3.6,128.0097,20782.7
2023-06-26,5.08,3.72,4.65,304.099,308.291,102.3809,677117.0,3.6,128.0097,20782.7
2023-06-27,5.08,3.77,4.74,304.099,308.291,102.3809,677117.0,3.6,128.0097,20782.7
2023-06-28,5.08,3.71,4.71,304.099,308.291,102.3809,677117.0,3.6,128.0097,20782.7
2023-06-29,5.08,3.85,4.87,304.099,308.291,102.3809,677117.0,3.6,128.0097,20782.7
2023-06-30,5.08,3.81,4.87,304.099,308.291,102.3809,677117.0,3.6,128.0097,20782.7
2023-07-01,5.12,3.81,4.87,304.615,308.959,103.0722,678424.0,3.5,128.0097,20772.1
2023-07-02,5.12,3.81,4.87,304.615,308.959,103.0722,678424.0,3.5,128.0097,20772.1
2023-07-03,5.12,3.86,4.94,304.615,308.959,103.0722,678424.0,3.5,128.0097,20772.1
2023-07-04,5.12,3.86,4.94,304.615,308.959,103.0722,678424.0,3.5,128.0097,20772.1
2023-07-05,5.12,3.95,4.94,304.615,308.959,103.0722,678424.0,3.5,128.0097,20772.1
2023-07-06,5.12,4.05,4.99,304.615,308.959,103.0722,678424.0,3.5,128.0097,20772.1
2023-07-07,5.12,4.06,4.94,304.615,308.959,103.0722,678424.0,3.5,128.0097,20772.1
2023-07-08,5.12,4.06,4.94,304.615,308.959,103.0722,678424.0,3.5,128.0097,20772.1
2023-07-09,5.12,4.06,4.94,304.615,308.959,103.0722,678424.0,3.5,128.0097,20772.1
2023-07-10,5.12,4.01,4.85,304.615,308.959,103.0722,678424.0,3.5,128.0097,20772.1
2023-07-11,5.12,3.99,4.88,304.615,308.959,103.0722,678424.0,3.5,128.0097,20772.1
2023-07-12,5.12,3.86,4.72,304.615,308.959,103.0722,678424.0,3.5,128.0097,20772.1
2023-07-13,5.12,3.76,4.59,304.615,308.959,103.0722,678424.0,3.5,128.0097,20772.1
2023-07-14,5.12,3.83,4.74,304.615,308.959,103.0722,678424.0,3.5,128.0097,20772.1
2023-07-15,5.12,3.83,4.74,304.615,308.959,103.0722,678424.0,3.5,128.0097,20772.1
2023-07-16,5.12,3.83,4.74,304.615,308.959,103.0722,678424.0,3.5,128.0097,20772.1
2023-07-17,5.12,3.81,4.74,304.615,308.959,103.0722,678424.0,3.5,128.0097,20772.1
2023-07-18,5.12,3.8,4.74,304.615,308.959,103.0722,678424.0,3.5,128.0097,20772.1
2023-07-19,5.12,3.75,4.74,304.615,308.959,103.0722,678424.0,3.5,128.0097,20772.1
2023-07-20,5.12,3.85,4.8,304.615,308.959,103.0722,678424.0,3.5,128.0097,20772.1
2023-07-21,5.12,3.84,4.82,304.615,308.959,103.0722,678424.0,3.5,128.0097,20772.1
2023-07-22,5.12,3.84,4.82,304.615,308.959,103.0722,678424.0,3.5,128.0097,20772.1
2023-07-23,5.12,3.84,4.82,304.615,308.959,103.0722,678424.0,3.5,128.0097,20772.1
2023-07-24,5.12,3.86,4.81,304.615,308.959,103.0722,678424.0,3.5,128.0097,20772.1
2023-07-25,5.12,3.91,4.85,304.615,308.959,103.0722,678424.0,3.5,128.0097,20772.1
2023-07-26,5.12,3.86,4.82,304.615,308.959,103.0722,678424.0,3.5,128.0097,20772.1
2023-07-27,5.12,4.01,4.91,304.615,308.959,103.0722,678424.0,3.5,128.0097,20772.1
2023-07-28,5.12,3.96,4.87,304.615,308.959,103.0722,678424.0,3.5,128.0097,20772.1
2023-07-29,5.12,3.96,4.87,304.615,308.959,103.0722,678424.0,3.5,128.0097,20772.1
2023-07-30,5.12,3.96,4.87,304.615,308.959,103.0722,678424.0,3.5,128.0097,20772.1
2023-07-31,5.12,3.97,4.88,304.615,308.959,103.0722,678424.0,3.5,128.0097,20772.1
2023-08-01,5.33,4.05,4.92,306.138,309.646,103.0951,684755.0,3.7,128.0097,20746.9
2023-08-02,5.33,4.08,4.88,306.138,309.646,103.0951,684755.0,3.7,128.0097,20746.9
2023-08-03,5.33,4.2,4.9,306.138,309.646,103.0951,684755.0,3.7,128.0097,20746.9
2023-08-04,5.33,4.05,4.78,306.138,309.646,103.0951,684755.0,3.7,128.0097,20746.9
2023-08-05,5.33,4.05,4.78,306.138,309.646,103.0951,684755.0,3.7,128.0097,20746.9
2023-08-06,5.33,4.05,4.78,306.138,309.646,103.0951,684755.0,3.7,128.0097,20746.9
2023-08-07,5.33,4.09,4.76,306.138,309.646,103.0951,684755.0,3.7,128.0097,20746.9
2023-08-08,5.33,4.02,4.74,306.138,309.646,103.0951,684755.0,3.7,128.0097,20746.9
2023-08-09,5.33,4.0,4.79,306.138,309.646,103.0951,684755.0,3.7,128.0097,20746.9
2023-08-10,5.33,4.09,4.82,306.138,309.646,103.0951,684755.0,3.7,128.0097,20746.9
2023-08-11,5.33,4.16,4.89,306.138,309.646,103.0951,684755.0,3.7,128.0097,20746.9
2023-08-12,5.33,4.16,4.89,306.138,309.646,103.0951,684755.0,3.7,128.0097,20746.9
2023-08-13,5.33,4.16,4.89,306.138,309.646,103.0951,684755.0,3.7,128.0097,20746.9
2023-08-14,5.33,4.19,4.96,306.138,309.646,103.0951,684755.0,3.7,128.0097,20746.9
2023-08-15,5.33,4.21,4.92,306.138,309.646,103.0951,684755.0,3.7,128.0097,20746.9
2023-08-16,5.33,4.28,4.97,306.138,309.646,103.0951,684755.0,3.7,128.0097,20746.9
2023-08-17,5.33,4.3,4.94,306.138,309.646,103.0951,684755.0,3.7,128.0097,20746.9
2023-08-18,5.33,4.26,4.92,306.138,309.646,103.0951,684755.0,3.7,128.0097,20746.9
2023-08-19,5.33,4.26,4.92,306.138,309.646,103.0951,684755.0,3.7,128.0097,20746.9
2023-08-20,5.33,4.26,4.92,306.138,309.646,103.0951,684755.0,3.7,128.0097,20746.9
2023-08-21,5.33,4.34,4.97,306.138,309.646,103.0951,684755.0,3.7,128.0097,20746.9
2023-08-22,5.33,4.34,5.02,306.138,309.646,103.0951,684755.0,3.7,128.0097,20746.9
2023-08-23,5.33,4.19,4.95,306.138,309.646,103.0951,684755.0,3.7,128.0097,20746.9
2023-08-24,5.33,4.23,4.98,306.138,309.646,103.0951,684755.0,3.7,128.0097,20746.9
2023-08-25,5.33,4.25,5.03,306.138,309.646,103.0951,684755.0,3.7,128.0097,20746.9
2023-08-26,5.33,4.25,5.03,306.138,309.646,103.0951,684755.0,3.7,128.0097,20746.9
2023-08-27,5.33,4.25,5.03,306.138,309.646,103.0951,684755.0,3.7,128.0097,20746.9
2023-08-28,5.33,4.2,4.98,306.138,309.646,103.0951,684755.0,3.7,128.0097,20746.9
2023-08-29,5.33,4.12,4.87,306.138,309.646,103.0951,684755.0,3.7,128.0097,20746.9
2023-08-30,5.33,4.12,4.9,306.138,309.646,103.0951,684755.0,3.7,128.0097,20746.9
2023-08-31,5.33,4.09,4.85,306.138,309.646,103.0951,684755.0,3.7,128.0097,20746.9
2023-09-01,5.33,4.18,4.87,307.374,310.616,103.3081,689403.0,3.8,128.0097,20720.4
2023-09-02,5.33,4.18,4.87,307.374,310.616,103.3081,689403.0,3.8,128.0097,20720.4
2023-09-03,5.33,4.18,4.87,307.374,310.616,103.3081,689403.0,3.8,128.0097,20720.4
2023-09-04,5.33,4.18,4.87,307.374,310.616,103.3081,689403.0,3.8,128.0097,20720.4
2023-09-05,5.33,4.27,4.94,307.374,310.616,103.3081,689403.0,3.8,128.0097,20720.4
2023-09-06,5.33,4.3,5.01,307.374,310.616,103.3081,689403.0,3.8,128.0097,20720.4
2023-09-07,5.33,4.27,4.94,307.374,310.616,103.3081,689403.0,3.8,128.0097,20720.4
2023-09-08,5.33,4.26,4.98,307.374,310.616,103.3081,689403.0,3.8,128.0097,20720.4
2023-09-09,5.33,4.26,4.98,307.374,310.616,103.3081,689403.0,3.8,128.0097,20720.4
2023-09-10,5.33,4.26,4.98,307.374,310.616,103.3081,689403.0,3.8,128.0097,20720.4
2023-09-11,5.33,4.29,4.97,307.374,310.616,103.3081,689403.0,3.8,128.0097,20720.4
2023-09-12,5.33,4.27,4.98,307.374,310.616,103.3081,689403.0,3.8,128.0097,20720.4
2023-09-13,5.33,4.25,4.96,307.374,310.616,103.3081,689403.0,3.8,128.0097,20720.4
2023-09-14,5.33,4.29,5.0,307.374,310.616,103.3081,689403.0,3.8,128.0097,20720.4
2023-09-15,5.33,4.33,5.02,307.374,310.616,103.3081,689403.0,3.8,128.0097,20720.4
2023-09-16,5.33,4.33,5.02,307.374,310.616,103.3081,689403.0,3.8,128.0097,20720.4
2023-09-17,5.33,4.33,5.02,307.374,310.616,103.3081,689403.0,3.8,128.0097,20720.4
2023-09-18,5.33,4.32,5.05,307.374,310.616,103.3081,689403.0,3.8,128.0097,20720.4
2023-09-19,5.33,4.37,5.08,307.374,310.616,103.3081,689403.0,3.8,128.0097,20720.4
2023-09-20,5.33,4.35,5.12,307.374,310.616,103.3081,689403.0,3.8,128.0097,20720.4
2023-09-21,5.33,4.49,5.12,307.374,310.616,103.3081,689403.0,3.8,128.0097,20720.4
2023-09-22,5.33,4.44,5.1,307.374,310.616,103.3081,689403.0,3.8,128.0097,20720.4
2023-09-23,5.33,4.44,5.1,307.374,310.616,103.3081,689403.0,3.8,128.0097,20720.4
2023-09-24,5.33,4.44,5.1,307.374,310.616,103.3081,689403.0,3.8,128.0097,20720.4
2023-09-25,5.33,4.55,5.09,307.374,310.616,103.3081,689403.0,3.8,128.0097,20720.4
2023-09-26,5.33,4.56,5.04,307.374,310.616,103.3081,689403.0,3.8,128.0097,20720.4
2023-09-27,5.33,4.61,5.1,307.374,310.616,103.3081,689403.0,3.8,128.0097,20720.4
2023-09-28,5.33,4.59,5.04,307.374,310.616,103.3081,689403.0,3.8,128.0097,20720.4
2023-09-29,5.33,4.59,5.03,307.374,310.616,103.3081,689403.0,3.8,128.0097,20720.4
2023-09-30,5.33,4.59,5.03,307.374,310.616,103.3081,689403.0,3.8,128.0097,20720.4
2023-10-01,5.33,4.59,5.03,307.653,311.433,102.5781,686148.0,3.9,128.0097,20687.3
2023-10-02,5.33,4.69,5.12,307.653,311.433,102.5781,686148.0,3.9,128.0097,20687.3
2023-10-03,5.33,4.81,5.15,307.653,311.433,102.5781,686148.0,3.9,128.0097,20687.3
2023-10-04,5.33,4.73,5.05,307.653,311.433,102.5781,686148.0,3.9,128.0097,20687.3
2023-10-05,5.33,4.72,5.03,307.653,311.433,102.5781,686148.0,3.9,128.0097,20687.3
2023-10-06,5.33,4.78,5.08,307.653,311.433,102.5781,686148.0,3.9,128.0097,20687.3
2023-10-07,5.33,4.78,5.08,307.653,311.433,102.5781,686148.0,3.9,128.0097,20687.3
2023-10-08,5.33,4.78,5.08,307.653,311.433,102.5781,686148.0,3.9,128.0097,20687.3
2023-10-09,5.33,4.78,5.08,307.653,311.433,102.5781,686148.0,3.9,128.0097,20687.3
2023-10-10,5.33,4.66,4.96,307.653,311.433,102.5781,686148.0,3.9,128.0097,20687.3
2023-10-11,5.33,4.58,4.99,307.653,311.433,102.5781,686148.0,3.9,128.0097,20687.3
2023-10-12,5.33,4.7,5.06,307.653,311.433,102.5781,686148.0,3.9,128.0097,20687.3
2023-10-13,5.33,4.63,5.04,307.653,311.433,102.5781,686148.0,3.9,128.0097,20687.3
2023-10-14,5.33,4.63,5.04,307.653,311.433,102.5781,686148.0,3.9,128.0097,20687.3
2023-10-15,5.33,4.63,5.04,307.653,311.433,102.5781,686148.0,3.9,128.0097,20687.3
2023-10-16,5.33,4.71,5.09,307.653,311.433,102.5781,686148.0,3.9,128.0097,20687.3
2023-10-17,5.33,4.83,5.19,307.653,311.433,102.5781,686148.0,3.9,128.0097,20687.3
2023-10-18,5.33,4.91,5.19,307.653,311.433,102.5781,686148.0,3.9,128.0097,20687.3
2023-10-19,5.33,4.98,5.14,307.653,311.433,102.5781,686148.0,3.9,128.0097,20687.3
2023-10-20,5.33,4.93,5.07,307.653,311.433,102.5781,686148.0,3.9,128.0097,20687.3
2023-10-21,5.33,4.93,5.07,307.653,311.433,102.5781,686148.0,3.9,128.0097,20687.3
2023-10-22,5.33,4.93,5.07,307.653,311.433,102.5781,686148.0,3.9,128.0097,20687.3
2023-10-23,5.33,4.86,5.05,307.653,311.433,102.5781,686148.0,3.9,128.0097,20687.3
2023-10-24,5.33,4.83,5.02,307.653,311.433,102.5781,686148.0,3.9,128.0097,20687.3
2023-10-25,5.33,4.95,5.08,307.653,311.433,102.5781,686148.0,3.9,128.0097,20687.3
2023-10-26,5.33,4.86,5.02,307.653,311.433,102.5781,686148.0,3.9,128.0097,20687.3
2023-10-27,5.33,4.84,4.99,307.653,311.433,102.5781,686148.0,3.9,128.0097,20687.3
2023-10-28,5.33,4.84,4.99,307.653,311.433,102.5781,686148.0,3.9,128.0097,20687.3
2023-10-29,5.33,4.84,4.99,307.653,311.433,102.5781,686148.0,3.9,128.0097,20687.3
2023-10-30,5.33,4.88,5.03,307.653,311.433,102.5781,686148.0,3.9,128.0097,20687.3
2023-10-31,5.33,4.88,5.07,307.653,311.433,102.5781,686148.0,3.9,128.0097,20687.3
2023-11-01,5.33,4.77,4.95,308.087,312.373,102.8868,685328.0,3.7,128.0097,20696.7
2023-11-02,5.33,4.67,4.98,308.087,312.373,102.8868,685328.0,3.7,128.0097,20696.7
2023-11-03,5.33,4.57,4.83,308.087,312.373,102.8868,685328.0,3.7,128.0097,20696.7
2023-11-04,5.33,4.57,4.83,308.087,312.373,102.8868,685328.0,3.7,128.0097,20696.7
2023-11-05,5.33,4.57,4.83,308.087,312.373,102.8868,685328.0,3.7,128.0097,20696.7
2023-11-06,5.33,4.67,4.93,308.087,312.373,102.8868,685328.0,3.7,128.0097,20696.7
2023-11-07,5.33,4.58,4.91,308.087,312.373,102.8868,685328.0,3.7,128.0097,20696.7
2023-11-08,5.33,4.49,4.93,308.087,312.373,102.8868,685328.0,3.7,128.0097,20696.7
2023-11-09,5.33,4.62,5.03,308.087,312.373,102.8868,685328.0,3.7,128.0097,20696.7
2023-11-10,5.33,4.61,5.04,308.087,312.373,102.8868,685328.0,3.7,128.0097,20696.7
2023-11-11,5.33,4.61,5.04,308.087,312.373,102.8868,685328.0,3.7,128.0097,20696.7
2023-11-12,5.33,4.61,5.04,308.087,312.373,102.8868,685328.0,3.7,128.0097,20696.7
2023-11-13,5.33,4.63,5.02,308.087,312.373,102.8868,685328.0,3.7,128.0097,20696.7
2023-11-14,5.33,4.44,4.8,308.087,312.373,102.8868,685328.0,3.7,128.0097,20696.7
2023-11-15,5.33,4.53,4.9,308.087,312.373,102.8868,685328.0,3.7,128.0097,20696.7
2023-11-16,5.33,4.45,4.83,308.087,312.373,102.8868,685328.0,3.7,128.0097,20696.7
2023-11-17,5.33,4.44,4.88,308.087,312.373,102.8868,685328.0,3.7,128.0097,20696.7
2023-11-18,5.33,4.44,4.88,308.087,312.373,102.8868,685328.0,3.7,128.0097,20696.7
2023-11-19,5.33,4.44,4.88,308.087,312.373,102.8868,685328.0,3.7,128.0097,20696.7
2023-11-20,5.33,4.42,4.89,308.087,312.373,102.8868,685328.0,3.7,128.0097,20696.7
2023-11-21,5.33,4.41,4.86,308.087,312.373,102.8868,685328.0,3.7,128.0097,20696.7
2023-11-22,5.33,4.42,4.89,308.087,312.373,102.8868,685328.0,3.7,128.0097,20696.7
2023-11-23,5.33,4.42,4.89,308.087,312.373,102.8868,685328.0,3.7,128.0097,20696.7
2023-11-24,5.33,4.47,4.92,308.087,312.373,102.8868,685328.0,3.7,128.0097,20696.7
2023-11-25,5.33,4.47,4.92,308.087,312.373,102.8868,685328.0,3.7,128.0097,20696.7
2023-11-26,5.33,4.47,4.92,308.087,312.373,102.8868,685328.0,3.7,128.0097,20696.7
2023-11-27,5.33,4.39,4.84,308.087,312.373,102.8868,685328.0,3.7,128.0097,20696.7
2023-11-28,5.33,4.34,4.73,308.087,312.373,102.8868,685328.0,3.7,128.0097,20696.7
2023-11-29,5.33,4.27,4.64,308.087,312.373,102.8868,685328.0,3.7,128.0097,20696.7
2023-11-30,5.33,4.37,4.73,308.087,312.373,102.8868,685328.0,3.7,128.0097,20696.7
2023-12-01,5.33,4.22,4.56,308.735,313.23,102.6309,686277.0,3.8,128.0097,20701.3
2023-12-02,5.33,4.22,4.56,308.735,313.23,102.6309,686277.0,3.8,128.0097,20701.3
2023-12-03,5.33,4.22,4.56,308.735,313.23,102.6309,686277.0,3.8,128.0097,20701.3
2023-12-04,5.33,4.28,4.64,308.735,313.23,102.6309,686277.0,3.8,128.0097,20701.3
2023-12-05,5.33,4.18,4.57,308.735,313.23,102.6309,686277.0,3.8,128.0097,20701.3
2023-12-06,5.33,4.12,4.6,308.735,313.23,102.6309,686277.0,3.8,128.0097,20701.3
2023-12-07,5.33,4.14,4.58,308.735,313.23,102.6309,686277.0,3.8,128.0097,20701.3
2023-12-08,5.33,4.23,4.71,308.735,313.23,102.6309,686277.0,3.8,128.0097,20701.3
2023-12-09,5.33,4.23,4.71,308.735,313.23,102.6309,686277.0,3.8,128.0097,20701.3
2023-12-10,5.33,4.23,4.71,308.735,313.23,102.6309,686277.0,3.8,128.0097,20701.3
2023-12-11,5.33,4.23,4.71,308.735,313.23,102.6309,686277.0,3.8,128.0097,20701.3
2023-12-12,5.33,4.2,4.73,308.735,313.23,102.6309,686277.0,3.8,128.0097,20701.3
2023-12-13,5.33,4.04,4.46,308.735,313.23,102.6309,686277.0,3.8,128.0097,20701.3
2023-12-14,5.33,3.92,4.37,308.735,313.23,102.6309,686277.0,3.8,128.0097,20701.3
2023-12-15,5.33,3.91,4.44,308.735,313.23,102.6309,686277.0,3.8,128.0097,20701.3
2023-12-16,5.33,3.91,4.44,308.735,313.23,102.6309,686277.0,3.8,128.0097,20701.3
2023-12-17,5.33,3.91,4.44,308.735,313.23,102.6309,686277.0,3.8,128.0097,20701.3
2023-12-18,5.33,3.95,4.43,308.735,313.23,102.6309,686277.0,3.8,128.0097,20701.3
2023-12-19,5.33,3.93,4.41,308.735,313.23,102.6309,686277.0,3.8,128.0097,20701.3
2023-12-20,5.33,3.86,4.34,308.735,313.23,102.6309,686277.0,3.8,128.0097,20701.3
2023-12-21,5.33,3.89,4.33,308.735,313.23,102.6309,686277.0,3.8,128.0097,20701.3
2023-12-22,5.33,3.9,4.31,308.735,313.23,102.6309,686277.0,3.8,128.0097,20701.3
2023-12-23,5.33,3.9,4.31,308.735,313.23,102.6309,686277.0,3.8,128.0097,20701.3
2023-12-24,5.33,3.9,4.31,308.735,313.23,102.6309,686277.0,3.8,128.0097,20701.3
2023-12-25,5.33,3.9,4.31,308.735,313.23,102.6309,686277.0,3.8,128.0097,20701.3
2023-12-26,5.33,3.89,4.26,308.735,313.23,102.6309,686277.0,3.8,128.0097,20701.3
2023-12-27,5.33,3.79,4.2,308.735,313.23,102.6309,686277.0,3.8,128.0097,20701.3
2023-12-28,5.33,3.84,4.26,308.735,313.23,102.6309,686277.0,3.8,128.0097,20701.3
2023-12-29,5.33,3.88,4.23,308.735,313.23,102.6309,686277.0,3.8,128.0097,20701.3
2023-12-30,5.33,3.88,4.23,308.735,313.23,102.6309,686277.0,3.8,128.0097,20701.3
2023-12-31,5.33,3.88,4.23,308.735,313.23,102.6309,686277.0,3.8,128.0097,20701.3
2024-01-01,5.33,3.88,4.23,309.794,314.389,101.483,680456.0,3.7,128.0097,20773.1
2024-01-02,5.33,3.95,4.33,309.794,314.389,101.483,680456.0,3.7,128.0097,20773.1
2024-01-03,5.33,3.91,4.33,309.794,314.389,101.483,680456.0,3.7,128.0097,20773.1
2024-01-04,5.33,3.99,4.38,309.794,314.389,101.483,680456.0,3.7,128.0097,20773.1
2024-01-05,5.33,4.05,4.4,309.794,314.389,101.483,680456.0,3.7,128.0097,20773.1
2024-01-06,5.33,4.05,4.4,309.794,314.389,101.483,680456.0,3.7,128.0097,20773.1
2024-01-07,5.33,4.05,4.4,309.794,314.389,101.483,680456.0,3.7,128.0097,20773.1
2024-01-08,5.33,4.01,4.36,309.794,314.389,101.483,680456.0,3.7,128.0097,20773.1
2024-01-09,5.33,4.02,4.36,309.794,314.389,101.483,680456.0,3.7,128.0097,20773.1
2024-01-10,5.33,4.04,4.37,309.794,314.389,101.483,680456.0,3.7,128.0097,20773.1
2024-01-11,5.33,3.98,4.26,309.794,314.389,101.483,680456.0,3.7,128.0097,20773.1
2024-01-12,5.33,3.96,4.14,309.794,314.389,101.483,680456.0,3.7,128.0097,20773.1
2024-01-13,5.33,3.96,4.14,309.794,314.389,101.483,680456.0,3.7,128.0097,20773.1
2024-01-14,5.33,3.96,4.14,309.794,314.389,101.483,680456.0,3.7,128.0097,20773.1
2024-01-15,5.33,3.96,4.14,309.794,314.389,101.483,680456.0,3.7,128.0097,20773.1
2024-01-16,5.33,4.07,4.22,309.794,314.389,101.483,680456.0,3.7,128.0097,20773.1
2024-01-17,5.33,4.1,4.34,309.794,314.389,101.483,680456.0,3.7,128.0097,20773.1
2024-01-18,5.33,4.14,4.34,309.794,314.389,101.483,680456.0,3.7,128.0097,20773.1
2024-01-19,5.33,4.15,4.39,309.794,314.389,101.483,680456.0,3.7,128.0097,20773.1
2024-01-20,5.33,4.15,4.39,309.794,314.389,101.483,680456.0,3.7,128.0097,20773.1
2024-01-21,5.33,4.15,4.39,309.794,314.389,101.483,680456.0,3.7,128.0097,20773.1
2024-01-22,5.33,4.11,4.37,309.794,314.389,101.483,680456.0,3.7,128.0097,20773.1
2024-01-23,5.33,4.14,4.31,309.794,314.389,101.483,680456.0,3.7,128.0097,20773.1
2024-01-24,5.33,4.18,4.34,309.794,314.389,101.483,680456.0,3.7,128.0097,20773.1
2024-01-25,5.33,4.14,4.28,309.794,314.389,101.483,680456.0,3.7,128.0097,20773.1
2024-01-26,5.33,4.15,4.34,309.794,314.389,101.483,680456.0,3.7,128.0097,20773.1
2024-01-27,5.33,4.15,4.34,309.794,314.389,101.483,680456.0,3.7,128.0097,20773.1
2024-01-28,5.33,4.15,4.34,309.794,314.389,101.483,680456.0,3.7,128.0097,20773.1
2024-01-29,5.33,4.08,4.29,309.794,314.389,101.483,680456.0,3.7,128.0097,20773.1
2024-01-30,5.33,4.06,4.36,309.794,314.389,101.483,680456.0,3.7,128.0097,20773.1
2024-01-31,5.33,3.99,4.27,309.794,314.389,101.483,680456.0,3.7,128.0097,20773.1
2024-02-01,5.33,3.87,4.2,311.022,315.555,102.7267,685280.0,3.9,128.0097,20861.0
2024-02-02,5.33,4.03,4.36,311.022,315.555,102.7267,685280.0,3.9,128.0097,20861.0
2024-02-03,5.33,4.03,4.36,311.022,315.555,102.7267,685280.0,3.9,128.0097,20861.0
2024-02-04,5.33,4.03,4.36,311.022,315.555,102.7267,685280.0,3.9,128.0097,20861.0
2024-02-05,5.33,4.17,4.46,311.022,315.555,102.7267,685280.0,3.9,128.0097,20861.0
2024-02-06,5.33,4.09,4.39,311.022,315.555,102.7267,685280.0,3.9,128.0097,20861.0
2024-02-07,5.33,4.09,4.41,311.022,315.555,102.7267,685280.0,3.9,128.0097,20861.0
2024-02-08,5.33,4.15,4.46,311.022,315.555,102.7267,685280.0,3.9,128.0097,20861.0
2024-02-09,5.33,4.17,4.48,311.022,315.555,102.7267,685280.0,3.9,128.0097,20861.0
2024-02-10,5.33,4.17,4.48,311.022,315.555,102.7267,685280.0,3.9,128.0097,20861.0
2024-02-11,5.33,4.17,4.48,311.022,315.555,102.7267,685280.0,3.9,128.0097,20861.0
2024-02-12,5.33,4.17,4.46,311.022,315.555,102.7267,685280.0,3.9,128.0097,20861.0
2024-02-13,5.33,4.31,4.64,311.022,315.555,102.7267,685280.0,3.9,128.0097,20861.0
2024-02-14,5.33,4.27,4.56,311.022,315.555,102.7267,685280.0,3.9,128.0097,20861.0
2024-02-15,5.33,4.24,4.56,311.022,315.555,102.7267,685280.0,3.9,128.0097,20861.0
2024-02-16,5.33,4.3,4.64,311.022,315.555,102.7267,685280.0,3.9,128.0097,20861.0
2024-02-17,5.33,4.3,4.64,311.022,315.555,102.7267,685280.0,3.9,128.0097,20861.0
2024-02-18,5.33,4.3,4.64,311.022,315.555,102.7267,685280.0,3.9,128.0097,20861.0
2024-02-19,5.33,4.3,4.64,311.022,315.555,102.7267,685280.0,3.9,128.0097,20861.0
2024-02-20,5.33,4.27,4.59,311.022,315.555,102.7267,685280.0,3.9,128.0097,20861.0
2024-02-21,5.33,4.32,4.64,311.022,315.555,102.7267,685280.0,3.9,128.0097,20861.0
2024-02-22,5.33,4.33,4.69,311.022,315.555,102.7267,685280.0,3.9,128.0097,20861.0
2024-02-23,5.33,4.26,4.67,311.022,315.555,102.7267,685280.0,3.9,128.0097,20861.0
2024-02-24,5.33,4.26,4.67,311.022,315.555,102.7267,685280.0,3.9,128.0097,20861.0
2024-02-25,5.33,4.26,4.67,311.022,315.555,102.7267,685280.0,3.9,128.0097,20861.0
2024-02-26,5.33,4.28,4.69,311.022,315.555,102.7267,685280.0,3.9,128.0097,20861.0
2024-02-27,5.33,4.31,4.7,311.022,315.555,102.7267,685280.0,3.9,128.0097,20861.0
2024-02-28,5.33,4.27,4.64,311.022,315.555,102.7267,685280.0,3.9,128.0097,20861.0
2024-02-29,5.33,4.25,4.64,311.022,315.555,102.7267,685280.0,3.9,128.0097,20861.0
2024-03-01,5.33,4.19,4.54,312.107,316.762,102.5186,687641.0,3.9,128.0097,20900.8
2024-03-02,5.33,4.19,4.54,312.107,316.762,102.5186,687641.0,3.9,128.0097,20900.8
2024-03-03,5.33,4.19,4.54,312.107,316.762,102.5186,687641.0,3.9,128.0097,20900.8
2024-03-04,5.33,4.22,4.61,312.107,316.762,102.5186,687641.0,3.9,128.0097,20900.8
2024-03-05,5.33,4.13,4.54,312.107,316.762,102.5186,687641.0,3.9,128.0097,20900.8
2024-03-06,5.33,4.11,4.55,312.107,316.762,102.5186,687641.0,3.9,128.0097,20900.8
2024-03-07,5.33,4.09,4.5,312.107,316.762,102.5186,687641.0,3.9,128.0097,20900.8
2024-03-08,5.33,4.09,4.48,312.107,316.762,102.5186,687641.0,3.9,128.0097,20900.8
2024-03-09,5.33,4.09,4.48,312.107,316.762,102.5186,687641.0,3.9,128.0097,20900.8
2024-03-10,5.33,4.09,4.48,312.107,316.762,102.5186,687641.0,3.9,128.0097,20900.8
2024-03-11,5.33,4.1,4.51,312.107,316.762,102.5186,687641.0,3.9,128.0097,20900.8
2024-03-12,5.33,4.16,4.58,312.107,316.762,102.5186,687641.0,3.9,128.0097,20900.8
2024-03-13,5.33,4.19,4.61,312.107,316.762,102.5186,687641.0,3.9,128.0097,20900.8
2024-03-14,5.33,4.29,4.68,312.107,316.762,102.5186,687641.0,3.9,128.0097,20900.8
2024-03-15,5.33,4.31,4.72,312.107,316.762,102.5186,687641.0,3.9,128.0097,20900.8
2024-03-16,5.33,4.31,4.72,312.107,316.762,102.5186,687641.0,3.9,128.0097,20900.8
2024-03-17,5.33,4.31,4.72,312.107,316.762,102.5186,687641.0,3.9,128.0097,20900.8
2024-03-18,5.33,4.34,4.73,312.107,316.762,102.5186,687641.0,3.9,128.0097,20900.8
2024-03-19,5.33,4.3,4.68,312.107,316.762,102.5186,687641.0,3.9,128.0097,20900.8
2024-03-20,5.33,4.27,4.59,312.107,316.762,102.5186,687641.0,3.9,128.0097,20900.8
2024-03-21,5.33,4.27,4.62,312.107,316.762,102.5186,687641.0,3.9,128.0097,20900.8
2024-03-22,5.33,4.22,4.59,312.107,316.762,102.5186,687641.0,3.9,128.0097,20900.8
2024-03-23,5.33,4.22,4.59,312.107,316.762,102.5186,687641.0,3.9,128.0097,20900.8
2024-03-24,5.33,4.22,4.59,312.107,316.762,102.5186,687641.0,3.9,128.0097,20900.8
2024-03-25,5.33,4.25,4.54,312.107,316.762,102.5186,687641.0,3.9,128.0097,20900.8
2024-03-26,5.33,4.24,4.56,312.107,316.762,102.5186,687641.0,3.9,128.0097,20900.8
2024-03-27,5.33,4.2,4.54,312.107,316.762,102.5186,687641.0,3.9,128.0097,20900.8
2024-03-28,5.33,4.2,4.59,312.107,316.762,102.5186,687641.0,3.9,128.0097,20900.8
2024-03-29,5.33,4.2,4.59,312.107,316.762,102.5186,687641.0,3.9,128.0097,20900.8
2024-03-30,5.33,4.2,4.59,312.107,316.762,102.5186,687641.0,3.9,128.0097,20900.8
2024-03-31,5.33,4.2,4.59,312.107,316.762,102.5186,687641.0,3.9,128.0097,20900.8
2024-04-01,5.33,4.33,4.72,313.016,317.596,102.3568,687602.0,3.9,128.0097,20928.9
2024-04-02,5.33,4.36,4.7,313.016,317.596,102.3568,687602.0,3.9,128.0097,20928.9
2024-04-03,5.33,4.36,4.68,313.016,317.596,102.3568,687602.0,3.9,128.0097,20928.9
2024-04-04,5.33,4.31,4.65,313.016,317.596,102.3568,687602.0,3.9,128.0097,20928.9
2024-04-05,5.33,4.39,4.73,313.016,317.596,102.3568,687602.0,3.9,128.0097,20928.9
2024-04-06,5.33,4.39,4.73,313.016,317.596,102.3568,687602.0,3.9,128.0097,20928.9
2024-04-07,5.33,4.39,4.73,313.016,317.596,102.3568,687602.0,3.9,128.0097,20928.9
2024-04-08,5.33,4.42,4.78,313.016,317.596,102.3568,687602.0,3.9,128.0097,20928.9
2024-04-09,5.33,4.36,4.74,313.016,317.596,102.3568,687602.0,3.9,128.0097,20928.9
2024-04-10,5.33,4.55,4.97,313.016,317.596,102.3568,687602.0,3.9,128.0097,20928.9
2024-04-11,5.33,4.56,4.93,313.016,317.596,102.3568,687602.0,3.9,128.0097,20928.9
2024-04-12,5.33,4.5,4.88,313.016,317.596,102.3568,687602.0,3.9,128.0097,20928.9
2024-04-13,5.33,4.5,4.88,313.016,317.596,102.3568,687602.0,3.9,128.0097,20928.9
2024-04-14,5.33,4.5,4.88,313.016,317.596,102.3568,687602.0,3.9,128.0097,20928.9
2024-04-15,5.33,4.63,4.93,313.016,317.596,102.3568,687602.0,3.9,128.0097,20928.9
2024-04-16,5.33,4.67,4.97,313.016,317.596,102.3568,687602.0,3.9,128.0097,20928.9
2024-04-17,5.33,4.59,4.93,313.016,317.596,102.3568,687602.0,3.9,128.0097,20928.9
2024-04-18,5.33,4.64,4.98,313.016,317.596,102.3568,687602.0,3.9,128.0097,20928.9
2024-04-19,5.33,4.62,4.97,313.016,317.596,102.3568,687602.0,3.9,128.0097,20928.9
2024-04-20,5.33,4.62,4.97,313.016,317.596,102.3568,687602.0,3.9,128.0097,20928.9
2024-04-21,5.33,4.62,4.97,313.016,317.596,102.3568,687602.0,3.9,128.0097,20928.9
2024-04-22,5.33,4.62,4.97,313.016,317.596,102.3568,687602.0,3.9,128.0097,20928.9
2024-04-23,5.33,4.61,4.86,313.016,317.596,102.3568,687602.0,3.9,128.0097,20928.9
2024-04-24,5.33,4.65,4.89,313.016,317.596,102.3568,687602.0,3.9,128.0097,20928.9
2024-04-25,5.33,4.7,4.96,313.016,317.596,102.3568,687602.0,3.9,128.0097,20928.9
2024-04-26,5.33,4.67,4.96,313.016,317.596,102.3568,687602.0,3.9,128.0097,20928.9
2024-04-27,5.33,4.67,4.96,313.016,317.596,102.3568,687602.0,3.9,128.0097,20928.9
2024-04-28,5.33,4.67,4.96,313.016,317.596,102.3568,687602.0,3.9,128.0097,20928.9
2024-04-29,5.33,4.63,4.97,313.016,317.596,102.3568,687602.0,3.9,128.0097,20928.9
2024-04-30,5.33,4.69,5.04,313.016,317.596,102.3568,687602.0,3.9,128.0097,20928.9
2024-05-01,5.33,4.63,4.96,313.14,318.053,102.9797,692774.0,4.0,128.0097,20989.4
2024-05-02,5.33,4.58,4.87,313.14,318.053,102.9797,692774.0,4.0,128.0097,20989.4
2024-05-03,5.33,4.5,4.81,313.14,318.053,102.9797,692774.0,4.0,128.0097,20989.4
2024-05-04,5.33,4.5,4.81,313.14,318.053,102.9797,692774.0,4.0,128.0097,20989.4
2024-05-05,5.33,4.5,4.81,313.14,318.053,102.9797,692774.0,4.0,128.0097,20989.4
2024-05-06,5.33,4.49,4.82,313.14,318.053,102.9797,692774.0,4.0,128.0097,20989.4
2024-05-07,5.33,4.47,4.82,313.14,318.053,102.9797,692774.0,4.0,128.0097,20989.4
2024-05-08,5.33,4.48,4.84,313.14,318.053,102.9797,692774.0,4.0,128.0097,20989.4
2024-05-09,5.33,4.45,4.8,313.14,318.053,102.9797,692774.0,4.0,128.0097,20989.4
2024-05-10,5.33,4.5,4.87,313.14,318.053,102.9797,692774.0,4.0,128.0097,20989.4
2024-05-11,5.33,4.5,4.87,313.14,318.053,102.9797,692774.0,4.0,128.0097,20989.4
2024-05-12,5.33,4.5,4.87,313.14,318.053,102.9797,692774.0,4.0,128.0097,20989.4
2024-05-13,5.33,4.48,4.85,313.14,318.053,102.9797,692774.0,4.0,128.0097,20989.4
2024-05-14,5.33,4.45,4.81,313.14,318.053,102.9797,692774.0,4.0,128.0097,20989.4
2024-05-15,5.33,4.36,4.73,313.14,318.053,102.9797,692774.0,4.0,128.0097,20989.4
2024-05-16,5.33,4.38,4.78,313.14,318.053,102.9797,692774.0,4.0,128.0097,20989.4
2024-05-17,5.33,4.42,4.83,313.14,318.053,102.9797,692774.0,4.0,128.0097,20989.4
2024-05-18,5.33,4.42,4.83,313.14,318.053,102.9797,692774.0,4.0,128.0097,20989.4
2024-05-19,5.33,4.42,4.83,313.14,318.053,102.9797,692774.0,4.0,128.0097,20989.4
2024-05-20,5.33,4.44,4.82,313.14,318.053,102.9797,692774.0,4.0,128.0097,20989.4
2024-05-21,5.33,4.41,4.82,313.14,318.053,102.9797,692774.0,4.0,128.0097,20989.4
2024-05-22,5.33,4.43,4.86,313.14,318.053,102.9797,692774.0,4.0,128.0097,20989.4
2024-05-23,5.33,4.47,4.91,313.14,318.053,102.9797,692774.0,4.0,128.0097,20989.4
2024-05-24,5.33,4.46,4.93,313.14,318.053,102.9797,692774.0,4.0,128.0097,20989.4
2024-05-25,5.33,4.46,4.93,313.14,318.053,102.9797,692774.0,4.0,128.0097,20989.4
2024-05-26,5.33,4.46,4.93,313.14,318.053,102.9797,692774.0,4.0,128.0097,20989.4
2024-05-27,5.33,4.46,4.93,313.14,318.053,102.9797,692774.0,4.0,128.0097,20989.4
2024-05-28,5.33,4.54,4.94,313.14,318.053,102.9797,692774.0,4.0,128.0097,20989.4
2024-05-29,5.33,4.61,4.96,313.14,318.053,102.9797,692774.0,4.0,128.0097,20989.4
2024-05-30,5.33,4.55,4.92,313.14,318.053,102.9797,692774.0,4.0,128.0097,20989.4
2024-05-31,5.33,4.51,4.89,313.14,318.053,102.9797,692774.0,4.0,128.0097,20989.4
2024-06-01,5.33,4.51,4.89,313.131,318.343,103.2534,692449.0,4.1,128.0097,21052.9
2024-06-02,5.33,4.51,4.89,313.131,318.343,103.2534,692449.0,4.1,128.0097,21052.9
2024-06-03,5.33,4.41,4.82,313.131,318.343,103.2534,692449.0,4.1,128.0097,21052.9
2024-06-04,5.33,4.33,4.77,313.131,318.343,103.2534,692449.0,4.1,128.0097,21052.9
2024-06-05,5.33,4.29,4.72,313.131,318.343,103.2534,692449.0,4.1,128.0097,21052.9
2024-06-06,5.33,4.28,4.72,313.131,318.343,103.2534,692449.0,4.1,128.0097,21052.9
2024-06-07,5.33,4.43,4.87,313.131,318.343,103.2534,692449.0,4.1,128.0097,21052.9
2024-06-08,5.33,4.43,4.87,313.131,318.343,103.2534,692449.0,4.1,128.0097,21052.9
2024-06-09,5.33,4.43,4.87,313.131,318.343,103.2534,692449.0,4.1,128.0097,21052.9
2024-06-10,5.33,4.47,4.87,313.131,318.343,103.2534,692449.0,4.1,128.0097,21052.9
2024-06-11,5.33,4.39,4.81,313.131,318.343,103.2534,692449.0,4.1,128.0097,21052.9
2024-06-12,5.33,4.31,4.75,313.131,318.343,103.2534,692449.0,4.1,128.0097,21052.9
2024-06-13,5.33,4.24,4.68,313.131,318.343,103.2534,692449.0,4.1,128.0097,21052.9
2024-06-14,5.33,4.2,4.67,313.131,318.343,103.2534,692449.0,4.1,128.0097,21052.9
2024-06-15,5.33,4.2,4.67,313.131,318.343,103.2534,692449.0,4.1,128.0097,21052.9
2024-06-16,5.33,4.2,4.67,313.131,318.343,103.2534,692449.0,4.1,128.0097,21052.9
2024-06-17,5.33,4.28,4.75,313.131,318.343,103.2534,692449.0,4.1,128.0097,21052.9
2024-06-18,5.33,4.22,4.69,313.131,318.343,103.2534,692449.0,4.1,128.0097,21052.9
2024-06-19,5.33,4.22,4.69,313.131,318.343,103.2534,692449.0,4.1,128.0097,21052.9
2024-06-20,5.33,4.25,4.7,313.131,318.343,103.2534,692449.0,4.1,128.0097,21052.9
2024-06-21,5.33,4.25,4.7,313.131,318.343,103.2534,692449.0,4.1,128.0097,21052.9
2024-06-22,5.33,4.25,4.7,313.131,318.343,103.2534,692449.0,4.1,128.0097,21052.9
2024-06-23,5.33,4.25,4.7,313.131,318.343,103.2534,692449.0,4.1,128.0097,21052.9
2024-06-24,5.33,4.25,4.71,313.131,318.343,103.2534,692449.0,4.1,128.0097,21052.9
2024-06-25,5.33,4.23,4.65,313.131,318.343,103.2534,692449.0,4.1,128.0097,21052.9
2024-06-26,5.33,4.32,4.71,313.131,318.343,103.2534,692449.0,4.1,128.0097,21052.9
2024-06-27,5.33,4.29,4.7,313.131,318.343,103.2534,692449.0,4.1,128.0097,21052.9
2024-06-28,5.33,4.36,4.71,313.131,318.343,103.2534,692449.0,4.1,128.0097,21052.9
2024-06-29,5.33,4.36,4.71,313.131,318.343,103.2534,692449.0,4.1,128.0097,21052.9
2024-06-30,5.33,4.36,4.71,313.131,318.343,103.2534,692449.0,4.1,128.0097,21052.9
2024-07-01,5.33,4.48,4.77,313.566,318.933,102.5192,698835.0,4.2,128.0097,21084.2
2024-07-02,5.33,4.43,4.74,313.566,318.933,102.5192,698835.0,4.2,128.0097,21084.2
2024-07-03,5.33,4.36,4.71,313.566,318.933,102.5192,698835.0,4.2,128.0097,21084.2
2024-07-04,5.33,4.36,4.71,313.566,318.933,102.5192,698835.0,4.2,128.0097,21084.2
2024-07-05,5.33,4.28,4.6,313.566,318.933,102.5192,698835.0,4.2,128.0097,21084.2
2024-07-06,5.33,4.28,4.6,313.566,318.933,102.5192,698835.0,4.2,128.0097,21084.2
2024-07-07,5.33,4.28,4.6,313.566,318.933,102.5192,698835.0,4.2,128.0097,21084.2
2024-07-08,5.33,4.28,4.62,313.566,318.933,102.5192,698835.0,4.2,128.0097,21084.2
2024-07-09,5.33,4.3,4.62,313.566,318.933,102.5192,698835.0,4.2,128.0097,21084.2
2024-07-10,5.33,4.28,4.62,313.566,318.933,102.5192,698835.0,4.2,128.0097,21084.2
2024-07-11,5.33,4.2,4.5,313.566,318.933,102.5192,698835.0,4.2,128.0097,21084.2
2024-07-12,5.33,4.18,4.45,313.566,318.933,102.5192,698835.0,4.2,128.0097,21084.2
2024-07-13,5.33,4.18,4.45,313.566,318.933,102.5192,698835.0,4.2,128.0097,21084.2
2024-07-14,5.33,4.18,4.45,313.566,318.933,102.5192,698835.0,4.2,128.0097,21084.2
2024-07-15,5.33,4.23,4.44,313.566,318.933,102.5192,698835.0,4.2,128.0097,21084.2
2024-07-16,5.33,4.17,4.43,313.566,318.933,102.5192,698835.0,4.2,128.0097,21084.2
2024-07-17,5.33,4.16,4.42,313.566,318.933,102.5192,698835.0,4.2,128.0097,21084.2
2024-07-18,5.33,4.2,4.46,313.566,318.933,102.5192,698835.0,4.2,128.0097,21084.2
2024-07-19,5.33,4.25,4.49,313.566,318.933,102.5192,698835.0,4.2,128.0097,21084.2
2024-07-20,5.33,4.25,4.49,313.566,318.933,102.5192,698835.0,4.2,128.0097,21084.2
2024-07-21,5.33,4.25,4.49,313.566,318.933,102.5192,698835.0,4.2,128.0097,21084.2
2024-07-22,5.33,4.26,4.5,313.566,318.933,102.5192,698835.0,4.2,128.0097,21084.2
2024-07-23,5.33,4.25,4.4,313.566,318.933,102.5192,698835.0,4.2,128.0097,21084.2
2024-07-24,5.33,4.28,4.37,313.566,318.933,102.5192,698835.0,4.2,128.0097,21084.2
2024-07-25,5.33,4.27,4.41,313.566,318.933,102.5192,698835.0,4.2,128.0097,21084.2
2024-07-26,5.33,4.2,4.36,313.566,318.933,102.5192,698835.0,4.2,128.0097,21084.2
2024-07-27,5.33,4.2,4.36,313.566,318.933,102.5192,698835.0,4.2,128.0097,21084.2
2024-07-28,5.33,4.2,4.36,313.566,318.933,102.5192,698835.0,4.2,128.0097,21084.2
2024-07-29,5.33,4.17,4.36,313.566,318.933,102.5192,698835.0,4.2,128.0097,21084.2
2024-07-30,5.33,4.15,4.35,313.566,318.933,102.5192,698835.0,4.2,128.0097,21084.2
2024-07-31,5.33,4.09,4.29,313.566,318.933,102.5192,698835.0,4.2,128.0097,21084.2
2024-08-01,5.33,3.99,4.16,314.131,319.839,103.0196,697157.0,4.2,128.0097,21171.1
2024-08-02,5.33,3.8,3.88,314.131,319.839,103.0196,697157.0,4.2,128.0097,21171.1
2024-08-03,5.33,3.8,3.88,314.131,319.839,103.0196,697157.0,4.2,128.0097,21171.1
2024-08-04,5.33,3.8,3.88,314.131,319.839,103.0196,697157.0,4.2,128.0097,21171.1
2024-08-05,5.33,3.78,3.89,314.131,319.839,103.0196,697157.0,4.2,128.0097,21171.1
2024-08-06,5.33,3.9,3.99,314.131,319.839,103.0196,697157.0,4.2,128.0097,21171.1
2024-08-07,5.33,3.96,4.0,314.131,319.839,103.0196,697157.0,4.2,128.0097,21171.1
2024-08-08,5.33,3.99,4.04,314.131,319.839,103.0196,697157.0,4.2,128.0097,21171.1
2024-08-09,5.33,3.94,4.05,314.131,319.839,103.0196,697157.0,4.2,128.0097,21171.1
2024-08-10,5.33,3.94,4.05,314.131,319.839,103.0196,697157.0,4.2,128.0097,21171.1
2024-08-11,5.33,3.94,4.05,314.131,319.839,103.0196,697157.0,4.2,128.0097,21171.1
2024-08-12,5.33,3.9,4.01,314.131,319.839,103.0196,697157.0,4.2,128.0097,21171.1
2024-08-13,5.33,3.85,3.93,314.131,319.839,103.0196,697157.0,4.2,128.0097,21171.1
2024-08-14,5.33,3.83,3.94,314.131,319.839,103.0196,697157.0,4.2,128.0097,21171.1
2024-08-15,5.33,3.92,4.08,314.131,319.839,103.0196,697157.0,4.2,128.0097,21171.1
2024-08-16,5.33,3.89,4.06,314.131,319.839,103.0196,697157.0,4.2,128.0097,21171.1
2024-08-17,5.33,3.89,4.06,314.131,319.839,103.0196,697157.0,4.2,128.0097,21171.1
2024-08-18,5.33,3.89,4.06,314.131,319.839,103.0196,697157.0,4.2,128.0097,21171.1
2024-08-19,5.33,3.86,4.06,314.131,319.839,103.0196,697157.0,4.2,128.0097,21171.1
2024-08-20,5.33,3.82,3.99,314.131,319.839,103.0196,697157.0,4.2,128.0097,21171.1
2024-08-21,5.33,3.79,3.92,314.131,319.839,103.0196,697157.0,4.2,128.0097,21171.1
2024-08-22,5.33,3.86,3.99,314.131,319.839,103.0196,697157.0,4.2,128.0097,21171.1
2024-08-23,5.33,3.81,3.9,314.131,319.839,103.0196,697157.0,4.2,128.0097,21171.1
2024-08-24,5.33,3.81,3.9,314.131,319.839,103.0196,697157.0,4.2,128.0097,21171.1
2024-08-25,5.33,3.81,3.9,314.131,319.839,103.0196,697157.0,4.2,128.0097,21171.1
2024-08-26,5.33,3.82,3.91,314.131,319.839,103.0196,697157.0,4.2,128.0097,21171.1
2024-08-27,5.33,3.83,3.83,314.131,319.839,103.0196,697157.0,4.2,128.0097,21171.1
2024-08-28,5.33,3.84,3.83,314.131,319.839,103.0196,697157.0,4.2,128.0097,21171.1
2024-08-29,5.33,3.87,3.87,314.131,319.839,103.0196,697157.0,4.2,128.0097,21171.1
2024-08-30,5.33,3.91,3.91,314.131,319.839,103.0196,697157.0,4.2,128.0097,21171.1
2024-08-31,5.33,3.91,3.91,314.131,319.839,103.0196,697157.0,4.2,128.0097,21171.1
2024-09-01,5.13,3.91,3.91,314.851,320.835,102.5954,703079.0,4.1,128.0097,21257.5
2024-09-02,5.13,3.91,3.91,314.851,320.835,102.5954,703079.0,4.1,128.0097,21257.5
2024-09-03,5.13,3.84,3.88,314.851,320.835,102.5954,703079.0,4.1,128.0097,21257.5
2024-09-04,5.13,3.77,3.76,314.851,320.835,102.5954,703079.0,4.1,128.0097,21257.5
2024-09-05,5.13,3.73,3.75,314.851,320.835,102.5954,703079.0,4.1,128.0097,21257.5
2024-09-06,5.13,3.72,3.66,314.851,320.835,102.5954,703079.0,4.1,128.0097,21257.5
2024-09-07,5.13,3.72,3.66,314.851,320.835,102.5954,703079.0,4.1,128.0097,21257.5
2024-09-08,5.13,3.72,3.66,314.851,320.835,102.5954,703079.0,4.1,128.0097,21257.5
2024-09-09,5.13,3.7,3.68,314.851,320.835,102.5954,703079.0,4.1,128.0097,21257.5
2024-09-10,5.13,3.65,3.59,314.851,320.835,102.5954,703079.0,4.1,128.0097,21257.5
2024-09-11,5.13,3.65,3.62,314.851,320.835,102.5954,703079.0,4.1,128.0097,21257.5
2024-09-12,5.13,3.68,3.64,314.851,320.835,102.5954,703079.0,4.1,128.0097,21257.5
2024-09-13,5.13,3.66,3.57,314.851,320.835,102.5954,703079.0,4.1,128.0097,21257.5
2024-09-14,5.13,3.66,3.57,314.851,320.835,102.5954,703079.0,4.1,128.0097,21257.5
2024-09-15,5.13,3.66,3.57,314.851,320.835,102.5954,703079.0,4.1,128.0097,21257.5
2024-09-16,5.13,3.63,3.56,314.851,320.835,102.5954,703079.0,4.1,128.0097,21257.5
2024-09-17,5.13,3.65,3.59,314.851,320.835,102.5954,703079.0,4.1,128.0097,21257.5
2024-09-18,5.13,3.7,3.61,314.851,320.835,102.5954,703079.0,4.1,128.0097,21257.5
2024-09-19,5.13,3.73,3.59,314.851,320.835,102.5954,703079.0,4.1,128.0097,21257.5
2024-09-20,5.13,3.73,3.55,314.851,320.835,102.5954,703079.0,4.1,128.0097,21257.5
2024-09-21,5.13,3.73,3.55,314.851,320.835,102.5954,703079.0,4.1,128.0097,21257.5
2024-09-22,5.13,3.73,3.55,314.851,320.835,102.5954,703079.0,4.1,128.0097,21257.5
2024-09-23,5.13,3.75,3.57,314.851,320.835,102.5954,703079.0,4.1,128.0097,21257.5
2024-09-24,5.13,3.74,3.49,314.851,320.835,102.5954,703079.0,4.1,128.0097,21257.5
2024-09-25,5.13,3.79,3.53,314.851,320.835,102.5954,703079.0,4.1,128.0097,21257.5
2024-09-26,5.13,3.79,3.6,314.851,320.835,102.5954,703079.0,4.1,128.0097,21257.5
2024-09-27,5.13,3.75,3.55,314.851,320.835,102.5954,703079.0,4.1,128.0097,21257.5
2024-09-28,5.13,3.75,3.55,314.851,320.835,102.5954,703079.0,4.1,128.0097,21257.5
2024-09-29,5.13,3.75,3.55,314.851,320.835,102.5954,703079.0,4.1,128.0097,21257.5
2024-09-30,5.13,3.81,3.66,314.851,320.835,102.5954,703079.0,4.1,128.0097,21257.5
2024-10-01,4.83,3.74,3.61,315.564,321.688,102.2138,707613.0,4.1,128.0097,21308.1
2024-10-02,4.83,3.79,3.63,315.564,321.688,102.2138,707613.0,4.1,128.0097,21308.1
2024-10-03,4.83,3.85,3.7,315.564,321.688,102.2138,707613.0,4.1,128.0097,21308.1
2024-10-04,4.83,3.98,3.93,315.564,321.688,102.2138,707613.0,4.1,128.0097,21308.1
2024-10-05,4.83,3.98,3.93,315.564,321.688,102.2138,707613.0,4.1,128.0097,21308.1
2024-10-06,4.83,3.98,3.93,315.564,321.688,102.2138,707613.0,4.1,128.0097,21308.1
2024-10-07,4.83,4.03,3.99,315.564,321.688,102.2138,707613.0,4.1,128.0097,21308.1
2024-10-08,4.83,4.04,3.98,315.564,321.688,102.2138,707613.0,4.1,128.0097,21308.1
2024-10-09,4.83,4.06,3.99,315.564,321.688,102.2138,707613.0,4.1,128.0097,21308.1
2024-10-10,4.83,4.09,3.98,315.564,321.688,102.2138,707613.0,4.1,128.0097,21308.1
2024-10-11,4.83,4.08,3.95,315.564,321.688,102.2138,707613.0,4.1,128.0097,21308.1
2024-10-12,4.83,4.08,3.95,315.564,321.688,102.2138,707613.0,4.1,128.0097,21308.1
2024-10-13,4.83,4.08,3.95,315.564,321.688,102.2138,707613.0,4.1,128.0097,21308.1
2024-10-14,4.83,4.08,3.95,315.564,321.688,102.2138,707613.0,4.1,128.0097,21308.1
2024-10-15,4.83,4.03,3.95,315.564,321.688,102.2138,707613.0,4.1,128.0097,21308.1
2024-10-16,4.83,4.02,3.93,315.564,321.688,102.2138,707613.0,4.1,128.0097,21308.1
2024-10-17,4.83,4.09,3.96,315.564,321.688,102.2138,707613.0,4.1,128.0097,21308.1
2024-10-18,4.83,4.08,3.95,315.564,321.688,102.2138,707613.0,4.1,128.0097,21308.1
2024-10-19,4.83,4.08,3.95,315.564,321.688,102.2138,707613.0,4.1,128.0097,21308.1
2024-10-20,4.83,4.08,3.95,315.564,321.688,102.2138,707613.0,4.1,128.0097,21308.1
2024-10-21,4.83,4.19,4.02,315.564,321.688,102.2138,707613.0,4.1,128.0097,21308.1
2024-10-22,4.83,4.2,4.03,315.564,321.688,102.2138,707613.0,4.1,128.0097,21308.1
2024-10-23,4.83,4.24,4.07,315.564,321.688,102.2138,707613.0,4.1,128.0097,21308.1
2024-10-24,4.83,4.21,4.07,315.564,321.688,102.2138,707613.0,4.1,128.0097,21308.1
2024-10-25,4.83,4.25,4.11,315.564,321.688,102.2138,707613.0,4.1,128.0097,21308.1
2024-10-26,4.83,4.25,4.11,315.564,321.688,102.2138,707613.0,4.1,128.0097,21308.1
2024-10-27,4.83,4.25,4.11,315.564,321.688,102.2138,707613.0,4.1,128.0097,21308.1
2024-10-28,4.83,4.28,4.12,315.564,321.688,102.2138,707613.0,4.1,128.0097,21308.1
2024-10-29,4.83,4.28,4.11,315.564,321.688,102.2138,707613.0,4.1,128.0097,21308.1
2024-10-30,4.83,4.29,4.15,315.564,321.688,102.2138,707613.0,4.1,128.0097,21308.1
2024-10-31,4.83,4.28,4.16,315.564,321.688,102.2138,707613.0,4.1,128.0097,21308.1
2024-11-01,4.64,4.37,4.21,316.449,322.619,101.9503,712145.0,4.2,128.0097,21407.9
2024-11-02,4.64,4.37,4.21,316.449,322.619,101.9503,712145.0,4.2,128.0097,21407.9
2024-11-03,4.64,4.37,4.21,316.449,322.619,101.9503,712145.0,4.2,128.0097,21407.9
2024-11-04,4.64,4.31,4.17,316.449,322.619,101.9503,712145.0,4.2,128.0097,21407.9
2024-11-05,4.64,4.26,4.19,316.449,322.619,101.9503,712145.0,4.2,128.0097,21407.9
2024-11-06,4.64,4.42,4.27,316.449,322.619,101.9503,712145.0,4.2,128.0097,21407.9
2024-11-07,4.64,4.31,4.21,316.449,322.619,101.9503,712145.0,4.2,128.0097,21407.9
2024-11-08,4.64,4.3,4.26,316.449,322.619,101.9503,712145.0,4.2,128.0097,21407.9
2024-11-09,4.64,4.3,4.26,316.449,322.619,101.9503,712145.0,4.2,128.0097,21407.9
2024-11-10,4.64,4.3,4.26,316.449,322.619,101.9503,712145.0,4.2,128.0097,21407.9
2024-11-11,4.64,4.3,4.26,316.449,322.619,101.9503,712145.0,4.2,128.0097,21407.9
2024-11-12,4.64,4.43,4.34,316.449,322.619,101.9503,712145.0,4.2,128.0097,21407.9
2024-11-13,4.64,4.44,4.27,316.449,322.619,101.9503,712145.0,4.2,128.0097,21407.9
2024-11-14,4.64,4.43,4.34,316.449,322.619,101.9503,712145.0,4.2,128.0097,21407.9
2024-11-15,4.64,4.43,4.31,316.449,322.619,101.9503,712145.0,4.2,128.0097,21407.9
2024-11-16,4.64,4.43,4.31,316.449,322.619,101.9503,712145.0,4.2,128.0097,21407.9
2024-11-17,4.64,4.43,4.31,316.449,322.619,101.9503,712145.0,4.2,128.0097,21407.9
2024-11-18,4.64,4.42,4.29,316.449,322.619,101.9503,712145.0,4.2,128.0097,21407.9
2024-11-19,4.64,4.39,4.27,316.449,322.619,101.9503,712145.0,4.2,128.0097,21407.9
2024-11-20,4.64,4.41,4.31,316.449,322.619,101.9503,712145.0,4.2,128.0097,21407.9
2024-11-21,4.64,4.43,4.34,316.449,322.619,101.9503,712145.0,4.2,128.0097,21407.9
2024-11-22,4.64,4.41,4.37,316.449,322.619,101.9503,712145.0,4.2,128.0097,21407.9
2024-11-23,4.64,4.41,4.37,316.449,322.619,101.9503,712145.0,4.2,128.0097,21407.9
2024-11-24,4.64,4.41,4.37,316.449,322.619,101.9503,712145.0,4.2,128.0097,21407.9
2024-11-25,4.64,4.27,4.21,316.449,322.619,101.9503,712145.0,4.2,128.0097,21407.9
2024-11-26,4.64,4.3,4.21,316.449,322.619,101.9503,712145.0,4.2,128.0097,21407.9
2024-11-27,4.64,4.25,4.19,316.449,322.619,101.9503,712145.0,4.2,128.0097,21407.9
2024-11-28,4.64,4.25,4.19,316.449,322.619,101.9503,712145.0,4.2,128.0097,21407.9
2024-11-29,4.64,4.18,4.13,316.449,322.619,101.9503,712145.0,4.2,128.0097,21407.9
2024-11-30,4.64,4.18,4.13,316.449,322.619,101.9503,712145.0,4.2,128.0097,21407.9
2024-12-01,4.48,4.18,4.13,317.603,323.296,103.0447,717662.0,4.1,128.0097,21424.5
2024-12-02,4.48,4.19,4.17,317.603,323.296,103.0447,717662.0,4.1,128.0097,21424.5
2024-12-03,4.48,4.23,4.17,317.603,323.296,103.0447,717662.0,4.1,128.0097,21424.5
2024-12-04,4.48,4.19,4.13,317.603,323.296,103.0447,717662.0,4.1,128.0097,21424.5
2024-12-05,4.48,4.17,4.15,317.603,323.296,103.0447,717662.0,4.1,128.0097,21424.5
2024-12-06,4.48,4.15,4.1,317.603,323.296,103.0447,717662.0,4.1,128.0097,21424.5
2024-12-07,4.48,4.15,4.1,317.603,323.296,103.0447,717662.0,4.1,128.0097,21424.5
2024-12-08,4.48,4.15,4.1,317.603,323.296,103.0447,717662.0,4.1,128.0097,21424.5
2024-12-09,4.48,4.2,4.13,317.603,323.296,103.0447,717662.0,4.1,128.0097,21424.5
2024-12-10,4.48,4.22,4.15,317.603,323.296,103.0447,717662.0,4.1,128.0097,21424.5
2024-12-11,4.48,4.26,4.15,317.603,323.296,103.0447,717662.0,4.1,128.0097,21424.5
2024-12-12,4.48,4.32,4.18,317.603,323.296,103.0447,717662.0,4.1,128.0097,21424.5
2024-12-13,4.48,4.4,4.25,317.603,323.296,103.0447,717662.0,4.1,128.0097,21424.5
2024-12-14,4.48,4.4,4.25,317.603,323.296,103.0447,717662.0,4.1,128.0097,21424.5
2024-12-15,4.48,4.4,4.25,317.603,323.296,103.0447,717662.0,4.1,128.0097,21424.5
2024-12-16,4.48,4.39,4.25,317.603,323.296,103.0447,717662.0,4.1,128.0097,21424.5
2024-12-17,4.48,4.4,4.25,317.603,323.296,103.0447,717662.0,4.1,128.0097,21424.5
2024-12-18,4.48,4.5,4.35,317.603,323.296,103.0447,717662.0,4.1,128.0097,21424.5
2024-12-19,4.48,4.57,4.32,317.603,323.296,103.0447,717662.0,4.1,128.0097,21424.5
2024-12-20,4.48,4.52,4.3,317.603,323.296,103.0447,717662.0,4.1,128.0097,21424.5
2024-12-21,4.48,4.52,4.3,317.603,323.296,103.0447,717662.0,4.1,128.0097,21424.5
2024-12-22,4.48,4.52,4.3,317.603,323.296,103.0447,717662.0,4.1,128.0097,21424.5
2024-12-23,4.48,4.59,4.3,317.603,323.296,103.0447,717662.0,4.1,128.0097,21424.5
2024-12-24,4.48,4.59,4.29,317.603,323.296,103.0447,717662.0,4.1,128.0097,21424.5
2024-12-25,4.48,4.59,4.29,317.603,323.296,103.0447,717662.0,4.1,128.0097,21424.5
2024-12-26,4.48,4.58,4.3,317.603,323.296,103.0447,717662.0,4.1,128.0097,21424.5
2024-12-27,4.48,4.62,4.31,317.603,323.296,103.0447,717662.0,4.1,128.0097,21424.5
2024-12-28,4.48,4.62,4.31,317.603,323.296,103.0447,717662.0,4.1,128.0097,21424.5
2024-12-29,4.48,4.62,4.31,317.603,323.296,103.0447,717662.0,4.1,128.0097,21424.5
2024-12-30,4.48,4.55,4.24,317.603,323.296,103.0447,717662.0,4.1,128.0097,21424.5
2024-12-31,4.48,4.58,4.25,317.603,323.296,103.0447,717662.0,4.1,128.0097,21424.5
2025-01-01,4.33,4.58,4.25,319.086,324.739,102.8805,711461.0,4.0,128.0097,21492.4
2025-01-02,4.33,4.57,4.25,319.086,324.739,102.8805,711461.0,4.0,128.0097,21492.4
2025-01-03,4.33,4.6,4.28,319.086,324.739,102.8805,711461.0,4.0,128.0097,21492.4
2025-01-04,4.33,4.6,4.28,319.086,324.739,102.8805,711461.0,4.0,128.0097,21492.4
2025-01-05,4.33,4.6,4.28,319.086,324.739,102.8805,711461.0,4.0,128.0097,21492.4
2025-01-06,4.33,4.62,4.28,319.086,324.739,102.8805,711461.0,4.0,128.0097,21492.4
2025-01-07,4.33,4.67,4.3,319.086,324.739,102.8805,711461.0,4.0,128.0097,21492.4
2025-01-08,4.33,4.67,4.28,319.086,324.739,102.8805,711461.0,4.0,128.0097,21492.4
2025-01-09,4.33,4.68,4.27,319.086,324.739,102.8805,711461.0,4.0,128.0097,21492.4
2025-01-10,4.33,4.77,4.4,319.086,324.739,102.8805,711461.0,4.0,128.0097,21492.4
2025-01-11,4.33,4.77,4.4,319.086,324.739,102.8805,711461.0,4.0,128.0097,21492.4
2025-01-12,4.33,4.77,4.4,319.086,324.739,102.8805,711461.0,4.0,128.0097,21492.4
2025-01-13,4.33,4.79,4.4,319.086,324.739,102.8805,711461.0,4.0,128.0097,21492.4
2025-01-14,4.33,4.78,4.37,319.086,324.739,102.8805,711461.0,4.0,128.0097,21492.4
2025-01-15,4.33,4.66,4.27,319.086,324.739,102.8805,711461.0,4.0,128.0097,21492.4
2025-01-16,4.33,4.61,4.23,319.086,324.739,102.8805,711461.0,4.0,128.0097,21492.4
2025-01-17,4.33,4.61,4.27,319.086,324.739,102.8805,711461.0,4.0,128.0097,21492.4
2025-01-18,4.33,4.61,4.27,319.086,324.739,102.8805,711461.0,4.0,128.0097,21492.4
2025-01-19,4.33,4.61,4.27,319.086,324.739,102.8805,711461.0,4.0,128.0097,21492.4
2025-01-20,4.33,4.61,4.27,319.086,324.739,102.8805,711461.0,4.0,128.0097,21492.4
2025-01-21,4.33,4.57,4.29,319.086,324.739,102.8805,711461.0,4.0,128.0097,21492.4
2025-01-22,4.33,4.6,4.29,319.086,324.739,102.8805,711461.0,4.0,128.0097,21492.4
2025-01-23,4.33,4.65,4.29,319.086,324.739,102.8805,711461.0,4.0,128.0097,21492.4
2025-01-24,4.33,4.63,4.27,319.086,324.739,102.8805,711461.0,4.0,128.0097,21492.4
2025-01-25,4.33,4.63,4.27,319.086,324.739,102.8805,711461.0,4.0,128.0097,21492.4
2025-01-26,4.33,4.63,4.27,319.086,324.739,102.8805,711461.0,4.0,128.0097,21492.4
2025-01-27,4.33,4.53,4.17,319.086,324.739,102.8805,711461.0,4.0,128.0097,21492.4
2025-01-28,4.33,4.55,4.19,319.086,324.739,102.8805,711461.0,4.0,128.0097,21492.4
2025-01-29,4.33,4.55,4.21,319.086,324.739,102.8805,711461.0,4.0,128.0097,21492.4
2025-01-30,4.33,4.52,4.18,319.086,324.739,102.8805,711461.0,4.0,128.0097,21492.4
2025-01-31,4.33,4.58,4.22,319.086,324.739,102.8805,711461.0,4.0,128.0097,21492.4
2025-02-01,4.33,4.58,4.22,319.775,325.475,103.8705,711757.0,4.1,128.0097,21564.6
2025-02-02,4.33,4.58,4.22,319.775,325.475,103.8705,711757.0,4.1,128.0097,21564.6
2025-02-03,4.33,4.54,4.26,319.775,325.475,103.8705,711757.0,4.1,128.0097,21564.6
2025-02-04,4.33,4.52,4.21,319.775,325.475,103.8705,711757.0,4.1,128.0097,21564.6
2025-02-05,4.33,4.43,4.17,319.775,325.475,103.8705,711757.0,4.1,128.0097,21564.6
2025-02-06,4.33,4.45,4.21,319.775,325.475,103.8705,711757.0,4.1,128.0097,21564.6
2025-02-07,4.33,4.49,4.29,319.775,325.475,103.8705,711757.0,4.1,128.0097,21564.6
2025-02-08,4.33,4.49,4.29,319.775,325.475,103.8705,711757.0,4.1,128.0097,21564.6
2025-02-09,4.33,4.49,4.29,319.775,325.475,103.8705,711757.0,4.1,128.0097,21564.6
2025-02-10,4.33,4.51,4.28,319.775,325.475,103.8705,711757.0,4.1,128.0097,21564.6
2025-02-11,4.33,4.54,4.29,319.775,325.475,103.8705,711757.0,4.1,128.0097,21564.6
2025-02-12,4.33,4.62,4.36,319.775,325.475,103.8705,711757.0,4.1,128.0097,21564.6
2025-02-13,4.33,4.52,4.31,319.775,325.475,103.8705,711757.0,4.1,128.0097,21564.6
2025-02-14,4.33,4.47,4.26,319.775,325.475,103.8705,711757.0,4.1,128.0097,21564.6
2025-02-15,4.33,4.47,4.26,319.775,325.475,103.8705,711757.0,4.1,128.0097,21564.6
2025-02-16,4.33,4.47,4.26,319.775,325.475,103.8705,711757.0,4.1,128.0097,21564.6
2025-02-17,4.33,4.47,4.26,319.775,325.475,103.8705,711757.0,4.1,128.0097,21564.6
2025-02-18,4.33,4.55,4.29,319.775,325.475,103.8705,711757.0,4.1,128.0097,21564.6
2025-02-19,4.33,4.53,4.28,319.775,325.475,103.8705,711757.0,4.1,128.0097,21564.6
2025-02-20,4.33,4.5,4.28,319.775,325.475,103.8705,711757.0,4.1,128.0097,21564.6
2025-02-21,4.33,4.42,4.19,319.775,325.475,103.8705,711757.0,4.1,128.0097,21564.6
2025-02-22,4.33,4.42,4.19,319.775,325.475,103.8705,711757.0,4.1,128.0097,21564.6
2025-02-23,4.33,4.42,4.19,319.775,325.475,103.8705,711757.0,4.1,128.0097,21564.6
2025-02-24,4.33,4.4,4.13,319.775,325.475,103.8705,711757.0,4.1,128.0097,21564.6
2025-02-25,4.33,4.3,4.07,319.775,325.475,103.8705,711757.0,4.1,128.0097,21564.6
2025-02-26,4.33,4.25,4.05,319.775,325.475,103.8705,711757.0,4.1,128.0097,21564.6
2025-02-27,4.33,4.29,4.07,319.775,325.475,103.8705,711757.0,4.1,128.0097,21564.6
2025-02-28,4.33,4.24,3.99,319.775,325.475,103.8705,711757.0,4.1,128.0097,21564.6
2025-03-01,4.33,4.24,3.99,319.615,325.659,103.5408,722572.0,4.2,128.0097,21636.8
2025-03-02,4.33,4.24,3.99,319.615,325.659,103.5408,722572.0,4.2,128.0097,21636.8
2025-03-03,4.33,4.16,3.96,319.615,325.659,103.5408,722572.0,4.2,128.0097,21636.8
2025-03-04,4.33,4.22,3.96,319.615,325.659,103.5408,722572.0,4.2,128.0097,21636.8
2025-03-05,4.33,4.28,3.99,319.615,325.659,103.5408,722572.0,4.2,128.0097,21636.8
2025-03-06,4.33,4.29,3.96,319.615,325.659,103.5408,722572.0,4.2,128.0097,21636.8
2025-03-07,4.33,4.32,3.99,319.615,325.659,103.5408,722572.0,4.2,128.0097,21636.8
2025-03-08,4.33,4.32,3.99,319.615,325.659,103.5408,722572.0,4.2,128.0097,21636.8
2025-03-09,4.33,4.32,3.99,319.615,325.659,103.5408,722572.0,4.2,128.0097,21636.8
2025-03-10,4.33,4.22,3.89,319.615,325.659,103.5408,722572.0,4.2,128.0097,21636.8
2025-03-11,4.33,4.28,3.94,319.615,325.659,103.5408,722572.0,4.2,128.0097,21636.8
2025-03-12,4.33,4.32,4.01,319.615,325.659,103.5408,722572.0,4.2,128.0097,21636.8
2025-03-13,4.33,4.27,3.94,319.615,325.659,103.5408,722572.0,4.2,128.0097,21636.8
2025-03-14,4.33,4.31,4.02,319.615,325.659,103.5408,722572.0,4.2,128.0097,21636.8
2025-03-15,4.33,4.31,4.02,319.615,325.659,103.5408,722572.0,4.2,128.0097,21636.8
2025-03-16,4.33,4.31,4.02,319.615,325.659,103.5408,722572.0,4.2,128.0097,21636.8
2025-03-17,4.33,4.31,4.06,319.615,325.659,103.5408,722572.0,4.2,128.0097,21636.8
2025-03-18,4.33,4.29,4.04,319.615,325.659,103.5408,722572.0,4.2,128.0097,21636.8
2025-03-19,4.33,4.25,3.99,319.615,325.659,103.5408,722572.0,4.2,128.0097,21636.8
2025-03-20,4.33,4.24,3.95,319.615,325.659,103.5408,722572.0,4.2,128.0097,21636.8
2025-03-21,4.33,4.25,3.94,319.615,325.659,103.5408,722572.0,4.2,128.0097,21636.8
2025-03-22,4.33,4.25,3.94,319.615,325.659,103.5408,722572.0,4.2,128.0097,21636.8
2025-03-23,4.33,4.25,3.94,319.615,325.659,103.5408,722572.0,4.2,128.0097,21636.8
2025-03-24,4.33,4.34,4.04,319.615,325.659,103.5408,722572.0,4.2,128.0097,21636.8
2025-03-25,4.33,4.31,3.96,319.615,325.659,103.5408,722572.0,4.2,128.0097,21636.8
2025-03-26,4.33,4.35,3.98,319.615,325.659,103.5408,722572.0,4.2,128.0097,21636.8
2025-03-27,4.33,4.38,3.97,319.615,325.659,103.5408,722572.0,4.2,128.0097,21636.8
2025-03-28,4.33,4.27,3.89,319.615,325.659,103.5408,722572.0,4.2,128.0097,21636.8
2025-03-29,4.33,4.27,3.89,319.615,325.659,103.5408,722572.0,4.2,128.0097,21636.8
2025-03-30,4.33,4.27,3.89,319.615,325.659,103.5408,722572.0,4.2,128.0097,21636.8
2025-03-31,4.33,4.23,3.89,319.615,325.659,103.5408,722572.0,4.2,128.0097,21636.8
2025-04-01,4.33,4.17,3.87,320.321,326.43,103.6224,721789.0,4.2,128.0097,21770.5
2025-04-02,4.33,4.2,3.91,320.321,326.43,103.6224,721789.0,4.2,128.0097,21770.5
2025-04-03,4.33,4.06,3.71,320.321,326.43,103.6224,721789.0,4.2,128.0097,21770.5
2025-04-04,4.33,4.01,3.68,320.321,326.43,103.6224,721789.0,4.2,128.0097,21770.5
2025-04-05,4.33,4.01,3.68,320.321,326.43,103.6224,721789.0,4.2,128.0097,21770.5
2025-04-06,4.33,4.01,3.68,320.321,326.43,103.6224,721789.0,4.2,128.0097,21770.5
2025-04-07,4.33,4.15,3.73,320.321,326.43,103.6224,721789.0,4.2,128.0097,21770.5
2025-04-08,4.33,4.26,3.71,320.321,326.43,103.6224,721789.0,4.2,128.0097,21770.5
2025-04-09,4.33,4.34,3.91,320.321,326.43,103.6224,721789.0,4.2,128.0097,21770.5
2025-04-10,4.33,4.4,3.84,320.321,326.43,103.6224,721789.0,4.2,128.0097,21770.5
2025-04-11,4.33,4.48,3.96,320.321,326.43,103.6224,721789.0,4.2,128.0097,21770.5
2025-04-12,4.33,4.48,3.96,320.321,326.43,103.6224,721789.0,4.2,128.0097,21770.5
2025-04-13,4.33,4.48,3.96,320.321,326.43,103.6224,721789.0,4.2,128.0097,21770.5
2025-04-14,4.33,4.38,3.84,320.321,326.43,103.6224,721789.0,4.2,128.0097,21770.5
2025-04-15,4.33,4.35,3.84,320.321,326.43,103.6224,721789.0,4.2,128.0097,21770.5
2025-04-16,4.33,4.29,3.77,320.321,326.43,103.6224,721789.0,4.2,128.0097,21770.5
2025-04-17,4.33,4.34,3.81,320.321,326.43,103.6224,721789.0,4.2,128.0097,21770.5
2025-04-18,4.33,4.34,3.81,320.321,326.43,103.6224,721789.0,4.2,128.0097,21770.5
2025-04-19,4.33,4.34,3.81,320.321,326.43,103.6224,721789.0,4.2,128.0097,21770.5
2025-04-20,4.33,4.34,3.81,320.321,326.43,103.6224,721789.0,4.2,128.0097,21770.5
2025-04-21,4.33,4.42,3.75,320.321,326.43,103.6224,721789.0,4.2,128.0097,21770.5
2025-04-22,4.33,4.41,3.76,320.321,326.43,103.6224,721789.0,4.2,128.0097,21770.5
2025-04-23,4.33,4.4,3.81,320.321,326.43,103.6224,721789.0,4.2,128.0097,21770.5
2025-04-24,4.33,4.32,3.77,320.321,326.43,103.6224,721789.0,4.2,128.0097,21770.5
2025-04-25,4.33,4.29,3.74,320.321,326.43,103.6224,721789.0,4.2,128.0097,21770.5
2025-04-26,4.33,4.29,3.74,320.321,326.43,103.6224,721789.0,4.2,128.0097,21770.5
2025-04-27,4.33,4.29,3.74,320.321,326.43,103.6224,721789.0,4.2,128.0097,21770.5
2025-04-28,4.33,4.23,3.67,320.321,326.43,103.6224,721789.0,4.2,128.0097,21770.5
2025-04-29,4.33,4.19,3.65,320.321,326.43,103.6224,721789.0,4.2,128.0097,21770.5
2025-04-30,4.33,4.17,3.6,320.321,326.43,103.6224,721789.0,4.2,128.0097,21770.5
2025-05-01,4.33,4.25,3.7,320.58,326.854,103.657,716101.0,4.2,128.0097,21827.4
2025-05-02,4.33,4.33,3.83,320.58,326.854,103.657,716101.0,4.2,128.0097,21827.4
2025-05-03,4.33,4.33,3.83,320.58,326.854,103.657,716101.0,4.2,128.0097,21827.4
2025-05-04,4.33,4.33,3.83,320.58,326.854,103.657,716101.0,4.2,128.0097,21827.4
2025-05-05,4.33,4.36,3.83,320.58,326.854,103.657,716101.0,4.2,128.0097,21827.4
2025-05-06,4.33,4.3,3.78,320.58,326.854,103.657,716101.0,4.2,128.0097,21827.4
2025-05-07,4.33,4.26,3.78,320.58,326.854,103.657,716101.0,4.2,128.0097,21827.4
2025-05-08,4.33,4.37,3.9,320.58,326.854,103.657,716101.0,4.2,128.0097,21827.4
2025-05-09,4.33,4.37,3.88,320.58,326.854,103.657,716101.0,4.2,128.0097,21827.4
2025-05-10,4.33,4.37,3.88,320.58,326.854,103.657,716101.0,4.2,128.0097,21827.4
2025-05-11,4.33,4.37,3.88,320.58,326.854,103.657,716101.0,4.2,128.0097,21827.4
2025-05-12,4.33,4.45,3.98,320.58,326.854,103.657,716101.0,4.2,128.0097,21827.4
2025-05-13,4.33,4.49,4.02,320.58,326.854,103.657,716101.0,4.2,128.0097,21827.4
2025-05-14,4.33,4.53,4.05,320.58,326.854,103.657,716101.0,4.2,128.0097,21827.4
2025-05-15,4.33,4.45,3.96,320.58,326.854,103.657,716101.0,4.2,128.0097,21827.4
2025-05-16,4.33,4.43,3.98,320.58,326.854,103.657,716101.0,4.2,128.0097,21827.4
2025-05-17,4.33,4.43,3.98,320.58,326.854,103.657,716101.0,4.2,128.0097,21827.4
2025-05-18,4.33,4.43,3.98,320.58,326.854,103.657,716101.0,4.2,128.0097,21827.4
2025-05-19,4.33,4.46,3.97,320.58,326.854,103.657,716101.0,4.2,128.0097,21827.4
2025-05-20,4.33,4.48,3.97,320.58,326.854,103.657,716101.0,4.2,128.0097,21827.4
2025-05-21,4.33,4.58,4.0,320.58,326.854,103.657,716101.0,4.2,128.0097,21827.4
2025-05-22,4.33,4.54,4.0,320.58,326.854,103.657,716101.0,4.2,128.0097,21827.4
2025-05-23,4.33,4.51,4.0,320.58,326.854,103.657,716101.0,4.2,128.0097,21827.4
2025-05-24,4.33,4.51,4.0,320.58,326.854,103.657,716101.0,4.2,128.0097,21827.4
2025-05-25,4.33,4.51,4.0,320.58,326.854,103.657,716101.0,4.2,128.0097,21827.4
2025-05-26,4.33,4.51,4.0,320.58,326.854,103.657,716101.0,4.2,128.0097,21827.4
2025-05-27,4.33,4.43,3.92,320.58,326.854,103.657,716101.0,4.2,128.0097,21827.4
2025-05-28,4.33,4.47,3.96,320.58,326.854,103.657,716101.0,4.2,128.0097,21827.4
2025-05-29,4.33,4.43,3.92,320.58,326.854,103.657,716101.0,4.2,128.0097,21827.4
2025-05-30,4.33,4.41,3.89,320.58,326.854,103.657,716101.0,4.2,128.0097,21827.4
2025-05-31,4.33,4.41,3.89,320.58,326.854,103.657,716101.0,4.2,128.0097,21827.4
2025-06-01,4.33,4.41,3.89,321.5,327.6,104.2115,723033.0,4.1,128.0097,21942.4
2025-06-02,4.33,4.46,3.94,321.5,327.6,104.2115,723033.0,4.1,128.0097,21942.4
2025-06-03,4.33,4.46,3.96,321.5,327.6,104.2115,723033.0,4.1,128.0097,21942.4
2025-06-04,4.33,4.37,3.87,321.5,327.6,104.2115,723033.0,4.1,128.0097,21942.4
2025-06-05,4.33,4.4,3.92,321.5,327.6,104.2115,723033.0,4.1,128.0097,21942.4
2025-06-06,4.33,4.51,4.04,321.5,327.6,104.2115,723033.0,4.1,128.0097,21942.4
2025-06-07,4.33,4.51,4.04,321.5,327.6,104.2115,723033.0,4.1,128.0097,21942.4
2025-06-08,4.33,4.51,4.04,321.5,327.6,104.2115,723033.0,4.1,128.0097,21942.4
2025-06-09,4.33,4.49,4.01,321.5,327.6,104.2115,723033.0,4.1,128.0097,21942.4
2025-06-10,4.33,4.47,4.01,321.5,327.6,104.2115,723033.0,4.1,128.0097,21942.4
2025-06-11,4.33,4.41,3.94,321.5,327.6,104.2115,723033.0,4.1,128.0097,21942.4
2025-06-12,4.33,4.36,3.9,321.5,327.6,104.2115,723033.0,4.1,128.0097,21942.4
2025-06-13,4.33,4.41,3.96,321.5,327.6,104.2115,723033.0,4.1,128.0097,21942.4
2025-06-14,4.33,4.41,3.96,321.5,327.6,104.2115,723033.0,4.1,128.0097,21942.4
2025-06-15,4.33,4.41,3.96,321.5,327.6,104.2115,723033.0,4.1,128.0097,21942.4
2025-06-16,4.33,4.46,3.97,321.5,327.6,104.2115,723033.0,4.1,128.0097,21942.4
2025-06-17,4.33,4.39,3.94,321.5,327.6,104.2115,723033.0,4.1,128.0097,21942.4
2025-06-18,4.33,4.38,3.94,321.5,327.6,104.2115,723033.0,4.1,128.0097,21942.4
2025-06-19,4.33,4.38,3.94,321.5,327.6,104.2115,723033.0,4.1,128.0097,21942.4
2025-06-20,4.33,4.38,3.9,321.5,327.6,104.2115,723033.0,4.1,128.0097,21942.4
2025-06-21,4.33,4.38,3.9,321.5,327.6,104.2115,723033.0,4.1,128.0097,21942.4
2025-06-22,4.33,4.38,3.9,321.5,327.6,104.2115,723033.0,4.1,128.0097,21942.4
2025-06-23,4.33,4.34,3.84,321.5,327.6,104.2115,723033.0,4.1,128.0097,21942.4
2025-06-24,4.33,4.3,3.75,321.5,327.6,104.2115,723033.0,4.1,128.0097,21942.4
2025-06-25,4.33,4.29,3.74,321.5,327.6,104.2115,723033.0,4.1,128.0097,21942.4
2025-06-26,4.33,4.26,3.7,321.5,327.6,104.2115,723033.0,4.1,128.0097,21942.4
2025-06-27,4.33,4.29,3.73,321.5,327.6,104.2115,723033.0,4.1,128.0097,21942.4
2025-06-28,4.33,4.29,3.73,321.5,327.6,104.2115,723033.0,4.1,128.0097,21942.4
2025-06-29,4.33,4.29,3.73,321.5,327.6,104.2115,723033.0,4.1,128.0097,21942.4
2025-06-30,4.33,4.24,3.72,321.5,327.6,104.2115,723033.0,4.1,128.0097,21942.4
2025-07-01,4.33,4.26,3.78,322.132,328.656,103.8194,727414.0,4.2,128.0097,22028.8
2025-07-02,4.33,4.3,3.78,322.132,328.656,103.8194,727414.0,4.2,128.0097,22028.8
2025-07-03,4.33,4.35,3.88,322.132,328.656,103.8194,727414.0,4.2,128.0097,22028.8
2025-07-04,4.33,4.35,3.88,322.132,328.656,103.8194,727414.0,4.2,128.0097,22028.8
2025-07-05,4.33,4.35,3.88,322.132,328.656,103.8194,727414.0,4.2,128.0097,22028.8
2025-07-06,4.33,4.35,3.88,322.132,328.656,103.8194,727414.0,4.2,128.0097,22028.8
2025-07-07,4.33,4.4,3.9,322.132,328.656,103.8194,727414.0,4.2,128.0097,22028.8
2025-07-08,4.33,4.42,3.9,322.132,328.656,103.8194,727414.0,4.2,128.0097,22028.8
2025-07-09,4.33,4.34,3.86,322.132,328.656,103.8194,727414.0,4.2,128.0097,22028.8
2025-07-10,4.33,4.35,3.86,322.132,328.656,103.8194,727414.0,4.2,128.0097,22028.8
2025-07-11,4.33,4.43,3.9,322.132,328.656,103.8194,727414.0,4.2,128.0097,22028.8
2025-07-12,4.33,4.43,3.9,322.132,328.656,103.8194,727414.0,4.2,128.0097,22028.8
2025-07-13,4.33,4.43,3.9,322.132,328.656,103.8194,727414.0,4.2,128.0097,22028.8
2025-07-14,4.33,4.43,3.9,322.132,328.656,103.8194,727414.0,4.2,128.0097,22028.8
2025-07-15,4.33,4.5,3.95,322.132,328.656,103.8194,727414.0,4.2,128.0097,22028.8
2025-07-16,4.33,4.46,3.88,322.132,328.656,103.8194,727414.0,4.2,128.0097,22028.8
2025-07-17,4.33,4.47,3.91,322.132,328.656,103.8194,727414.0,4.2,128.0097,22028.8
2025-07-18,4.33,4.44,3.88,322.132,328.656,103.8194,727414.0,4.2,128.0097,22028.8
2025-07-19,4.33,4.44,3.88,322.132,328.656,103.8194,727414.0,4.2,128.0097,22028.8
2025-07-20,4.33,4.44,3.88,322.132,328.656,103.8194,727414.0,4.2,128.0097,22028.8
2025-07-21,4.33,4.38,3.85,322.132,328.656,103.8194,727414.0,4.2,128.0097,22028.8
2025-07-22,4.33,4.35,3.83,322.132,328.656,103.8194,727414.0,4.2,128.0097,22028.8
2025-07-23,4.33,4.4,3.88,322.132,328.656,103.8194,727414.0,4.2,128.0097,22028.8
2025-07-24,4.33,4.43,3.91,322.132,328.656,103.8194,727414.0,4.2,128.0097,22028.8
2025-07-25,4.33,4.4,3.91,322.132,328.656,103.8194,727414.0,4.2,128.0097,22028.8
2025-07-26,4.33,4.4,3.91,322.132,328.656,103.8194,727414.0,4.2,128.0097,22028.8
2025-07-27,4.33,4.4,3.91,322.132,328.656,103.8194,727414.0,4.2,128.0097,22028.8
2025-07-28,4.33,4.42,3.91,322.132,328.656,103.8194,727414.0,4.2,128.0097,22028.8
2025-07-29,4.33,4.34,3.86,322.132,328.656,103.8194,727414.0,4.2,128.0097,22028.8
2025-07-30,4.33,4.38,3.94,322.132,328.656,103.8194,727414.0,4.2,128.0097,22028.8
2025-07-31,4.33,4.37,3.94,322.132,328.656,103.8194,727414.0,4.2,128.0097,22028.8
2025-08-01,4.33,4.23,3.69,323.364,329.793,103.9203,732010.0,4.3,128.0097,22108.4
2025-08-02,4.33,4.23,3.69,323.364,329.793,103.9203,732010.0,4.3,128.0097,22108.4
2025-08-03,4.33,4.23,3.69,323.364,329.793,103.9203,732010.0,4.3,128.0097,22108.4
2025-08-04,4.33,4.22,3.69,323.364,329.793,103.9203,732010.0,4.3,128.0097,22108.4
2025-08-05,4.33,4.22,3.72,323.364,329.793,103.9203,732010.0,4.3,128.0097,22108.4
2025-08-06,4.33,4.22,3.69,323.364,329.793,103.9203,732010.0,4.3,128.0097,22108.4
2025-08-07,4.33,4.23,3.72,323.364,329.793,103.9203,732010.0,4.3,128.0097,22108.4
2025-08-08,4.33,4.27,3.76,323.364,329.793,103.9203,732010.0,4.3,128.0097,22108.4
2025-08-09,4.33,4.27,3.76,323.364,329.793,103.9203,732010.0,4.3,128.0097,22108.4
2025-08-10,4.33,4.27,3.76,323.364,329.793,103.9203,732010.0,4.3,128.0097,22108.4
2025-08-11,4.33,4.27,3.76,323.364,329.793,103.9203,732010.0,4.3,128.0097,22108.4
2025-08-12,4.33,4.29,3.72,323.364,329.793,103.9203,732010.0,4.3,128.0097,22108.4
2025-08-13,4.33,4.24,3.67,323.364,329.793,103.9203,732010.0,4.3,128.0097,22108.4
2025-08-14,4.33,4.29,3.74,323.364,329.793,103.9203,732010.0,4.3,128.0097,22108.4
2025-08-15,4.33,4.33,3.75,323.364,329.793,103.9203,732010.0,4.3,128.0097,22108.4
2025-08-16,4.33,4.33,3.75,323.364,329.793,103.9203,732010.0,4.3,128.0097,22108.4
2025-08-17,4.33,4.33,3.75,323.364,329.793,103.9203,732010.0,4.3,128.0097,22108.4
2025-08-18,4.33,4.34,3.77,323.364,329.793,103.9203,732010.0,4.3,128.0097,22108.4
2025-08-19,4.33,4.3,3.75,323.364,329.793,103.9203,732010.0,4.3,128.0097,22108.4
2025-08-20,4.33,4.29,3.74,323.364,329.793,103.9203,732010.0,4.3,128.0097,22108.4
2025-08-21,4.33,4.33,3.79,323.364,329.793,103.9203,732010.0,4.3,128.0097,22108.4
2025-08-22,4.33,4.26,3.68,323.364,329.793,103.9203,732010.0,4.3,128.0097,22108.4
2025-08-23,4.33,4.26,3.68,323.364,329.793,103.9203,732010.0,4.3,128.0097,22108.4
2025-08-24,4.33,4.26,3.68,323.364,329.793,103.9203,732010.0,4.3,128.0097,22108.4
2025-08-25,4.33,4.28,3.73,323.364,329.793,103.9203,732010.0,4.3,128.0097,22108.4
2025-08-26,4.33,4.26,3.61,323.364,329.793,103.9203,732010.0,4.3,128.0097,22108.4
2025-08-27,4.33,4.24,3.59,323.364,329.793,103.9203,732010.0,4.3,128.0097,22108.4
2025-08-28,4.33,4.22,3.62,323.364,329.793,103.9203,732010.0,4.3,128.0097,22108.4
2025-08-29,4.33,4.23,3.59,323.364,329.793,103.9203,732010.0,4.3,128.0097,22108.4
2025-08-30,4.33,4.23,3.59,323.364,329.793,103.9203,732010.0,4.3,128.0097,22108.4
2025-08-31,4.33,4.23,3.59,323.364,329.793,103.9203,732010.0,4.3,128.0097,22108.4
2025-09-01,4.22,4.23,3.59,324.368,330.542,103.9203,732010.0,4.3,128.0097,22212.5
2025-09-02,4.22,4.28,3.66,324.368,330.542,103.9203,732010.0,4.3,128.0097,22212.5
2025-09-03,4.22,4.22,3.61,324.368,330.542,103.9203,732010.0,4.3,128.0097,22212.5
2025-09-04,4.22,4.17,3.59,324.368,330.542,103.9203,732010.0,4.3,128.0097,22212.5
2025-09-05,4.22,4.1,3.51,324.368,330.542,103.9203,732010.0,4.3,128.0097,22212.5
2025-09-06,4.22,4.1,3.51,324.368,330.542,103.9203,732010.0,4.3,128.0097,22212.5
2025-09-07,4.22,4.1,3.51,324.368,330.542,103.9203,732010.0,4.3,128.0097,22212.5
2025-09-08,4.22,4.05,3.49,324.368,330.542,103.9203,732010.0,4.3,128.0097,22212.5
2025-09-09,4.22,4.08,3.54,324.368,330.542,103.9203,732010.0,4.3,128.0097,22212.5
2025-09-10,4.22,4.04,3.54,324.368,330.542,103.9203,732010.0,4.3,128.0097,22212.5
2025-09-11,4.22,4.01,3.52,324.368,330.542,103.9203,732010.0,4.3,128.0097,22212.5
2025-09-12,4.22,4.06,3.56,324.368,330.542,103.9203,732010.0,4.3,128.0097,22212.5
2025-09-13,4.22,4.06,3.56,324.368,330.542,103.9203,732010.0,4.3,128.0097,22212.5
2025-09-14,4.22,4.06,3.56,324.368,330.542,103.9203,732010.0,4.3,128.0097,22212.5
2025-09-15,4.22,4.05,3.54,324.368,330.542,103.9203,732010.0,4.3,128.0097,22212.5
2025-09-16,4.22,4.04,3.51,324.368,330.542,103.9203,732010.0,4.3,128.0097,22212.5
2025-09-17,4.22,4.06,3.52,324.368,330.542,103.9203,732010.0,4.3,128.0097,22212.5
2025-09-18,4.22,4.11,3.57,324.368,330.542,103.9203,732010.0,4.3,128.0097,22212.5
2025-09-19,4.22,4.14,3.57,324.368,330.542,103.9203,732010.0,4.3,128.0097,22212.5
2025-09-20,4.22,4.14,3.57,324.368,330.542,103.9203,732010.0,4.3,128.0097,22212.5
2025-09-21,4.22,4.14,3.57,324.368,330.542,103.9203,732010.0,4.3,128.0097,22212.5
2025-09-22,4.22,4.15,3.61,324.368,330.542,103.9203,732010.0,4.3,128.0097,22212.5
2025-09-23,4.22,4.12,3.53,324.368,330.542,103.9203,732010.0,4.3,128.0097,22212.5
2025-09-24,4.22,4.16,3.57,324.368,330.542,103.9203,732010.0,4.3,128.0097,22212.5
2025-09-25,4.22,4.18,3.64,324.368,330.542,103.9203,732010.0,4.3,128.0097,22212.5
2025-09-26,4.22,4.2,3.63,324.368,330.542,103.9203,732010.0,4.3,128.0097,22212.5
2025-09-27,4.22,4.2,3.63,324.368,330.542,103.9203,732010.0,4.3,128.0097,22212.5
2025-09-28,4.22,4.2,3.63,324.368,330.542,103.9203,732010.0,4.3,128.0097,22212.5
2025-09-29,4.22,4.15,3.63,324.368,330.542,103.9203,732010.0,4.3,128.0097,22212.5
2025-09-30,4.22,4.16,3.6,324.368,330.542,103.9203,732010.0,4.3,128.0097,22212.5
2025-10-01,4.09,4.12,3.55,324.368,330.542,103.9203,732010.0,4.3,128.0097,22212.5
2025-10-02,4.09,4.1,3.55,324.368,330.542,103.9203,732010.0,4.3,128.0097,22212.5
2025-10-03,4.09,4.13,3.58,324.368,330.542,103.9203,732010.0,4.3,128.0097,22212.5
2025-10-04,4.09,4.13,3.58,324.368,330.542,103.9203,732010.0,4.3,128.0097,22212.5
2025-10-05,4.09,4.13,3.58,324.368,330.542,103.9203,732010.0,4.3,128.0097,22212.5
2025-10-06,4.09,4.18,3.6,324.368,330.542,103.9203,732010.0,4.3,128.0097,22212.5
2025-10-07,4.09,4.14,3.57,324.368,330.542,103.9203,732010.0,4.3,128.0097,22212.5
2025-10-08,4.09,4.13,3.58,324.368,330.542,103.9203,732010.0,4.3,128.0097,22212.5
2025-10-09,4.09,4.14,3.6,324.368,330.542,103.9203,732010.0,4.3,128.0097,22212.5
2025-10-10,4.09,4.05,3.52,324.368,330.542,103.9203,732010.0,4.3,128.0097,22212.5
2025-10-11,4.09,4.05,3.52,324.368,330.542,103.9203,732010.0,4.3,128.0097,22212.5
2025-10-12,4.09,4.05,3.52,324.368,330.542,103.9203,732010.0,4.3,128.0097,22212.5
2025-10-13,4.09,4.05,3.52,324.368,330.542,103.9203,732010.0,4.3,128.0097,22212.5
2025-10-14,4.09,4.03,3.48,324.368,330.542,103.9203,732010.0,4.3,128.0097,22212.5
2025-10-15,4.09,4.05,3.5,324.368,330.542,103.9203,732010.0,4.3,128.0097,22212.5
2025-10-16,4.09,3.99,3.41,324.368,330.542,103.9203,732010.0,4.3,128.0097,22212.5
2025-10-17,4.09,4.02,3.46,324.368,330.542,103.9203,732010.0,4.3,128.0097,22212.5
2025-10-18,4.09,4.02,3.46,324.368,330.542,103.9203,732010.0,4.3,128.0097,22212.5
2025-10-19,4.09,4.02,3.46,324.368,330.542,103.9203,732010.0,4.3,128.0097,22212.5
2025-10-20,4.09,4.0,3.46,324.368,330.542,103.9203,732010.0,4.3,128.0097,22212.5
2025-10-21,4.09,3.98,3.45,324.368,330.542,103.9203,732010.0,4.3,128.0097,22212.5
2025-10-22,4.09,3.97,3.45,324.368,330.542,103.9203,732010.0,4.3,128.0097,22212.5
2025-10-23,4.09,4.01,3.48,324.368,330.542,103.9203,732010.0,4.3,128.0097,22212.5
2025-10-24,4.09,4.02,3.48,324.368,330.542,103.9203,732010.0,4.3,128.0097,22212.5
2025-10-25,4.09,4.02,3.48,324.368,330.542,103.9203,732010.0,4.3,128.0097,22212.5
2025-10-26,4.09,4.02,3.48,324.368,330.542,103.9203,732010.0,4.3,128.0097,22212.5
2025-10-27,4.09,4.01,3.48,324.368,330.542,103.9203,732010.0,4.3,128.0097,22212.5
2025-10-28,4.09,3.99,3.47,324.368,330.542,103.9203,732010.0,4.3,128.0097,22212.5
2025-10-29,4.09,4.08,3.59,324.368,330.542,103.9203,732010.0,4.3,128.0097,22212.5
2025-10-30,4.09,4.11,3.61,324.368,330.542,103.9203,732010.0,4.3,128.0097,22212.5
2025-10-31,4.09,4.11,3.6,324.368,330.542,103.9203,732010.0,4.3,128.0097,22212.5
2025-11-01,4.09,4.11,3.6,324.368,330.542,103.9203,732010.0,4.3,128.0097,22212.5
2025-11-02,4.09,4.11,3.6,324.368,330.542,103.9203,732010.0,4.3,128.0097,22212.5
2025-11-03,4.09,4.13,3.6,324.368,330.542,103.9203,732010.0,4.3,128.0097,22212.5
2025-11-04,4.09,4.1,3.58,324.368,330.542,103.9203,732010.0,4.3,128.0097,22212.5
2025-11-05,4.09,4.1,3.58,324.368,330.542,103.9203,732010.0,4.3,128.0097,22212.5
2025-11-06,4.09,4.1,3.58,324.368,330.542,103.9203,732010.0,4.3,128.0097,22212.5
