Date,net_flow,large_order_flow,institutional_flow,retail_flow
2015-01-01,609284.1426842008,196321.07785479922,3626818.2479326287,443477.9222673045
2015-01-02,387877.1597723712,-513206.07947546383,316605.4459545844,396628.9013058556
2015-01-03,-648970.7075665536,46535.19147005342,-2633448.8475483297,-262927.7253593018
2015-01-04,1064600.3112139674,521913.42035877286,623485.0488612938,212359.77148570263
2015-01-05,-363611.28690729686,439482.586898871,4037831.080985925,59788.1982780774
2015-01-06,-1234576.7286341037,-277034.3961789699,-418132.9412278171,-111561.25338381129
2015-01-07,-840670.2730775145,-70741.1287498243,-297681.3288899453,-13423.113822670995
2015-01-08,-709405.2604593469,275973.38565095555,1241729.9342524782,-125751.35060906716
2015-01-09,746472.910696255,-257719.05689136777,619969.0641716905,234249.87610383722
2015-01-10,1245799.031747638,-509792.84212528064,-1581969.5188024424,-353935.7929910571
2015-01-11,2170606.338017251,321911.4004968979,146558.86521419234,112789.10192435567
2015-01-12,2179870.3074408225,414245.5472890321,-2226934.491825607,-109300.05378695404
2015-01-13,3050081.7389061684,710348.5052784317,-6444906.784956036,-243423.713722206
2015-01-14,3248174.962472649,109448.59636230808,-466619.2195290653,-76533.30554069231
2015-01-15,1657627.2288034093,-509844.00104007113,-5076312.541004414,-214445.71129730888
2015-01-16,2014562.5648646636,692095.557617315,-3136438.9974475326,-150959.4128904968
2015-01-17,1795064.383120315,538649.3783753957,3205334.041113443,435609.13429651846
2015-01-18,1521304.4479001965,-666303.9676132379,-1679746.0854746937,-115550.08211496126
2015-01-19,858324.8534934255,427941.6549370131,2144986.2274763905,-205068.6877840695
2015-01-20,1467952.8189029167,586881.8434841061,-972525.5889310028,243038.86263859714
2015-01-21,1587881.4650892967,186697.97046509603,1107777.740087426,-14084.734546829286
2015-01-22,2908767.9135433408,-220501.5314381856,-1944402.0210867156,-260291.80580179679
2015-01-23,3177035.349434296,743509.8112299449,-916286.6345522507,79691.61701031457
2015-01-24,3346612.8252065578,-116230.64660612507,2493141.5212998586,-309719.8333139945
2015-01-25,2110503.601933825,-245037.81818085688,-2418666.889297314,-276946.71727948036
2015-01-26,2244953.5391650856,-677439.2837096144,-328050.0971555465,-598970.9980819211
2015-01-27,1840208.9546067084,888016.4665439351,-2589984.6497542444,-159130.82643686654
2015-01-28,2135255.5898433262,905495.2990146395,-239096.76020278694,-474447.2041780889
2015-01-29,2967443.7240763465,-304860.3867190885,2606445.186116169,375709.5994071208
2015-01-30,3380373.073825646,-253453.91282435876,3206216.2504353714,-112083.44528068394
2015-01-31,3704113.9489129134,-712171.5579922888,-2871073.1781557216,-194374.58515228677
2015-02-01,3968723.552391296,-156975.8923883873,3054847.311578999,-36106.34614734905
2015-02-02,1802808.2566931024,-528418.8520048159,-2802837.4169997294,38661.99264827275
2015-02-03,2086358.2084217423,-858575.0485074144,-534522.5167663696,282976.0072402867
2015-02-04,2131528.186242325,889742.3306695938,1029195.2768889854,18115.870961251185
2015-02-05,3019603.5539941825,-148227.2050278829,-4186678.103876918,-696735.4427081745
2015-02-06,3950702.1139930496,-1071252.4779139438,-1542031.9449188057,173477.84760842044
2015-02-07,1493341.060843016,108402.45994384678,17336.05353145837,393225.94178746385
2015-02-08,747093.5251409924,-190307.5036368042,-1038685.2665916769,165957.44203896183
2015-02-09,309966.1184307482,702278.4886833747,1470860.1523085295,-540368.2412656528
2015-02-10,37312.70212414296,241861.88748162054,-108161.70143013568,-266836.08979457873
2015-02-11,-1184494.5895451203,1094062.768129458,-2576975.0363776884,52162.003867723746
2015-02-12,-2061370.297357077,-163361.1228427746,-1982795.2916756377,511958.8746635082
2015-02-13,-3357795.719584588,-543006.4780354558,3427104.4774222383,-158007.85978263066
2015-02-14,-2941306.0866286755,85981.3867528232,-218751.24104895495,-319208.9412652815
2015-02-15,-2106671.115432069,275339.71895436855,45081.99872507941,32064.020015878777
2015-02-16,-3292060.7106770715,92709.79937169189,862823.2386796968,209308.36814219155
2015-02-17,-3138436.4084361414,231796.85062857956,-1167242.918018,-218436.72272332717
2015-02-18,-2522081.935741245,142927.69038109155,1090965.3222681328,104400.03452595303
2015-02-19,-2842365.5497280257,-515572.26080684527,1671761.3018827215,85357.57179939433
2015-02-20,-506570.85935883364,-280637.9387408599,397131.60141933896,-215744.6446124966
2015-02-21,-1073643.4838744372,-463885.1648080386,-2237319.6117831385,-136950.07237831515
2015-02-22,-2790076.787433047,-55720.012482262064,51181.90264251493,113106.4836465485
2015-02-23,-2014673.0625421314,385723.85430917743,1013124.4114282791,-224145.59265568896
2015-02-24,-1652473.9288734463,-539787.123266034,-1023084.8965824968,260861.2655869199
2015-02-25,-2081527.5060901514,-580835.5567958833,843560.0287488529,-26877.605782195064
2015-02-26,-1794572.4631163212,-247804.5050408091,1147408.5138221509,187299.0604749622
2015-02-27,-2333214.9903377295,-636070.4711485752,1257452.3470809585,-216387.03232054136
2015-02-28,-2236646.363507059,-402077.93804064393,-2121377.6109771556,-152651.26695295607
2015-03-01,-3159954.6253000298,573625.5110302365,65126.70413856453,252349.00270149417
2015-03-02,-4855734.881766767,324097.9941760473,2528296.6650533127,176698.36000309963
2015-03-03,-5478720.214073981,63839.598242343876,1168507.569406251,117815.35880071406
2015-03-04,-4415459.052533122,-907199.6099222448,2155407.87261855,-339627.26568343316
2015-03-05,-3431123.6212611548,39001.74417606023,-318253.8983292632,52664.62961665249
2015-03-06,-2588133.437059303,-521913.30792208004,-1895221.2680793356,238558.10747260525
2015-03-07,-2005260.9630879033,328487.8227828218,-2523347.1171015655,-440484.6848669871
2015-03-08,-1822978.807268671,-404624.6810252388,-126125.97372484715,-421024.3432172725
2015-03-09,-2060446.516711964,322950.4332445391,-140396.3316775308,-296767.5628036812
2015-03-10,-3084408.287313552,501826.5323762917,1213803.6703160305,-592719.7267305839
2015-03-11,-4121311.3962005363,150354.42725352626,451344.6835701757,-15888.35153749629
2015-03-12,-4888743.730432739,758749.7999894528,-1134759.7432700999,199738.41357246612
2015-03-13,-5871094.428200431,246031.91441700692,-1080997.9472707654,-338545.18334399816
2015-03-14,-5832403.9201900335,69734.93231137782,1264908.66731967,-714359.865846854
2015-03-15,-4247681.144136327,267080.33130792977,-1352126.7765096128,-290108.9258491955
2015-03-16,-2973470.8070970327,283708.35526273656,2464220.18661652,-257164.25346787527
2015-03-17,-2506619.954196737,636041.7550289679,2528906.784632836,161653.70207188433
2015-03-18,-2189094.0604149275,-677199.0146997734,1172792.679917701,-189937.16747878198
2015-03-19,-1380133.1907445565,-341838.5329275534,-820083.4427940443,-178508.7703275685
2015-03-20,-2059957.648586432,-633502.9039000277,-1390022.777061609,-311236.73840989947
2015-03-21,-1476267.7710637162,329302.0867210446,520705.75565018505,-17570.427242331763
2015-03-22,-1749329.2544705358,304149.0723568588,2430900.610103282,-121481.1140343719
2015-03-23,-1671683.8028786562,-179054.55080397264,-1822547.117409464,280628.4472041996
2015-03-24,-1941787.8477170719,22255.667171990815,-1754028.6983491997,-412751.5529751548
2015-03-25,-3385290.181954582,-1065228.4392425406,3234182.865610825,-73014.6261668284
2015-03-26,-4152000.686848829,-693088.2985782238,-901804.9121235157,-149957.60411560736
2015-03-27,-2702370.7947138604,-227067.45435981127,-2257316.474108007,-676240.6967699839
2015-03-28,-2142268.3185641905,620475.5261517626,1027322.803291161,-20070.87635197888
2015-03-29,-3899359.8001143606,305779.4003003285,-4081942.094716686,-282301.9517847332
2015-03-30,-3898348.09128299,142053.38166081926,4333591.70825114,270913.23992950044
2015-03-31,-4751027.4179231655,642289.2827023135,3037747.4911007653,-400898.09537158627
2015-04-01,-5342214.552896783,-339107.83167441585,-1092150.7590771096,51000.4045947765
2015-04-02,-6150521.269549254,-544760.1360176904,1400290.9868947668,125180.46656898434
2015-04-03,-7042717.997255978,126790.53265282304,-3193981.4859870127,307840.8553070505
2015-04-04,-7459480.417961023,320224.9981994296,-4820974.161240491,157952.30463797314
2015-04-05,-5351251.665646665,-554661.7002586805,443757.3579254177,246926.26777184743
2015-04-06,-6029468.232807909,959022.3885297449,629165.1487759446,-413780.2659565353
2015-04-07,-6308605.438968057,146870.8260866561,-289225.0105824732,-222001.89165884463
2015-04-08,-8054481.277925699,52952.82599443981,116153.32368796009,104111.83458586763
2015-04-09,-7009293.752112774,486935.31905209966,-1783166.3810746477,-132246.7110067737
2015-04-10,-6072597.244468893,-571941.7515894292,1970566.9970208309,-315377.77861205477
2015-04-11,-7352176.805309686,294532.65110207547,3471741.5829357826,-116651.90975160913
2015-04-12,-6088510.196577391,-56646.57444760194,361967.51913861325,48688.340382581715
2015-04-13,-7031172.035436765,57394.42916180021,-2704731.3065919806,96187.18918846999
2015-04-14,-8237547.895205813,883996.7844686911,1735975.5307299017,-381570.08214280475
2015-04-15,-6687316.943421272,202739.01542276196,68308.63068749045,374445.01174218534
2015-04-16,-5744810.798502816,-283923.58820783853,528600.3412935381,-529143.5634169262
2015-04-17,-7167347.024788777,71604.90026652913,-591220.5922254695,284598.67644002556
2015-04-18,-4963551.590611337,408531.5084222449,2302722.708326358,-425815.1370838691
2015-04-19,-7011662.360674468,-476954.8513837241,-2616697.1210760693,-228589.46359134963
2015-04-20,-8315672.8030951815,-146927.08680849604,-800256.9500319551,-179677.5897843997
2015-04-21,-8456910.311759153,-1137128.6663780145,-4849245.618965448,-172926.34667519934
2015-04-22,-8978727.944617793,-189038.7726503344,918906.8632916966,-139622.30000202951
2015-04-23,-7268053.139266083,-222940.43748431615,-2678931.158077989,-78005.22257853468
2015-04-24,-6232301.160427166,-278470.6701620857,151406.4154996289,-154695.61391098832
2015-04-25,-8009987.758603157,463786.7555640425,-979798.2952161834,126313.14606156082
2015-04-26,-7157202.163694495,540439.9850435747,-1203290.9922787875,349899.2304198632
2015-04-27,-6664017.560979437,-131667.67075237806,1310992.0261320265,-398315.06631440634
2015-04-28,-6972941.331247889,-461477.8423364118,-486136.5234189494,-133227.78657842486
2015-04-29,-6679813.84600474,-742269.6913806765,-2225445.0241050725,-324777.9663753264
2015-04-30,-5879986.817652381,-686335.1637541187,167716.64887065775,-50680.60980563777
2015-05-01,-6890548.314860382,209949.98549716384,-4156870.5038071168,-161658.40415106938
2015-05-02,-5481792.340779368,-1600519.9051149169,-2214331.8871498797,112296.61220883604
2015-05-03,-4634362.618928661,-109303.79708007249,-887878.6482810186,412229.8495760599
2015-05-04,-4709214.368884912,-847473.9301592684,-3876932.009370277,-10571.535586811238
2015-05-05,-3843564.736946061,190063.97492100717,8443.436369058849,572513.3844439278
2015-05-06,-4550218.243750097,1083436.4484880026,1618407.5106215863,-335428.42887369596
2015-05-07,-4507499.22636867,-729903.5708877159,-760566.6070784195,6448.621439321951
2015-05-08,-4215813.038548829,777473.9527734737,-1099061.1231809761,-179188.53066615548
2015-05-09,-4094030.7595925983,2975.8862678992473,1191955.920431527,-289125.449012549
2015-05-10,-4626324.33156895,-560667.0506399452,-168004.96135355567,-85217.93639427522
2015-05-11,-6487518.712499119,-81443.90445256727,-185843.19419169056,222225.4468909984
2015-05-12,-6619570.867266951,265924.49332020787,2460107.081240496,565642.0338212226
2015-05-13,-7751886.718626486,648451.6612027707,-46883.08859582577,-279549.0403939105
2015-05-14,-7249736.70373016,523214.25790076616,-535988.2653319584,-959151.8418247807
2015-05-15,-7969302.846057968,723566.9686367029,-1726471.9619461587,245119.31246938213
2015-05-16,-9612752.92118183,235394.89213747138,-3315641.1834542695,17869.60330769495
2015-05-17,-10668576.072135134,245460.26699907533,155806.73503704715,-105241.92015344306
2015-05-18,-10588796.637446895,-358825.38159836706,-1353773.9836100158,-342893.0660667078
2015-05-19,-11047127.230953878,-658299.6457830066,366523.82230785175,-286135.7246849991
2015-05-20,-10825034.871017518,-306587.4358890672,-3881341.401527218,71772.4776773339
2015-05-21,-11544623.55689226,88577.35144521439,4090498.5153660337,514952.462303802
2015-05-22,-11400719.851360077,161615.94661264983,-422130.48298460915,-131871.61582534903
2015-05-23,-12522899.116039485,97259.49066400556,-2987207.330106421,179138.17630259236
2015-05-24,-11730093.567959588,613006.2410597592,206048.12148423295,-491472.2008491523
2015-05-25,-11525128.773818154,-81604.3999083405,-51455.2361500524,261686.14293760178
2015-05-26,-10609111.196255974,-148641.2938597354,-340674.91703800706,157108.87241056978
2015-05-27,-10946792.907992957,241049.71011720854,244645.37418341782,-528394.761281571
2015-05-28,-10190242.500645375,77932.87490564275,-1784882.817184915,64119.00878197916
2015-05-29,-11439798.537060946,-356600.25195992383,-242328.91512789228,-391973.3761543256
2015-05-30,-12308802.319918543,-317070.65759199753,-1932559.633554478,161783.5915267266
2015-05-31,-14209601.122324178,-242204.7040084646,-670054.2998636065,584635.2804674003
2015-06-01,-16110602.247229332,204548.77405384078,987343.3122191092,-23095.889200865156
2015-06-02,-15067081.021960316,580944.5382772092,1187309.033293705,153319.110976711
2015-06-03,-12855190.85024125,599976.3422060845,-1342946.3309149921,231478.7141121192
2015-06-04,-13125689.826569222,-991663.3607453683,-1564819.2906154685,-399487.0468680309
2015-06-05,-12508972.994323943,36610.10660866428,-409223.18496332434,196794.95054962017
2015-06-06,-12864556.071086023,290435.1101004999,-379412.9173444998,-436682.02888950286
2015-06-07,-12877262.867800584,-14305.645821379168,-2012177.1441187856,191401.97047226602
2015-06-08,-14520205.048521418,-134217.05639308738,858967.6681005096,223363.23987735668
2015-06-09,-15136133.362308191,570301.0635420643,243447.61239716184,-217743.47769423196
2015-06-10,-15776420.120671054,684800.9495354326,-3589456.8801066168,-170923.77175520602
2015-06-11,-15396236.49109351,84062.96278926736,-1684827.9603306449,-301063.97769068164
2015-06-12,-14611303.273105755,474626.2768496126,1174993.7262090293,-40172.38435046615
2015-06-13,-14955619.076741112,7630.402530070946,-1312722.4382063062,-292462.81630001595
2015-06-14,-14006121.949626539,-856514.6006345163,-3203135.9682188286,-174159.81548236334
2015-06-15,-15611490.583831647,-171883.62386423128,-1975531.6417844903,-508647.3509353522
2015-06-16,-15340381.920228975,394052.73648803815,-3532410.139022017,147063.42601544724
2015-06-17,-15716408.047403572,-82389.23851057237,-3458042.546617705,710498.0074815875
2015-06-18,-16262328.908792356,11648.39850512153,1822342.7449806465,-547680.6961032982
2015-06-19,-14741046.675857922,661250.3120112581,-3398799.5729886917,11195.437881862894
2015-06-20,-15498735.052815199,-240910.6451309359,-616975.7065139671,61755.17824590018
2015-06-21,-13653495.562144846,-497619.8168535913,1266342.4086220746,-389065.73115309165
2015-06-22,-11716994.364662,243100.83486019165,470983.5230830568,-39454.38594232986
2015-06-23,-10613625.158094887,-512715.6114454936,-1532593.2847855226,-75865.62944414887
2015-06-24,-11095411.395230811,730900.5314291964,-2052470.783461909,160274.22875214965
2015-06-25,-12217444.854378538,200221.99549250174,75355.11143840461,-179101.99500569043
2015-06-26,-10888444.646077188,233588.8165880746,-945188.5020346105,112790.78640841643
2015-06-27,-10620359.29350491,544540.0995152354,-1077550.3090668346,101724.2314490342
2015-06-28,-9701348.612028254,-406581.31449712673,-250065.5174911422,-444255.6231573834
2015-06-29,-9212024.274288274,313074.86713518156,-1952562.5109745204,-170627.74888272677
2015-06-30,-9962430.12873773,126396.17114489488,1966778.5023119645,-335456.6950769447
2015-07-01,-10286349.771034613,-120946.48862928247,1103658.5653666116,-301603.0398044339
2015-07-02,-9229811.018758573,167732.98789501272,2956728.9115769556,-421672.21037356637
2015-07-03,-8926170.544338852,-618477.0442978735,-1580407.0817117332,-206391.9221091049
2015-07-04,-9127871.316100188,529377.9163873234,1109744.9526859885,-199246.259772503
2015-07-05,-9321247.436777486,-511649.6120024304,-282331.3493349679,276609.67865516647
2015-07-06,-9945460.477170251,-122403.09577443756,1320480.1189589004,-21522.730343787884
2015-07-07,-9267389.574808484,-330928.0344748395,-1047960.9123521711,311334.27503731835
2015-07-08,-9821209.935075888,-101724.92566685991,-1584153.3607625733,-277477.21126687946
2015-07-09,-8973086.560413709,393821.3242192485,709792.4075971739,20527.172391372686
2015-07-10,-9956246.288348183,-14244.659839224329,279547.4321586693,-208617.53636456231
2015-07-11,-10294707.553853609,163724.08451051728,2461602.7907479513,28913.559959210666
2015-07-12,-9675363.537021343,-401660.47969774663,-1658313.3620531221,516055.7250538522
2015-07-13,-10488117.24948447,-267052.2163463296,1671532.497520921,-354086.33616671595
2015-07-14,-11677738.682361513,400032.4938469718,-153495.60155683616,-68206.56101223134
2015-07-15,-12147750.658584595,271261.2159191505,-37874.7961345684,693132.1988624439
2015-07-16,-13240239.810932044,760112.3819701303,-1507606.0113696614,-88475.84483284323
2015-07-17,-12508687.78190022,505118.65076639253,-2578318.7016405677,88922.60567337267
2015-07-18,-11494186.013606282,-46216.81980553403,-5974038.223551956,-270473.8888297947
2015-07-19,-11737328.147452604,-590345.7723145796,860402.243437569,-464527.4035409225
2015-07-20,-10434474.508676797,706504.2411086037,-660463.785237431,-287730.8724065151
2015-07-21,-11260335.607089536,453510.34910734394,-488489.3217472945,-47970.38934555114
2015-07-22,-11029895.935424242,82458.17682677042,1962651.377264595,65654.13306860079
2015-07-23,-9549567.950898891,-693003.6954579288,-779416.9268304115,46599.041122215676
2015-07-24,-8002476.196263292,219043.96629797926,-311851.19074245414,-315242.86556270975
2015-07-25,-9692247.45060921,789569.6080015502,-2101951.6204824196,233352.22957136828
2015-07-26,-8845925.26707545,-50957.32190467576,1231042.2969711772,171749.41096670766
2015-07-27,-8504731.848516097,-679273.8260696988,1380582.2610483153,-138209.73916400017
2015-07-28,-8538968.125734996,-143820.3843627263,-1327745.257617514,-1066.0556087881928
2015-07-29,-7740628.012614725,-198770.98273772962,-654088.8103422096,-29211.325524638985
2015-07-30,-7110889.509789233,169113.2431038841,-714733.3971560716,339545.31387534237
2015-07-31,-7300524.712794266,896615.0998274516,-393351.0891394895,-404080.89813579107
2015-08-01,-7096801.633010179,-480861.7169920461,-903536.5025088743,-40510.44009219
2015-08-02,-7558574.954723559,1221320.3887511836,-614651.2151437011,644852.4319670645
2015-08-03,-7996235.947222567,-414612.6247200051,-2508498.6591311116,69246.22804964078
2015-08-04,-7679537.134756877,168255.48272913208,1936524.791865005,319577.74538247084
2015-08-05,-7949849.758510845,-469236.9053412303,229848.90551966513,-399256.13337894814
2015-08-06,-9604028.36931359,-141302.7587838768,-3108484.6578604416,-111382.53891537712
2015-08-07,-10910920.813735593,-497520.2659843796,-2084314.5393142083,-640989.2857468637
2015-08-08,-11882399.214642085,170942.4274859704,-1240490.1426579768,-304759.8040114237
2015-08-09,-12717632.8162922,487160.8524286335,-790336.5503581109,23245.554591157907
2015-08-10,-12523068.711179506,722334.6763489674,-2020824.2393377968,236827.61138257151
2015-08-11,-12434943.720113242,-691935.8598016942,1388750.546736613,352432.34993094014
2015-08-12,-13543810.680068605,-117898.55696418455,2343644.693949494,68014.20290318661
2015-08-13,-15020792.965155983,-282256.92805181857,350266.1149916084,113817.01739779246
2015-08-14,-15592452.289390549,-22004.72509037742,-682327.4941028404,-491915.46079338295
2015-08-15,-17734811.10853225,15050.884434549933,1150789.2572698838,513568.03264317027
2015-08-16,-21224491.789268956,226227.09357036545,-335599.75108288793,123216.35372351347
2015-08-17,-20189160.484267592,345191.8081322925,-22107.78354703623,-273520.60424196726
2015-08-18,-20427943.34309712,1078599.5595827494,-2170073.523407899,-7465.797391743136
2015-08-19,-19106891.67640577,523772.81734275696,143575.91770001152,104228.1272033639
2015-08-20,-18133195.80151145,46678.558139022054,-1758993.2790275693,-534424.8341023009
2015-08-21,-17601504.405215908,78818.75738544551,2054639.0984276973,-1386.951084108812
2015-08-22,-16697135.225541502,-509630.07518648915,1623410.3525527772,406594.40787705546
2015-08-23,-18536446.548645552,413790.484009469,1833734.6459971026,243029.12044175708
2015-08-24,-20067259.585601676,5596.930468484023,-163160.93096942457,155759.43554707392
2015-08-25,-18176507.15955041,-266528.2513823574,2044665.4206763424,216691.53524179047
2015-08-26,-19306319.305249188,281880.7597481131,293548.7040591341,197702.116656416
2015-08-27,-19292732.99564002,-83935.97713480738,-3953585.80338497,-430194.7234189259
2015-08-28,-19311711.77544644,174048.26697529762,-789016.415037294,338627.50770416326
2015-08-29,-18864026.21021478,-332919.21055932774,-1380731.868631536,-150841.2389240725
2015-08-30,-19524212.375501767,-381985.45763838943,-1718751.8416383357,-236950.02853673365
2015-08-31,-19289661.356516715,626193.7872960845,77063.24620030112,174218.67765290622
2015-09-01,-18896497.442617606,-367806.8084868824,3554705.8450511694,-22488.56608756325
2015-09-02,-20927580.986315563,-44191.320236414096,-56984.21976153712,33518.02921377879
2015-09-03,-20421816.825081304,-586732.9379862441,1432149.5627887945,139859.8303036252
2015-09-04,-19094573.238295726,46479.34419831135,-490527.27899579454,185278.81419118523
2015-09-05,-18570986.106995463,-227235.42510944576,2626410.523067874,690565.5495875541
2015-09-06,-18476806.735420734,415605.6160273604,1141042.973739802,-441572.1738227013
2015-09-07,-17148523.23223457,-3225.191668214639,-507042.70744392823,-46188.7018600213
2015-09-08,-15961847.403165435,56515.14885403391,-1535979.2763317716,-493742.8031757214
2015-09-09,-16305528.03417491,135202.96629940352,-2937321.4438704485,-621709.5802774298
2015-09-10,-16355024.523871448,-276401.2678585413,-2491300.7723350567,241383.9847689578
2015-09-11,-14970337.941951238,-544125.6696752716,1678740.1511902697,383677.14107372693
2015-09-12,-15051060.167060368,789234.491539653,-3574023.3933728724,-166689.28025224994
2015-09-13,-14219315.051795352,249720.11527636813,1051523.4876220466,-57892.851270624866
2015-09-14,-13022567.708226055,242784.1144444946,-949146.8629923408,-458089.5224399452
2015-09-15,-12229537.992540402,-594574.11101943,-208145.89334599866,-136037.4506106404
2015-09-16,-13112696.21481932,531559.7202703676,3591468.4531719456,-187567.29675697867
2015-09-17,-12065567.565300079,-579802.2508429019,-2164938.432663676,79453.45449638678
2015-09-18,-11047016.807607858,141742.42874532143,1491022.324505734,487785.22100330633
2015-09-19,-9616883.584023643,-453379.6562090958,3370033.770608776,138310.20101270507
2015-09-20,-10095447.37364589,328027.53143372346,-3704248.893736647,413944.00218553067
2015-09-21,-11116280.930934502,-60315.73931728604,-698072.6041635383,278775.45742164063
2015-09-22,-12255008.012841567,-1222709.5005136912,-2961364.678151467,-146888.97362937007
2015-09-23,-14318431.041425042,925090.9033257908,2337718.956361986,-221263.6204486244
2015-09-24,-13777051.993917493,-43895.334342694696,-992514.5808248069,-235658.84648902572
2015-09-25,-12804756.449460981,308182.79003490426,-1326588.5814196607,93400.81454570929
2015-09-26,-13018294.773091264,432610.7170871378,1459103.4045748173,-34114.359543698236
2015-09-27,-11954696.106479712,1304954.7848507573,812796.746079101,-303801.3029381127
2015-09-28,-11886139.87955562,-280744.4765598758,-2713798.4265909414,-414552.7033546598
2015-09-29,-12730333.575347735,-791300.969377896,2057185.2042115352,-245284.49005001222
2015-09-30,-11788892.468947567,81732.78147265433,2099278.6532275276,193622.5122340197
2015-10-01,-10135416.23714962,-319219.57460526814,-448941.2975315305,322797.1566157133
2015-10-02,-8914169.77114292,-148866.02829463664,-696870.5884208883,-139952.24428049717
2015-10-03,-10237845.925066877,176335.0187217759,217447.21183305877,130703.56698646644
2015-10-04,-10101686.900355851,-92418.42729659095,938534.9558766553,-200779.87268292235
2015-10-05,-10484449.579579119,-794457.5842812499,2520553.4327820037,34642.377299888234
2015-10-06,-11078211.484783761,-490144.53590299137,854541.6852405029,-262828.9047225465
2015-10-07,-10352533.275508218,-1102642.809383188,3316781.64061081,275646.59736168117
2015-10-08,-10022407.465087565,-149849.2142688569,1593412.6514218766,254498.07913237033
2015-10-09,-9707719.620734654,181509.0441205146,1550117.477263159,-603138.5138902221
2015-10-10,-9733512.472607572,1100033.0278661493,-2823348.3569074557,-208484.54728715797
2015-10-11,-9255218.279318424,-1127305.184362439,2716187.706531083,-281162.9522371527
2015-10-12,-9666120.637226777,-122546.4454542315,-47937.50107009038,468118.36908758443
2015-10-13,-9682421.796856256,189449.1260458085,-840644.8848282644,-238387.36144047126
2015-10-14,-11027819.09817546,240025.49919409511,-1305758.5357253465,-55148.423078155836
2015-10-15,-9900886.996569427,177208.04600395737,-159099.20137710834,-555483.2905055168
2015-10-16,-8776604.225029245,47412.73502481631,-3216213.8929576674,188579.02073478122
2015-10-17,-7392931.125428906,-181312.70975675082,2074082.6999006649,323266.60081937193
2015-10-18,-7196931.005455451,-59941.63829477434,-1311537.200876721,-373960.47625654
2015-10-19,-6246023.95683094,-702716.1291733114,-333019.2408025233,-563498.1317154905
2015-10-20,-7393685.307368044,244952.82286265897,1217558.9880521554,-214313.10578571248
2015-10-21,-9053073.190584816,166688.47247606568,3308249.682798634,246904.15002096712
2015-10-22,-9811823.805973956,194513.31649433504,1559035.6507375378,117959.8694221721
2015-10-23,-11103488.141340548,-723721.7291810951,-426962.22262495523,225778.43462204764
2015-10-24,-11046723.69936103,460746.10891466175,1489483.3550533124,-203319.65076259268
2015-10-25,-9244843.060800916,-341194.833442301,-796130.0284619307,-108605.16058221002
2015-10-26,-9137933.53722593,-193591.03284400373,851064.4366032811,-569341.5397693412
2015-10-27,-6325703.836780408,-490399.7323819875,559255.905840967,301703.0002688758
2015-10-28,-6867175.122059588,22755.275743046575,3106390.8202990997,-186071.47711168253
2015-10-29,-6904538.531951666,623828.2186572658,-1258947.4269105985,89252.6137822481
2015-10-30,-8211337.880511943,-491563.2772973804,5019817.239343259,702630.0484312697
2015-10-31,-8620862.238770492,374017.1479936844,-2891086.1209847988,-35210.93947253184
2015-11-01,-8374010.374232586,131827.9191431495,-2703006.1911983406,449493.1256512106
2015-11-02,-9924551.355538027,686893.0757499601,374167.2426401902,16392.93416072027
2015-11-03,-10204392.807787957,-3025.9526645125916,1626072.4951107998,290194.5051587504
2015-11-04,-10048335.888758142,79856.52519407375,1008650.9210769583,608240.0178737437
2015-11-05,-10706920.233920122,109785.64291800979,-1659813.1233291058,223958.88899485857
2015-11-06,-10324903.310491547,239583.70169078166,2491573.835111247,37498.286411978675
2015-11-07,-10855382.415949417,-1205672.8480734737,504069.4406517043,687945.59208437
2015-11-08,-9397926.092165217,-164926.8936206627,528990.6627843104,5603.433693884889
2015-11-09,-9051897.716717338,137972.27299923103,2848669.1847694786,-410427.85186394997
2015-11-10,-9934668.88815986,335207.03381799685,-2374707.117294753,182927.71860645068
2015-11-11,-9251538.000248237,-410371.36472239706,-554073.0090529829,22779.525647287493
2015-11-12,-9521860.702471318,777842.3769647378,1381981.7605877959,-166949.2770214098
2015-11-13,-9365134.27207381,75722.05525717115,-407139.7878364886,-183917.75750019163
2015-11-14,-10747655.844822966,-263586.6708587086,1275322.7149239534,-371813.2010636561
2015-11-15,-10130725.757725665,-629310.0058959717,2805714.1005371287,-306104.71428839624
2015-11-16,-9475205.892799046,1105606.248295538,1980531.9094488784,-117101.37567221612
2015-11-17,-8212777.987336274,-686594.5107683965,-983212.8617166787,-492011.5994998428
2015-11-18,-7845392.195122797,-304860.9551870385,-504069.1795357295,-204556.22120324065
2015-11-19,-6488393.366402647,-468095.6338051243,-5680949.048621943,311109.5438997901
2015-11-20,-6509075.1628477005,-168859.0094853557,1165240.2783674593,374996.9461836362
2015-11-21,-4887528.552657694,683906.9179416824,-2560546.749073492,-22832.18554548067
2015-11-22,-6414949.1753555145,-363486.4672238562,139123.08547860692,42265.17732942764
2015-11-23,-6780863.278727143,158367.06083934417,-2185882.277122626,345462.9858829325
2015-11-24,-7163292.738216399,74535.38252391451,363397.2431011934,-229664.81072906064
2015-11-25,-6752220.763587313,149581.26698344623,-715895.7735320341,-107883.79639883724
2015-11-26,-6524749.800636514,177723.35852147438,2867620.7576695574,-40517.04159258095
2015-11-27,-7534149.603876627,-386167.3638996077,905721.5718988882,283954.09179831756
2015-11-28,-7234737.875322584,-528819.7625818446,1786689.1959948828,-123076.69393790343
2015-11-29,-6649528.258561009,-732378.3083028259,-820723.2052232866,15775.724780096638
2015-11-30,-5622880.580529631,-247621.61272817457,1581524.3079553829,-489559.5846681241
2015-12-01,-7542872.997023018,-854006.3297596924,289875.98142085236,-240536.24591144943
2015-12-02,-7025010.495652077,-209954.2050976037,1281524.9418342693,74040.68461039885
2015-12-03,-6243831.357479482,-104500.94463384774,-1654286.341469535,199043.06458538352
2015-12-04,-6255561.038031002,804612.1345815916,-3543288.451827428,-612942.8261614953
2015-12-05,-5862584.386787608,93579.78515711766,188818.27034022292,344326.57086882286
2015-12-06,-6393558.3878306,-461493.5052035625,-1559468.237303802,16501.651968068996
2015-12-07,-5588225.285810727,436223.6412656372,-897824.0418479135,122106.80937826977
2015-12-08,-4422582.871675415,-946320.5535411941,-1636964.9288398384,-262783.09159785043
2015-12-09,-4557615.717304229,-931332.6474689328,-538167.1172416328,-97241.36129963551
2015-12-10,-5629425.557934677,246644.33236704028,2717617.3837748654,108826.22925977522
2015-12-11,-6137041.305719629,474987.2901066175,1169481.0001419925,-327063.9314610522
2015-12-12,-3991269.4893116765,-297119.4764576228,2276764.311874421,-200158.40543948705
2015-12-13,-3491928.342492677,188542.85707228552,189206.62864088002,-179599.55883051798
2015-12-14,-3453571.7533860523,374728.86749954236,3747457.9616343747,-18907.678077597247
2015-12-15,-4623432.687846435,280490.97864280926,-2088962.6453397577,-569931.6492235552
2015-12-16,-5479309.950578412,-1140418.8937984193,-518382.18598835083,-240793.59186954022
2015-12-17,-5781118.780927926,-253888.79957175264,-628044.5918645235,-348307.7264862015
2015-12-18,-5374235.661824513,-903334.2157603047,-1439966.7777307674,75253.57776849624
2015-12-19,-6101073.489824899,-300992.23028563685,1206616.882832934,600847.6215849944
2015-12-20,-5658788.782998206,-92254.96215938572,481329.5974800385,571060.6419822418
2015-12-21,-4598317.807265488,206964.0583985656,-1662125.40367633,217143.361857514
2015-12-22,-5026424.827100858,-119982.56903460485,-416185.9184660471,514089.7874274461
2015-12-23,-4803443.48713429,91605.51384867991,4241380.620454883,474148.96474130446
2015-12-24,-3971129.0374530572,189586.14855653484,892842.9304109446,66429.67322980735
2015-12-25,-4350386.957215643,-738472.6287900617,-2282577.045474002,113211.38688221322
2015-12-26,-3211133.6461807573,704379.7033454718,-659148.4647914417,-15296.96336648646
2015-12-27,-3177028.9988515405,212860.29320180736,1319334.5226038403,16016.366043197084
2015-12-28,-2742618.6350443396,-5917.248328872225,-689013.5217367639,121656.8849985142
2015-12-29,-3165040.5688644564,812685.0737365097,515762.2078619223,66348.16979288292
2015-12-30,-3477226.333257618,-479211.20936659374,-85112.6624083004,-222894.12198439997
2015-12-31,-3680923.2150894096,344101.37169030396,1420405.9951723272,-573568.7723448772
2016-01-01,-4756744.840356426,174702.5630109082,946378.8427906986,-277939.66107082163
2016-01-02,-3870614.5323693855,-824772.2880312363,-1687791.509656499,-428428.3125765781
2016-01-03,-1936244.7852925463,-230585.9062158374,1652671.6334652815,304824.0926595922
2016-01-04,-2333742.506018976,-157866.08545050328,1598395.0923800305,37255.60061796883
2016-01-05,-4079120.2618620675,367076.3721741966,-1197010.8928871048,-37702.1455793853
2016-01-06,-4941367.750218116,414713.4650598193,-927420.3015431331,397494.3769282693
2016-01-07,-5353971.656582537,-1164954.6276550642,-1058224.6585774797,-718372.5486177966
2016-01-08,-5488601.081821047,337289.05717511097,723316.4181626408,286866.1492061044
2016-01-09,-7517894.361227561,-669329.3995339222,-229360.54197409184,-318680.95929974876
2016-01-10,-6956250.034324723,411350.1283164816,1519633.1499116232,-314903.04159074236
2016-01-11,-7418063.616339738,269393.7511160817,428900.2407959935,6436.53997454648
2016-01-12,-8660554.566005645,-110734.71295458193,-13639.880529299862,126329.9289628768
2016-01-13,-8974323.349098884,-560062.1731308856,-1230407.0847191492,358139.12921013194
2016-01-14,-9820014.896687761,369663.93425597023,591460.6821847653,-72153.02655846527
2016-01-15,-9173921.877390347,-524404.0439543951,400693.23080215877,106961.82926339819
2016-01-16,-8930478.33137495,999288.1329868708,229594.51938833806,381428.63390133664
2016-01-17,-9033036.75771965,-1203739.6297164403,1706517.0038490228,3644.6882958955
2016-01-18,-9276312.957424674,176480.0178019242,261811.6556521486,43315.67089659664
2016-01-19,-9035937.799473792,44909.81281014985,1499154.2859385954,-127678.84117837185
2016-01-20,-9717194.722664965,-897978.6698596439,-893443.001177672,-17444.044790710916
2016-01-21,-9483058.052717967,-973021.702037685,-1226812.9952395752,-34620.90030345652
2016-01-22,-9888290.373769064,893358.7882806251,-503046.9531533158,31188.14813326979
2016-01-23,-8754688.795038672,-232761.71664798027,-1910483.6550971116,-207920.5594327054
2016-01-24,-7532379.447260262,326679.77684193995,1516166.822333739,143468.20489896982
2016-01-25,-7075387.088392613,-485204.2708357692,-3139377.026656554,-120704.6776158623
2016-01-26,-6634077.985706406,174139.24369431796,718676.4337040669,-237775.46771875865
2016-01-27,-5847278.117230561,425950.51295631635,-6301313.9844671255,252606.1113541714
2016-01-28,-5862552.282775961,-138419.00992828186,2687226.0920226723,263047.324148579
2016-01-29,-5889656.981913331,-166846.14663995255,-4008532.7173039787,-205583.98420988818
2016-01-30,-6425806.016874278,320553.65651036234,-2915689.944519005,-499561.17466488725
2016-01-31,-7847305.9449812565,-655761.3183475622,2249931.632873634,500185.51774419955
2016-02-01,-8339926.980314097,-734884.8322709289,3147958.2501998637,-1222.7599976555414
2016-02-02,-9357999.956914086,-541918.1141674106,-576740.7264572164,-499971.79749191453
2016-02-03,-7990986.646547293,-984229.428824696,2899772.9537292197,219137.68681403014
2016-02-04,-8635028.32203796,413734.1697146983,2080285.4785319895,-476457.1143249998
2016-02-05,-7150210.277264301,134180.7205539467,-3688478.0358531065,159653.31841013118
2016-02-06,-7214281.185601068,-199879.47405437953,-682604.7028530036,-152093.65769160376
2016-02-07,-6364552.482829731,-267750.10152717674,-419611.0034040776,198602.61677290307
2016-02-08,-6941679.328400781,-61617.78760973318,4912524.693351617,101508.98117646505
2016-02-09,-4788436.162253298,480337.8723974635,150527.14167508448,187275.1225849726
2016-02-10,-4316040.884774544,123053.0689792025,-4748513.622530708,178756.57775288873
2016-02-11,-4832759.242294338,-432160.5204353456,-250039.46287612067,361047.95791305753
2016-02-12,-3948155.731299566,94774.77022580896,812386.1247663758,-264553.10093589115
2016-02-13,-3541045.819553133,70323.3974318823,-29255.102617295077,274077.3673610287
2016-02-14,-4219672.514824699,347439.7476916975,1022487.2728896033,-68313.27004409565
2016-02-15,-3947635.936792065,40227.442574829605,-295771.31694688235,498235.8261822523
2016-02-16,-3609741.049390777,159513.52142170593,1555757.752798646,200891.6270686779
2016-02-17,-3850659.6259522517,-833848.1986702951,-673379.1694117594,-634062.6942144013
2016-02-18,-4131500.748165467,-152413.74418186533,769266.6156759625,-260061.4057959909
2016-02-19,-2883092.5446440815,103179.14044877609,199022.74466567507,-110834.14640239794
2016-02-20,-2359165.713619414,-242168.36027452254,-2482480.2382725533,438468.5850878501
2016-02-21,-2668896.6243845425,-427948.0981525081,1793068.9392852848,-456549.0539383419
2016-02-22,-3054536.6835899446,-274035.80251126667,-3289745.0661803503,422897.0127743066
2016-02-23,-1349505.1363711304,90975.5453238562,-2021768.5168753783,-251121.43470720554
2016-02-24,-1616318.6105305369,-306714.85914266657,5543508.183791378,-19005.458523471614
2016-02-25,-3238551.7271289257,-674715.5490180287,1023735.808044929,-84528.1227833475
2016-02-26,-2576110.3246813198,1598588.4449291762,-217538.6183686029,-422502.2407039724
2016-02-27,-756153.8141430735,-177822.71485863707,-2547140.3236206076,261516.74772382606
2016-02-28,608590.8634702321,697970.4173032882,-3367863.0326105463,105969.55059068737
2016-02-29,2352471.2327925023,-1013358.5194962423,-3440235.2841613055,199330.2035779163
2016-03-01,2197794.4901709585,-132170.6538995534,64510.24287768549,21212.31274827055
2016-03-02,3639969.6575750103,530873.9793285691,770297.7471601006,72394.4731087037
2016-03-03,3610511.9952060236,63988.860360697894,-4124698.533723241,-559484.5849551725
2016-03-04,2685309.5325704357,-75592.07381809955,3286984.0320616085,126665.54721273301
2016-03-05,2559791.0573714245,-779389.9654767906,-2150313.9066093364,147482.85729828785
2016-03-06,2020817.7205531793,128743.09301206646,1063741.128213619,10604.31171761979
2016-03-07,3171146.507036031,924879.3676746057,-2818898.4195351824,-538185.3463187506
2016-03-08,3399082.816092203,-213181.48870943364,-67205.81602568386,-24911.876561489713
2016-03-09,4564954.0471834075,-205593.432471948,-476598.56251481414,-172058.5547675279
2016-03-10,4154896.675710336,-440842.3152707417,443685.9454485182,336430.096573029
2016-03-11,3839901.836869863,-148887.29719189514,431674.3336388232,-29957.71396686362
2016-03-12,5090038.9874261515,-619910.6166075843,383208.9964003437,468137.8323097189
2016-03-13,3294897.225875703,874896.5234539731,-1683305.886174329,175083.1953105863
2016-03-14,3476739.1125244545,-691854.185503511,-298507.5712881321,-372618.0042589794
2016-03-15,2696383.2528504604,709407.3502767392,-395219.8004449613,611451.7355348646
2016-03-16,1882779.7266041664,-98626.23593620649,-414733.3581852237,92520.74273737842
2016-03-17,1653056.998688601,418184.1879776326,-1303711.3747381445,-464852.9769847943
2016-03-18,930940.3635951319,-228022.06009668933,-1449542.0833482658,326042.7444489349
2016-03-19,1030149.560582379,-15505.584351216145,-495426.74083286716,-158683.832205939
2016-03-20,3216084.0015611565,354755.590464222,3642508.834060323,-165945.5888431494
2016-03-21,2981934.0583360433,-290793.396371387,1780440.993992983,348835.78674981475
2016-03-22,3276148.8385655563,524741.8884372446,1808799.1739028385,-496341.1837671546
2016-03-23,4156449.5153368004,-10841.749818796956,-2022241.729735109,-743989.1211958337
2016-03-24,4613862.955368631,82326.34411828096,912864.3059365317,124438.94566109765
2016-03-25,3359560.157517487,-1285534.282084895,-3704215.282338838,23730.586462468138
2016-03-26,4358780.76884315,813843.0258355397,-2934654.2805332174,-170937.54128944452
2016-03-27,4520647.91068234,117288.79854893785,2488869.0852654874,329408.50365800207
2016-03-28,3448952.471271084,-267379.58040962706,644889.855840666,-171532.5280236349
2016-03-29,3133937.2027842533,1204769.765006418,-1754837.281458425,-276023.57330159505
2016-03-30,2608599.1275773076,-225529.89592357568,-77648.6657760576,426285.2425412383
2016-03-31,3915221.644334103,-110721.47811940388,-849634.8773142231,-94862.40712271605
2016-04-01,2697008.8258027015,-514146.03162729775,822175.1292560954,-93746.60338940019
2016-04-02,1026960.9868119243,633841.6288587452,-1439094.8817808132,-221363.89452013676
2016-04-03,1817344.4492235705,-600631.3292775688,887972.1545870001,-235780.9409847899
2016-04-04,1511508.6611633813,-129556.66018499107,-1431830.2205726218,-123594.3786363852
2016-04-05,626903.1103426698,53295.61916162204,5620138.067147002,-54379.13488935924
2016-04-06,1067452.3588561625,-46861.971535582285,288215.59485903266,40552.31764678957
2016-04-07,1177930.244980979,9410.901481159224,1628198.3753614167,-351685.2481473092
2016-04-08,960045.3729562543,577980.7335943495,-825864.1134779337,615070.4796595181
2016-04-09,298677.80893774296,336940.50908910466,-3126118.419330409,90908.1977916454
2016-04-10,-437946.5449242769,-257536.61226444706,911886.9411075254,-339527.9482967651
2016-04-11,312856.97188034083,-230478.8553066578,2099778.406485136,74690.27043110998
2016-04-12,-1835630.815104581,-54279.653090000706,1075013.1636712754,-148177.44756855877
2016-04-13,-2628344.2931777886,-791962.771748463,2396743.270902817,-88781.8066410232
2016-04-14,-3848967.862573128,-257528.71856440435,-964569.5907844777,-250841.39974181843
2016-04-15,-3116712.564860527,184717.48503535337,-872500.5707431585,140715.36423706438
2016-04-16,-3809254.536130835,843055.686799627,186979.77844354478,-238748.0979486793
2016-04-17,-4841677.674585137,-441614.55285332206,-3177675.243623915,-225815.8436721468
2016-04-18,-4933552.486115346,-376983.54601357714,1994592.762649236,316590.99662724143
2016-04-19,-3028378.2157982,137855.77142038077,-818356.5793113176,229429.05885936343
2016-04-20,-1662114.350129787,-101705.47766116905,-1638061.234795405,152390.83112925428
2016-04-21,-4688750.845541301,598515.3181700021,910527.8987314365,79486.9524890947
2016-04-22,-4838432.10314826,-82437.17586095458,1121921.4327606256,144247.18120840035
2016-04-23,-4256811.949461753,133621.39760186808,1967182.8254168152,149851.71895714122
2016-04-24,-5334251.379823724,-320064.7729076375,571279.6545226028,585105.5926826487
2016-04-25,-6372159.222094078,-374848.58961536177,-118039.95164734685,538469.9280892501
2016-04-26,-6715390.836512682,-156959.51643506208,-821799.462576784,-112390.79283301717
2016-04-27,-7372927.955447969,388788.6481228044,999761.5819885898,100766.11208061555
2016-04-28,-6912138.364579966,-661068.1480213973,92684.51907317025,-360043.59188698523
2016-04-29,-7265692.470856456,-640571.4826330808,-2806508.488621516,-219713.69878693015
2016-04-30,-6136378.905120529,104276.24564001047,2485412.289318533,140894.8036583976
2016-05-01,-4332281.078995408,-546350.3118382791,-1549355.2205017088,-445498.91035398305
2016-05-02,-5129317.519091048,146154.96426279156,-789614.6282921372,-197240.133674753
2016-05-03,-4381846.835766753,-498755.4783941753,5353928.131814952,-85738.86532735093
2016-05-04,-5375871.829686433,-502115.96131229476,-200576.66154964606,52359.441315829936
2016-05-05,-4498597.117500551,790249.5062808432,2026667.2547856458,170979.98367015139
2016-05-06,-4570043.5520987185,-135312.64700994687,-19530.31154696012,379973.9259900532
2016-05-07,-4756017.055430197,-460436.3244801099,54820.784511146456,273967.0291860504
2016-05-08,-4159684.6350523373,435312.1899050446,-2343825.7588413316,286508.2371216808
2016-05-09,-5747667.505349109,-405917.17501358286,1087690.6316949923,466978.90641667665
2016-05-10,-6219719.2236294495,1103450.7032570983,3862383.3113235845,-350962.92314459436
2016-05-11,-5337847.096118659,7117.09905809867,-1904961.8634016234,-182397.92134558797
2016-05-12,-5680550.016822313,-534850.5731354409,-2941246.3581342036,-12590.114497085362
2016-05-13,-5540044.002667748,-39497.9738937735,-590212.283779098,161574.42037409922
2016-05-14,-4912473.157063242,416684.06666211126,-1358611.5237839234,431809.75024959637
2016-05-15,-5415252.972289458,-235052.91621258983,-1044557.6518039901,-64592.87890857158
2016-05-16,-4382940.641814942,332140.52211194416,-1372555.109336034,-126548.7230383647
2016-05-17,-3395372.6114416877,521305.19497474516,54020.10210358687,-201183.67278815107
2016-05-18,-4044651.0218569464,309808.0610903127,-3689819.267465317,32776.57841501091
2016-05-19,-5301415.674439579,-305539.96585738513,-5531799.663805263,-47384.47763058722
2016-05-20,-4887596.018159218,322295.05884036375,-1652546.4716416567,57311.14991516724
2016-05-21,-4938455.54692779,-479660.7223945142,1482203.0098166913,217790.27791624246
2016-05-22,-4320461.842808872,135384.306359196,4180069.6209846074,866452.0352334855
2016-05-23,-4287136.253053082,268963.3126821996,3129838.7653921726,632780.9963014168
2016-05-24,-5796024.957228424,-543538.5009026624,-1318077.005514484,-70866.57849800512
2016-05-25,-6608596.985362394,118546.10985913605,-1481897.8507497162,-198297.01629874168
2016-05-26,-7561469.257277755,-178979.26547902203,-1124845.5380056652,-209558.1546281592
2016-05-27,-7456641.859802057,330102.54428497265,-1327649.51152176,360243.7663653674
2016-05-28,-7467888.810080912,87622.04840682603,-717477.6893617637,377236.1270588688
2016-05-29,-6297907.127019585,-178624.70758777033,6365367.871125203,134848.80369327287
2016-05-30,-6389834.186965867,-121306.8810934992,1172954.7289115577,-165200.4911668363
2016-05-31,-7468520.689653531,507784.75652284425,1335913.070189118,-258441.4085938562
2016-06-01,-7339544.7612389205,-485281.9575972746,-2320811.926807546,731908.6787339423
2016-06-02,-6863803.483492089,-654531.2229828915,2331043.0367687494,-602199.3823866363
2016-06-03,-6599702.211390879,183245.3764280859,1685064.2810175621,175197.73444002226
2016-06-04,-7057936.757771111,-279088.8784470208,566377.1690267884,-16139.86144959857
2016-06-05,-7352211.971831788,-192367.51095527914,-361907.59438855853,-5445.494238341932
2016-06-06,-6569117.808356325,-185994.9510686471,2151004.181859605,317930.84803589765
2016-06-07,-8097646.248915204,648134.0564083408,754980.6618845644,-154591.0397365762
2016-06-08,-7615690.396017757,-1266422.2966004189,1918055.9396158804,-335623.9554249759
2016-06-09,-8253518.75582505,389944.32824018766,-883748.318092247,112000.05042900772
2016-06-10,-6684924.937636485,282024.3056181089,1777290.2728936411,67971.78071934098
2016-06-11,-7521519.206150459,487005.9281629924,-2828298.440529093,42422.35850171844
2016-06-12,-7021758.444795069,80199.19381313284,-1680127.2343704044,549390.3729754564
2016-06-13,-6801897.377806055,322593.309067956,-1827028.9853953584,-384795.67978689546
2016-06-14,-5926702.935199084,115233.07305896842,-59121.74922822847,-166125.09437205025
2016-06-15,-8822825.345548414,313578.48616973346,1583632.1168145281,-415253.83306569414
2016-06-16,-9374392.534865288,459274.8368735744,-44067.79528593763,-115458.64698234
2016-06-17,-8629356.88688436,-488402.3686186965,-2390068.019761981,43439.35439176832
2016-06-18,-10251986.298693711,774410.0689885424,2186960.9571205694,-479642.6317046396
2016-06-19,-8111517.825809767,-414960.65922395507,3974625.778982184,398794.1583095864
2016-06-20,-7598319.263994892,447240.10015952046,-1500736.5695899383,-23606.505544536165
2016-06-21,-8242294.748927711,-970478.4785913653,-2223920.9096255135,77497.08360256504
2016-06-22,-9735727.775963366,-178807.9886883567,129017.48879026098,336212.8049790944
2016-06-23,-10258846.116970666,-306429.9869972916,831009.9787515368,16939.932511181698
2016-06-24,-10321040.978844954,187375.09926860165,1474780.058908999,252571.41989224436
2016-06-25,-11232691.591193289,-265650.78116596764,-2900707.6925139683,433754.17825357424
2016-06-26,-10439630.013527699,-65864.43997497135,-1802342.9644422487,-337403.23433360166
2016-06-27,-11540890.929450292,97661.88091375207,1550652.6625631973,-345043.080086268
2016-06-28,-10019693.492649201,412324.4964235107,-2128100.9643464647,-161910.703259138
2016-06-29,-10051749.08065423,138026.93871395275,4155290.6243615313,175042.1226617993
2016-06-30,-9657813.611440523,202966.0361863206,1107761.363954249,-28943.090384483887
2016-07-01,-11595984.055231791,-116565.79162031878,-377586.0396521674,49209.15328007154
2016-07-02,-12694840.175106151,591576.2937519815,190209.23946275937,427960.45219362667
2016-07-03,-11760564.44367886,-391093.50779237255,2239036.5578854857,207045.7123434117
2016-07-04,-10924215.9411016,501451.8525666406,48185.119515177066,-2482.1907278999997
2016-07-05,-10258716.44492777,44859.83040030795,-1225368.5353808529,-34496.98308722741
2016-07-06,-11766433.71360141,-76116.57606851538,-2188583.834172901,190674.7366157258
2016-07-07,-13490598.348091507,-477218.23922584683,-1582638.8452806813,289347.51522318594
2016-07-08,-11101357.880985271,460905.54248157796,260290.6068889156,86090.3413203164
2016-07-09,-10540158.462972155,-167696.5930956074,755855.4652589615,175187.84994416073
2016-07-10,-11560509.842841962,1443541.628378866,-563006.3263439093,-256527.38040078597
2016-07-11,-11784567.112592664,11630.41909028577,-1700476.1211970868,537268.2253968593
2016-07-12,-10654570.334304351,436580.9243929854,2472050.9254201236,-123497.27409997783
2016-07-13,-9048905.097381756,10541.420487309235,701809.1494173682,116764.01304382784
2016-07-14,-7822347.88469235,670448.7404701209,-3364357.083158076,32288.58531121019
2016-07-15,-7661721.061928226,-299765.4673786161,-117976.26268702206,-476760.80605462275
2016-07-16,-7500026.097015566,288351.12359929946,-2683702.7128852853,325915.8125363373
2016-07-17,-7722714.369525426,-67143.12846874095,-166195.73712282637,-8542.859068861417
2016-07-18,-8408582.18465127,-356397.55951278243,1364283.0856234033,-294173.1766754828
2016-07-19,-9475746.549488937,85704.44530834828,-1453239.8519065748,323018.85298520647
2016-07-20,-8110947.964513755,25308.531729325357,-3305268.8459835574,-458525.0471306266
2016-07-21,-8466955.207506428,-790120.430186457,3488561.1027501645,397955.5441804188
2016-07-22,-9745813.641728576,-192096.5241118233,198216.61841892306,37437.32143789177
2016-07-23,-9947373.54896344,-282285.7375252781,-2961585.2722659023,-146954.98243655617
2016-07-24,-9048404.087042,-131840.185341476,1140645.4155483488,6684.718201623144
2016-07-25,-9638516.753547596,-524028.2851841825,542534.7233604218,-42487.9747752923
2016-07-26,-10794437.527960308,266354.1074575592,-1060775.4945624333,-134122.8025099125
2016-07-27,-9878292.860618055,-783299.8411868543,-2623619.894443896,430491.8371537966
2016-07-28,-9117054.81878177,609680.5606414553,2157947.9159658593,431663.2272377091
2016-07-29,-10367107.55853856,-252986.15905593702,1100410.876904281,163928.2843374871
2016-07-30,-8749884.708413752,141621.72638303842,1407464.236314811,316434.5441402068
2016-07-31,-7680603.691931452,-221991.30158776534,-3468379.233316124,-457433.3689720689
2016-08-01,-7254890.084335638,-334618.5277335296,-3514559.662571972,-288899.55477348634
2016-08-02,-5975699.401508735,-325014.8295752326,3202846.6708046077,-75954.26747870664
2016-08-03,-6856878.950639373,-184826.60279488025,-3575550.964967203,-320691.1604542784
2016-08-04,-6152412.664590316,28225.485274186238,-3874060.421327447,-98701.26613334595
2016-08-05,-5718840.014109442,373246.3882034622,-2378825.111133523,-77567.8268248735
2016-08-06,-4929801.081325474,-243368.04532492865,874094.0216220053,-164527.9133271825
2016-08-07,-3883777.7600647453,-35867.820935374846,2159493.49389468,-96915.82968634431
2016-08-08,-3111229.7085833964,-148873.5046457158,1274479.84003429,-103354.42763859077
2016-08-09,-1870543.234778029,196128.18565669566,-311306.99332115724,-415239.8138258438
2016-08-10,211947.026440738,-143025.03668346995,2396739.9895866504,-112373.53774213056
2016-08-11,-982650.196108233,873346.8868072329,2239959.3611112973,-549355.7085300854
2016-08-12,-1934305.2896314105,168969.29019426007,1031075.1164448417,-348739.15493996965
2016-08-13,-3058181.2793352185,-623473.4405438891,-971677.0243015612,437404.1867364438
2016-08-14,-3721311.202187053,498938.06609583925,-3368624.180814104,99148.89029410308
2016-08-15,-4584330.218481299,-191995.46804837417,1393795.8580028673,-306857.4706036355
2016-08-16,-5020907.728732347,559902.7000593656,4385710.6941553205,-186191.29382766664
2016-08-17,-4744581.500081873,-339126.15549257543,3729985.8888244424,1039342.6094596374
2016-08-18,-5218572.347042711,403734.23631794745,604376.9946296501,-126843.09232045172
2016-08-19,-5736520.886802405,-556722.5937378749,507532.7271167853,150298.11699394195
2016-08-20,-6425726.534589121,29858.04045633858,-1495397.76138614,89808.19930201901
2016-08-21,-7116531.981004015,39132.97590244093,-985058.4034262449,119707.23002571377
2016-08-22,-4441373.080865573,1071282.8690055925,-2002273.975240347,-50698.825089456695
2016-08-23,-4432675.931478811,977207.2800462766,1252982.2520330765,-321203.43943722773
2016-08-24,-3729090.4193766355,1187390.8179681872,-266163.83046340995,434642.93745712907
2016-08-25,-1678148.417370931,354512.53783032537,-733140.4690730922,-124588.05224114143
2016-08-26,-3452805.9872678323,409133.22836453246,-2106139.0473143803,-123721.56465687073
2016-08-27,-3546641.4590936885,-48208.22389433767,-2636016.8547006105,251577.31954035375
2016-08-28,-3248784.758078826,90982.58748413336,-2359421.1980601843,-140201.6614247553
2016-08-29,-1269794.6798302727,-1181073.0050127737,-1557364.207692351,343509.1676095816
2016-08-30,-2937290.049184867,-26990.06365345797,1407693.1412858968,132184.2300842116
2016-08-31,-3078497.539701052,357207.13990703307,1669844.298442751,-466205.02201192395
2016-09-01,-2654881.926632255,-864823.5401025233,-1001271.6193544193,201375.3137991841
2016-09-02,-3609610.448714139,112149.1061480803,1346397.3264156012,312870.76745702745
2016-09-03,-2859538.299877486,-357575.3711701344,3431919.4710170245,-93374.69768538643
2016-09-04,-4381888.478510279,475200.60381792946,-116514.45789649707,47552.8656955486
2016-09-05,-6333059.809509112,584124.775452836,3050715.7842565915,-159660.84042064933
2016-09-06,-6645350.2917760685,245592.33949941758,-948959.1229966711,-23179.85289571357
2016-09-07,-6105306.296348361,405205.9325142604,-2404139.780335825,481291.89556235436
2016-09-08,-7142552.090024202,-92616.3059605439,-1669915.6357030668,-89640.86972558884
2016-09-09,-5746645.2125691455,233270.720236948,-134734.27634775292,-542381.6532996716
2016-09-10,-6902250.294312217,-98616.5037684959,-1639175.5158553652,-28701.448637069196
2016-09-11,-7772967.053215797,219496.9762549378,-4143369.6746250074,-236245.16647153604
2016-09-12,-8942706.945213784,222331.35634186416,187552.22125762823,-342239.14131657605
2016-09-13,-9194970.97630419,407605.10647828167,-2462473.701296046,573398.5037260902
2016-09-14,-10211078.507622862,443464.8127978249,-2273040.2287193574,117028.78360596125
2016-09-15,-9543337.49958221,335911.3507900927,-2591655.161013027,-740341.7419753963
2016-09-16,-8403168.782237198,809189.8268067042,286739.087725906,645283.2211824575
2016-09-17,-7898874.552104963,158923.45813741247,-3406075.952473969,220613.6510869882
2016-09-18,-7496609.353187031,165357.15630332462,-426411.5006759157,-203099.73558796637
2016-09-19,-6177512.487285217,-208384.8918491263,-3509470.801425747,-132325.72144577143
2016-09-20,-7271266.434290052,-406650.6028013413,-5265024.538890743,-384860.32092206524
2016-09-21,-8275978.801852746,54209.04129875541,-160642.93074652227,263124.2854690936
2016-09-22,-9792830.417391423,171318.40850727016,-2245857.5505184447,76581.90713604253
2016-09-23,-10822999.786743656,-532371.8639921166,2534979.7344151996,-411136.27173699567
2016-09-24,-10836084.75141466,-88096.165011218,-2337387.9083213788,-314693.16853403306
2016-09-25,-10842875.7096302,-496035.6106148518,-500722.83984137455,-381280.61083662545
2016-09-26,-10604411.57002211,146379.57926990255,-3431658.317133091,-162020.56100256767
2016-09-27,-10314083.934780065,-559001.223455002,1062475.6438859268,-55167.15666373401
2016-09-28,-9350360.06597272,263528.13610078534,1691587.8213621257,-423087.5816379343
2016-09-29,-7534201.319210038,389642.9530241731,-1861793.5931033965,31706.955406182187
2016-09-30,-5337842.74626961,-800005.0611014477,-1080837.0153610345,291637.6879738561
2016-10-01,-5788377.907959921,-508922.7841745237,1346994.527529569,213528.16055894757
2016-10-02,-7445178.107564524,-23987.565340554604,365315.5339696445,-75844.47842030218
2016-10-03,-8572169.549978325,-354041.14486005437,466190.1371019279,317142.87911774864
2016-10-04,-7732485.6384522,616472.8082645502,4495882.6661308305,-354355.8769049914
2016-10-05,-7592904.736466395,-11864.828805341594,380299.7525195448,-211656.66539064734
2016-10-06,-8537562.422684455,589517.7358750121,-4246027.268725224,-203798.16550273082
2016-10-07,-7150829.85780244,-28209.428340249706,-690714.4629828689,626737.0327763505
2016-10-08,-5932181.322865593,-670909.8398558233,-752166.670020982,140751.18720626883
2016-10-09,-5854072.596975327,506276.75807025976,-319019.41823097336,152840.59276903732
2016-10-10,-6480283.055185059,599606.0649968646,108049.64534607374,195748.51700964206
2016-10-11,-6085036.131030333,-74901.47484701459,-217891.95606006004,583021.7264283696
2016-10-12,-7528183.530360869,337660.7066486132,-317984.1458500363,-447327.8670076122
2016-10-13,-7203280.384744416,-211873.1379154796,-350260.9693765629,-114912.27792687782
2016-10-14,-5919801.399640199,162521.62578364517,673649.1781117409,-501575.80414581933
2016-10-15,-6023716.776249386,540476.7248378952,415454.188584524,181508.91676699553
2016-10-16,-7141693.506212205,767635.1626386797,177336.60727032734,62893.46164841617
2016-10-17,-6691780.06519239,172322.29844810473,-3557372.766993932,213721.103192608
2016-10-18,-6706799.5299481405,-69870.92214106783,1101694.5817063372,-202910.35494873
2016-10-19,-4627049.509364625,-590085.8181184682,-3037812.921079976,-589443.521043874
2016-10-20,-2739745.161410499,434869.36297694675,-1385920.2792947302,-157707.07308477513
2016-10-21,-3515654.1306419466,-485116.38383243466,-704965.7670603638,293027.8911493108
2016-10-22,-3351793.5372801377,2597362.168822787,-656366.3681876669,591567.1581395641
2016-10-23,154132.59374556784,283518.8300793581,351782.5607197222,-182158.1957397466
2016-10-24,-1472533.33911992,-908688.5942782338,-4784990.252880952,353205.48618241824
2016-10-25,-1546748.0205166806,482272.8355018711,137782.26999896346,-141143.9986080618
2016-10-26,-849760.7356105971,-702437.8338125019,693354.6933444313,-355874.7189750159
2016-10-27,-1054096.1671125987,-131196.10561913854,1877398.7035708106,-343439.4936395635
2016-10-28,-2277234.255171995,200611.08046256742,-3161906.5418887627,258248.00613483216
2016-10-29,-2234390.670535452,-8927.501122370659,-1270579.4439593966,-286661.9550143191
2016-10-30,-537213.8467831488,159294.02907000465,2424996.6813789387,126766.62653621421
2016-10-31,-1145595.4081784212,-389810.95613559295,51535.11577711384,-279036.89024693525
2016-11-01,-2250121.287662724,291696.70389944816,-1201580.9074652966,-630751.4138957778
2016-11-02,-2955644.043463719,587256.9097535968,-1583336.6893792585,-241998.37945744474
2016-11-03,-4588910.54737597,622579.7309297575,-33559.33939400308,303995.49335403345
2016-11-04,-5694296.670629585,315991.0384104838,54981.96456348261,-35799.10973875921
2016-11-05,-5721909.220235545,407284.10762153513,4211283.143832583,137449.35036626807
2016-11-06,-5421980.303069466,824282.2966035779,-495338.65581773024,-282925.6218838473
2016-11-07,-5308617.14593771,859113.8571870704,201516.54499326253,128753.63408422004
2016-11-08,-4146086.641672872,-377157.9690558138,1792633.5470770795,-64771.594680303
2016-11-09,-4766132.232944592,314001.99616849696,-2310236.249465381,3741.3737610807693
2016-11-10,-5625459.549717,1919340.4543709932,-2249584.997485646,-88367.99249615993
2016-11-11,-6111835.165982405,-48030.8656225934,-1790418.4101788253,-174370.17708283808
2016-11-12,-4611790.7279092055,350724.61611526046,79463.75721031963,-431043.1750485769
2016-11-13,-3663245.871699871,-295698.00365318835,-107713.29667773382,276697.47063532035
2016-11-14,-3403773.244760849,96324.48503572583,-72411.40071019602,226149.6273718164
2016-11-15,-4616690.2409839295,-65268.376643095915,-1831787.3458322112,-197711.0587311771
2016-11-16,-4935753.236881502,-564123.6232504371,-753733.4104205343,447629.31386763265
2016-11-17,-5315735.455530246,781627.5792755618,-687299.0796160145,-81896.68409962498
2016-11-18,-2547575.9722727896,-125855.40838586113,-1285081.0097520654,317377.448067054
2016-11-19,-2954703.5268612,-110044.14359143823,450566.5611839041,-280910.42949234066
2016-11-20,-1942063.0708060935,-1056393.0309171407,-3195539.4867328894,369728.32080853306
2016-11-21,-3721976.5093789883,348239.91561584186,3029146.085191736,-730503.5736075396
2016-11-22,-4023878.8842951804,640271.4905347169,-1785555.5470913115,452540.967742537
2016-11-23,-3530290.2381063765,443220.1324227881,2547649.072169814,163031.68818175554
2016-11-24,-3739795.887158702,484534.61519980786,-924202.6479443368,-732228.377931711
2016-11-25,-3299947.6656534467,-32555.363136867978,-4025090.7898256294,-38892.072090933456
2016-11-26,-4787111.671252628,86484.7779695022,-159433.2024457749,-234879.85393932462
2016-11-27,-3938932.925941042,-503213.41202122584,-50114.41500191745,63861.12574154201
2016-11-28,-4946177.970595589,87934.08603580801,-2069199.513457507,234932.94019249693
2016-11-29,-4181029.3907579808,1409802.0209358984,1569312.6379493768,62531.53240260694
2016-11-30,-4427890.640586066,12559.292577420116,643958.5078260548,60648.87906877669
2016-12-01,-3110877.556403514,-518642.9269991659,-2675150.187170448,-462799.40390425315
2016-12-02,-3716017.695143669,841579.5371966821,-2722242.004245104,74108.04525844655
2016-12-03,-1595251.7187686432,-45634.491430676,2596018.7558360505,62290.19440769908
2016-12-04,-930042.5746406177,-260228.98512588887,-1759275.637301335,346537.2886070262
2016-12-05,341471.1955165237,-733232.520394578,-4848192.243241702,-263148.70772578736
2016-12-06,117850.97640455971,735235.8429214736,1111393.3286029538,-414435.42769328394
2016-12-07,-328084.66576150944,-112614.13362280818,215042.143612503,316201.1915653762
2016-12-08,537861.1114933507,-693207.842646638,-4065286.59281505,254991.7300129609
2016-12-09,150668.27369745856,1012278.5714991387,2551880.767523902,-185790.4547114485
2016-12-10,-1755779.4787668325,-708498.5346404153,-1183482.0639095188,-22852.66952584508
2016-12-11,-3088065.478616788,188275.80519578143,2233174.3375151595,76678.2982466926
2016-12-12,-1764728.9632319207,-479413.03521769954,2293659.3517138716,-6867.308059786627
2016-12-13,-1438489.2876298488,-58210.817101308196,-1284267.859777503,-308637.03857345966
2016-12-14,-1772770.7048663157,1535512.5377839273,375317.4430576768,106531.14767939599
2016-12-15,-2417943.943046618,529849.4962887303,580752.2930013016,75056.3114131072
2016-12-16,-2581647.4972693035,-303447.55017555377,198385.5006889698,-77881.53324785235
2016-12-17,-3833526.9970934447,-145284.22439461097,2917254.425412045,272305.9832031215
2016-12-18,-3860580.3769570882,103748.38058584058,3719816.464324244,-108439.22905493759
2016-12-19,-4631174.450686464,-291141.2696618997,2881155.7051605484,-348325.3331207699
2016-12-20,-4426948.185133818,-278728.1644660513,2213660.661269212,-16649.181280090605
2016-12-21,-4029615.459681328,238661.92523382494,-1874902.4571301688,145742.77064196917
2016-12-22,-4212586.58620063,162482.26904011387,346472.293270251,-134115.42392829238
2016-12-23,-3752799.6801976897,673678.9861223802,2112467.1762762624,221708.0408972952
2016-12-24,-4165457.1372708455,70367.92486065866,2389838.3938896973,-136845.57174058826
2016-12-25,-2601633.2103142766,69049.74630351491,1790826.9487101252,-114867.6501371011
2016-12-26,-1788315.229692744,48427.5428286555,-2814064.245501538,-189889.432725283
2016-12-27,-952669.9634881857,-246538.38486188767,-1364506.8111010862,127293.97990504149
2016-12-28,-1653394.3364814715,25234.808463678335,-516834.3512142657,124975.59090231756
2016-12-29,-1814792.3487827019,310263.4857047572,3481620.4959272156,137264.55021775278
2016-12-30,-387118.450912382,135392.53548119855,-2809244.579842839,-15695.7309261112
2016-12-31,1019432.8501261659,452359.3170251375,-917163.8718439281,-251050.4172544219
2017-01-01,2619566.4390301434,-615103.3207053537,910577.1814803584,-222734.3055285081
2017-01-02,4133359.7833210463,204365.56272326698,-2414476.56217471,151314.3242531426
2017-01-03,4343745.157474239,-864319.0567646645,-645002.0181484766,180105.2767354225
2017-01-04,5155802.194258914,436947.70415151404,-2347943.6575732096,73703.74774650032
2017-01-05,6348952.738723794,-17092.728262067605,-2564512.931334027,-164405.82181268773
2017-01-06,6203120.249048988,-198125.26772597848,-658966.2833105365,36348.50179534611
2017-01-07,7734480.137615647,-29263.313158145513,1017529.3062626685,81094.8802366836
2017-01-08,6443429.119067725,-502024.2991675361,-2084427.5575232145,456167.26895068615
2017-01-09,5304547.749403454,653133.2902539,-1450697.0649612185,-316162.69445139496
2017-01-10,4463248.549687478,-358696.43713204295,-2302572.0635855347,-116656.65857292477
2017-01-11,4058011.9908837276,258890.7057720692,1550729.98047057,-279837.51755790436
2017-01-12,4863421.155367664,12624.451934961582,764607.3021743218,68795.39827306272
2017-01-13,5033312.769053705,-443303.6816957683,-1160725.7057893656,6112.281586929174
2017-01-14,6204908.713053627,24257.916543292973,1114477.0766831187,411274.6454821388
2017-01-15,6034357.471477476,389099.1043782359,2708163.627421775,-61440.41367634018
2017-01-16,6712294.758218432,-481394.07260552514,-3252778.861886217,-390179.44445667596
2017-01-17,7287254.878666594,94052.46141040846,-1673905.8072971182,-150811.2579141902
2017-01-18,7343032.204829468,-639538.8890507255,-445405.8751271492,-106241.62469617593
2017-01-19,7496056.206453779,-79466.244171095,-2035104.9229617373,-60277.99370174105
2017-01-20,5195834.920132501,515266.0808664927,-566854.2579418967,-312109.7939934898
2017-01-21,6615232.1074444875,-250399.93442669368,1616156.7295940511,191401.12984379902
2017-01-22,8265513.826047281,-237314.0513689369,1099101.167778712,-317887.85127022146
2017-01-23,8818703.607118467,929858.2774662361,-685909.8200485328,-553309.8467797454
2017-01-24,9810859.02158273,101981.68897769909,514467.77625348506,306508.381379863
2017-01-25,8739720.02170841,151467.42870638228,-595071.0312604713,675914.2639452862
2017-01-26,7296138.5348551385,-642567.8817083983,196956.54965266836,20457.24097845609
2017-01-27,7864693.290667783,-748409.1178866451,-4426306.414443868,-418233.4482571026
2017-01-28,8539396.279479554,-527157.1142178436,-1009666.2996747408,-406562.2206143776
2017-01-29,9185793.68370483,-320078.981738246,-1244078.698354883,-154224.3752052426
2017-01-30,10142326.471185112,172386.62786971405,-374343.8261332222,-70196.35724436268
2017-01-31,9979361.819145191,765545.5130549072,-2301305.0720372167,109319.52674315924
2017-02-01,9471250.869585859,-35353.29997225329,1290917.0029016638,-303478.9544220389
2017-02-02,8682320.9993861,305234.17463004787,1588933.579176365,-343513.50064259
2017-02-03,10931550.25269873,-327056.0130790395,-3739632.4876902066,272488.47635693796
2017-02-04,11889870.04488583,1031542.3228864517,-2937300.9013744257,15953.420074271635
2017-02-05,12781259.188806944,515043.70759245235,-4055626.238011553,210878.27804356514
2017-02-06,12741435.96479216,-262704.12516660104,845266.396612482,280063.722947299
2017-02-07,12665545.21554972,33191.81624057631,1063656.4867421656,-328487.52550550154
2017-02-08,13832349.586618178,347727.3502242726,985611.6346350776,139441.41234705338
2017-02-09,14060740.550731672,-683840.9667682117,3971591.4093581303,-210687.01634090033
2017-02-10,12481517.883213446,-833293.495653583,1211325.796559481,377878.57542320184
2017-02-11,11498861.65642885,126316.93223555473,1085459.7258701979,286319.47025787743
2017-02-12,12015689.631230555,80796.98616645254,-3047805.8161414075,-123494.70487390536
2017-02-13,10983407.730104126,170068.49502231114,2833615.1576382103,100302.60842040901
2017-02-14,10697229.323625572,35350.03661903534,2953770.2988217245,-197223.04278256878
2017-02-15,8880912.628010623,-596208.9245696297,-1614492.2097493098,-128014.14472993294
2017-02-16,9876841.757998906,532006.0570845748,2499539.1954034762,-244456.160259385
2017-02-17,11164496.089437308,-142425.09992384975,567256.4396858705,-277910.0204091881
2017-02-18,11896323.455071703,-588059.4399083713,536185.6232987897,-364805.1667958926
2017-02-19,11842298.032585155,-302467.002247445,-490143.68242020055,5023.475304533713
2017-02-20,14756626.857721714,-180564.86674785684,676168.3871740438,-211085.61448263077
2017-02-21,15774506.98871478,-152965.99002756685,2639220.178108728,-200483.25154255872
2017-02-22,14961461.655558353,-745606.6881523594,630267.8071981847,325895.3507672981
2017-02-23,15763381.11115691,83110.0815749241,-4635758.371943425,-444162.5950108209
2017-02-24,16083980.829260949,-28953.504023391775,-4080013.733270276,210360.75379492278
2017-02-25,14878790.247574288,-273311.0452068763,105244.32153714806,154060.89427221246
2017-02-26,12765527.309578642,150113.5671863661,3577015.1836469923,-342146.3584617709
2017-02-27,13292461.477401398,-490786.39361810224,-1096599.4353554253,66931.48882908394
2017-02-28,13510460.238945337,11581.884526040316,558939.3903441636,400209.17893523024
2017-03-01,13601357.754074294,86152.09815433837,-1325863.4031325935,4700.77079319485
2017-03-02,12924549.637803832,-491519.17934092844,-5257541.5832668925,-63445.53455291053
2017-03-03,13613835.967645831,-831043.3920109879,-3796906.545731027,-448325.3167300973
2017-03-04,13972389.042165117,543360.8728273627,-224247.81282075305,186568.86266043657
2017-03-05,15095581.938364156,-629879.8430174453,-2249808.3166178963,235095.81139922646
2017-03-06,14430669.813026486,689633.5061547684,-2959068.128164757,788449.1643613668
2017-03-07,13239353.334276976,-65289.24658717224,607961.3747190556,-69559.25153451736
2017-03-08,13279705.953003133,804177.5356926648,-2116771.122724155,-322782.7151756897
2017-03-09,12590752.5972909,-581748.9299443247,-488622.1326814256,46247.07013543832
2017-03-10,13316527.017114736,295339.2789286237,-1305289.1624465887,107454.40015243157
2017-03-11,12266749.670949057,-616005.5848002548,-1780487.2815319705,-179733.83599302938
2017-03-12,11514929.502108516,-48127.62416573824,-4439471.138541435,-54208.389379086286
2017-03-13,11933852.210831402,-1002374.540061725,233199.7534739858,-17673.376380502184
2017-03-14,12329503.412150245,908244.3594270998,3092296.9309572894,207970.22005042742
2017-03-15,13714313.281359922,-86533.22039038994,-471605.07533069357,-228023.1721857612
2017-03-16,13701079.21726017,69215.81682332359,-1037014.2495919577,216334.93840349125
2017-03-17,13146661.823118113,511659.1352554778,-688350.8488033342,64811.23588565269
2017-03-18,13447962.605832674,131675.95112738074,3242615.000689166,123158.20338045609
2017-03-19,14564728.68585304,68838.65350932752,825692.342375114,358893.96618213464
2017-03-20,14498598.714795599,-219154.82672943317,-4345992.735240351,328378.784163675
2017-03-21,12898973.965399401,556919.9493425528,1124970.7341389456,120479.74898814458
2017-03-22,12861052.534836765,35512.4614074608,-4033880.689000009,72003.6392665132
2017-03-23,13493142.51440059,51668.906794364004,-923360.5018774375,-1754.1570209505874
2017-03-24,13655657.934393898,708283.7463057069,-1167203.3714758588,75509.04935547852
2017-03-25,12567213.824073777,-103844.56265133306,-161902.51591865343,14887.931443364625
2017-03-26,12380326.423813518,108357.82276063203,4447154.003647365,602104.7819464944
2017-03-27,12910511.882177701,342814.1290125899,-1834796.153737044,-423354.9350774167
2017-03-28,13438700.607466951,277434.2885415209,4037783.634877039,413051.3779163934
2017-03-29,14270583.873466192,-728275.1078787495,-547160.1097219628,190766.3006025558
2017-03-30,13024397.638812412,377747.3683887945,579059.4509723928,-392945.1574869147
2017-03-31,13760943.299568597,-335294.86678785726,-1954873.8170876638,76470.92350344364
2017-04-01,12596988.263893422,-123835.12733354399,3564378.458531474,22225.156896980545
2017-04-02,12303038.246940836,-615304.6954368036,-2183060.5435661324,455940.40762101574
2017-04-03,13096116.475903215,-267373.5257234042,747512.4129457742,345896.50623325823
2017-04-04,12578117.98798892,-842897.4826764653,3970710.581257921,-363241.1044412865
2017-04-05,11721620.527609318,-440221.17145319073,-2909687.5852663256,228227.1254819457
2017-04-06,10189256.918669505,-228461.85430501442,-4708031.543009673,-414885.4015156919
2017-04-07,9670444.406539261,-278627.6342915514,-585550.50846641,72200.88392170538
2017-04-08,8999025.042293472,-676538.9373286912,-1206770.7200275636,337201.6646601108
2017-04-09,9901753.69648054,7985.260854616263,-1534434.8186494587,56181.93289074119
2017-04-10,9572763.016855547,-702913.1896759262,-869793.3533495029,37393.10130419644
2017-04-11,10988819.883984858,-671079.9367735949,3782592.8201280744,-345466.42621464236
2017-04-12,10597890.11393173,-645521.2372761766,-629639.7408232739,-573261.5812883322
2017-04-13,10078172.119883442,653944.7308417947,-3458536.1594503615,-132565.6498801695
2017-04-14,9625000.293460537,181966.54747696736,1111041.3587691549,89483.09702358453
2017-04-15,9518900.588094879,-781264.0463742112,-884677.3735997683,-377159.86355407076
2017-04-16,10320463.672841415,240222.33413565488,4609145.798661502,106075.29688141389
2017-04-17,11196407.263250545,-436149.46124720044,-960252.9342373972,254895.52897265492
2017-04-18,10516004.110709298,607218.8333671236,-468501.5614046172,907128.6617137941
2017-04-19,10631579.06992309,-489072.25156821153,-360341.94574767706,197127.74450401342
2017-04-20,9100548.60661528,-48529.341589146854,4197654.122695841,-302488.72843733674
2017-04-21,8355896.950258571,34522.58126027828,1965017.9640283783,-191336.04156647474
2017-04-22,6230556.2158586215,458982.0873510358,5734961.926665294,297604.45700479706
2017-04-23,7745290.258201799,552210.0058937398,-621338.0220161437,-259687.5849067548
2017-04-24,7545995.190991599,-457056.8794807934,1984868.7838450144,13745.472356863496
2017-04-25,8949221.338529319,-369103.98396492563,19316.183428926513,387975.0620918295
2017-04-26,10633167.74003654,-1192302.9650511893,854032.3433063409,-325727.99382672785
2017-04-27,11759554.858114753,119869.004066643,307099.4907278526,-178366.52912749682
2017-04-28,12870661.365016626,90371.55996718483,1386845.643135899,263796.1410134936
2017-04-29,14031770.734746628,284441.32248902135,6752760.101035332,-18836.934695719683
2017-04-30,14333292.78304812,1431571.3780981973,3061874.0482039284,-435036.5833855406
2017-05-01,14961531.320517085,-454346.4427165534,127588.43953663399,-4812.771362904687
2017-05-02,14566304.346138457,635485.421542319,1024595.3722651739,-109684.97148323145
2017-05-03,14274838.669435468,-161192.36653510842,-4104882.747867389,-325033.3627992711
2017-05-04,15604606.95738293,-583718.1808475218,-1062079.8167742705,-219862.82741992595
2017-05-05,15850950.214294719,376354.3665914385,770901.6080593449,-225021.96253574896
2017-05-06,17154461.56330492,-106014.17662242705,292415.71758372104,86497.20358772798
2017-05-07,17109622.875747994,748374.3866030895,-3458499.596335057,442156.9057297923
2017-05-08,17248178.086223777,-239160.26647367963,-1363124.1238311827,418170.73213179305
2017-05-09,17307786.591653813,-20702.291942958076,-2249534.138839679,-273029.7215234824
2017-05-10,16806771.560653485,-637535.9783089263,974580.7345398313,47920.54058553968
2017-05-11,15084455.90607035,-253120.81452965605,1425438.6946643451,186588.7530281475
2017-05-12,15126482.32961273,933562.0194595545,-49829.18494922,-105900.77143636714
2017-05-13,16843698.31202575,-503534.32096161286,-1531570.1110409235,-222367.96553126542
2017-05-14,17505618.513617624,-474619.6681019738,-612630.6618603201,586928.096443299
2017-05-15,17867755.339421064,805993.4379988447,-4266049.633832995,-119394.31829850707
2017-05-16,16966184.02884637,-226054.8784202295,-411621.2759037345,-251212.86269269302
2017-05-17,16938425.393463787,-700358.1560120687,-1992366.24344068,-202417.3124612871
2017-05-18,18103487.895099714,660414.3503224789,-513439.5722820422,53190.49756309369
2017-05-19,15843505.986542897,-4429.967158383933,1685836.6897488898,216876.81805356772
2017-05-20,15539352.115010688,-14243.033110745246,702474.9002427789,-54353.67628230129
2017-05-21,16344297.376786605,17686.542208763603,2105488.2532970104,-410125.3952154529
2017-05-22,17734592.51169499,532761.1351345675,-1826108.5617817573,-84401.86097151514
2017-05-23,19084582.714768764,158342.40766674708,2838956.7245775526,79579.44051708326
2017-05-24,19369983.721842602,760839.1155558946,-1590476.1364128897,-154995.8638316997
2017-05-25,17681508.10077568,455587.43283146876,1942676.597343365,6789.314123484768
2017-05-26,18242970.40962452,-678771.9607339278,1329167.3266513906,241465.622006646
2017-05-27,18972264.151188873,-343418.9701995738,192525.7843944841,43370.80949172502
2017-05-28,17947679.911054093,-800440.1732969967,-3663539.108346997,-142202.3365788595
2017-05-29,17960858.33832075,2932.7854333859013,-2282716.4556063623,230680.69032178685
2017-05-30,17972618.86429049,-199071.81873430975,1880276.4232196796,-57012.91884322261
2017-05-31,16528936.777093036,685648.9047483226,-2496474.4686098713,282879.2447821925
2017-06-01,17267934.410218716,-410396.5648924775,-850227.2900134193,-353813.5759390362
2017-06-02,14459844.848807376,-134801.30070332182,-846301.80666949,189924.62819934706
2017-06-03,14784402.075815162,69874.65478710459,-3419327.6556298058,-110425.56216266184
2017-06-04,15392709.050042123,603065.8121450313,-881742.9847714403,269668.560560735
2017-06-05,15264021.733761976,-901172.5860991658,-2706511.264469074,292957.94804309704
2017-06-06,15466013.357219707,-767942.0439255962,516030.4909385224,306335.9329842443
2017-06-07,17290230.746468116,-174473.4824382202,1193824.2133106645,364559.3379707582
2017-06-08,17547673.23746922,-255200.93720734393,-797894.5733753076,-186663.2656515896
2017-06-09,16529835.846206505,-348458.6226713463,-358519.70874055807,-102689.09396884631
2017-06-10,16322231.512891091,-270541.9773138158,-2340316.38928626,-332459.38793322595
2017-06-11,16360802.987774143,-276587.7649399857,877898.0919766907,286046.71126051876
2017-06-12,16933334.391992297,563233.2926702796,3701886.066939223,5525.421973442959
2017-06-13,16103929.39086172,153102.32304514482,-4037559.284840021,-147942.93421561914
2017-06-14,14909522.493276147,196778.9798088396,-1242666.384636263,104286.47619258528
2017-06-15,16621988.89973681,-198401.2633386953,-2186141.6248339075,163774.233234902
2017-06-16,17999706.66214035,-33826.47487721336,-2109831.852722719,-213425.66075439402
2017-06-17,18469093.62844337,-857029.9142614498,724786.4731462009,165306.59507912098
2017-06-18,19041370.80341413,-1098461.513323974,-832289.950144143,158187.28418024414
2017-06-19,17906185.70818327,-319334.69971857767,703214.7619991538,277543.11725528276
2017-06-20,17580524.240718976,307306.61743651214,-1457701.7346699964,-277819.14008719067
2017-06-21,17288168.86321812,-793264.4976198605,-1717754.6659640444,-261906.82936380903
2017-06-22,18568759.34178683,913870.5476569341,183191.92102047548,545496.6601963723
2017-06-23,18653887.42487389,-245580.73183249903,-558873.3962392549,23555.781105412258
2017-06-24,18564538.386481877,174676.16688063016,1382078.1713080993,-21907.332839433177
2017-06-25,17466036.64087874,-252097.6873094652,-1813677.3471246408,239603.73049044522
2017-06-26,16568634.239733258,-288182.19804828917,-964840.0687287452,569000.2086930362
2017-06-27,15469696.190678043,-299684.1747459934,2901345.230618347,168293.42388835922
2017-06-28,16758937.587809397,312319.1734341974,-1019243.7938826424,-152610.76385254043
2017-06-29,16714889.713334886,530151.4415987977,1900053.5760666092,79572.00010710178
2017-06-30,16578193.696593093,192932.73104244148,-720454.2693233975,597350.6647133827
2017-07-01,16295335.663337473,212879.42830473764,1304585.852655244,532464.4843981457
2017-07-02,15802823.096649213,1015734.4031707747,1267217.2754757982,-126959.82579719869
2017-07-03,15907419.202655168,170981.90444558213,694948.9980637328,127993.38653172893
2017-07-04,16080955.474277016,543181.4685493129,3613.0323867208785,88291.42836172791
2017-07-05,16447654.456613515,-1030506.013925375,-1565556.3762299365,-168720.8910334671
2017-07-06,18613775.95162767,-121993.56046522075,-939344.967447514,-423510.7087546181
2017-07-07,15908885.590220228,-205397.29320597544,130115.11340804443,-331838.92394211696
2017-07-08,14861798.178670397,150391.523314884,-1657509.0336444578,-422152.9575125399
2017-07-09,15722340.762264997,158726.89046776245,1456103.1122792987,-175768.2502745763
2017-07-10,17356352.22250826,-71627.41011068788,513673.82295976713,533734.3384710108
2017-07-11,17719657.03214847,-176499.55400959603,-1980730.0102746873,-314002.51068777766
2017-07-12,16414187.03805466,-176017.2882658528,-76652.31753068902,-53023.70040708717
2017-07-13,14380482.97863114,-626604.1156403606,121834.6106081782,-272545.44393809873
2017-07-14,14236575.240901833,619750.0577222113,-2376138.242121081,76388.5766326474
2017-07-15,12578469.022880271,204839.4524288757,532804.119186781,-203392.29043171875
2017-07-16,13115349.658340866,-326814.1523745795,2073870.3789268862,3074.5443907961676
2017-07-17,13836744.066806294,-909052.6634135889,-1955317.695863584,-282221.1584088272
2017-07-18,13911123.051618671,-281708.2334772398,3248906.12307365,941270.0197856489
2017-07-19,15322060.342681378,-254720.3594744351,1102722.995214535,94436.1741801945
2017-07-20,15255108.682617934,127826.02044652133,-1935670.8239676636,275905.0796866403
2017-07-21,14590500.0513766,-167295.01901598365,-438486.5178527471,558151.2141697997
2017-07-22,13108044.310350653,617576.5506610366,-2151634.384937052,47459.7784674104
2017-07-23,13450183.31180412,-64123.81663605009,426105.8117239417,-73771.15896205514
2017-07-24,14380664.811196493,-645674.0993314962,-557341.3655996899,416928.2966269799
2017-07-25,14959382.992821688,-685379.9865217303,-2506910.6669324744,-38673.711971697725
2017-07-26,15243018.235121354,-589720.9199860747,-85969.15180276222,-320164.5094197542
2017-07-27,15590291.933224583,1100144.0782524887,-802282.4601153627,-13360.678408667292
2017-07-28,14950481.338964876,218002.1626202537,2636963.0119990814,9800.539340260893
2017-07-29,15816865.154910177,159583.79487053154,1922691.1972424,138748.99977452634
2017-07-30,15029557.155984944,658583.0337940357,1997947.975508546,41826.593569877194
2017-07-31,16919656.753204167,814713.5836794784,-660006.013615766,272162.8437425284
2017-08-01,18273579.721481297,-699163.4153273059,-3267173.511760239,-73564.71603006643
2017-08-02,18709417.1808702,-408493.1502573332,2532943.799651405,-379078.8186017598
2017-08-03,17318625.10330117,603032.9652750453,-1330472.2234523874,-139378.2219670049
2017-08-04,15683137.627524065,656320.4798332829,700237.5321377431,-244292.46389116585
2017-08-05,15824260.729461936,-708643.5584963586,2184126.6900847517,-331818.2571275869
2017-08-06,15698441.849471308,-905585.7473826016,1443435.467377097,-272190.6605443309
2017-08-07,16161213.695553062,160350.08254022978,-2656980.804905175,-393767.84524800093
2017-08-08,16524494.047586527,258261.0326198262,-2230628.578770263,-54783.7819217393
2017-08-09,14599595.976409582,-267344.3836267795,-5330900.430392254,-138271.45915503651
2017-08-10,13618401.990135152,-48074.58519507138,1455000.32464776,-29122.309908369392
2017-08-11,13027420.990678424,225023.5030377973,1228965.8944201665,-202826.65454912858
2017-08-12,11216970.509405848,966158.7613313628,685592.1310174268,-50275.84890130886
2017-08-13,8919742.098930186,416894.6503417612,1326121.5957653532,155645.68179955723
2017-08-14,8804078.035251174,158391.62828402023,539192.7162913753,33886.75877980792
2017-08-15,8743036.517040694,-393689.23970269953,2828339.752288058,-70848.40713694326
2017-08-16,8895376.69659016,-50902.45434966976,-189156.35809270912,411066.24469789915
2017-08-17,7626305.72998368,290821.18089045375,-3353065.3193653235,-412501.74056178756
2017-08-18,7778248.060631879,-389112.4996685682,2892176.903034873,137741.56296474437
2017-08-19,6008629.695911695,-161788.82038735502,1986556.8351601942,311488.9525420141
2017-08-20,4350723.346287604,273978.1224467029,561565.5272079795,-8514.469255745356
2017-08-21,4736368.421251411,-508161.629157286,-864065.5214105872,-381459.4587486192
2017-08-22,4621277.006978807,-15091.55804007455,3603839.645349503,208420.4491801836
2017-08-23,5990506.853293389,228941.99995080067,409328.7483268555,-528173.1094651495
2017-08-24,5851255.079025599,-317320.1011914038,1177741.423639281,-59763.08084751417
2017-08-25,5658398.935291514,-47842.03130361377,154403.74712361375,-35469.97122775457
2017-08-26,5546515.419925302,-285478.9773304977,-838805.4863773553,210840.72377613044
2017-08-27,5136322.425645824,-405222.60175031034,-1880381.805199215,-189252.03560523805
2017-08-28,5150878.1129459925,26667.622427377304,-4037564.182965867,-441157.6949512175
2017-08-29,5290809.192143184,755658.6562200066,-4280244.038394685,105316.1384472403
2017-08-30,7562084.118500408,-1280371.1170460207,834023.8094126264,418586.1954254422
2017-08-31,8387584.009821888,-793597.8980969252,853742.7461819152,-571748.9644826885
2017-09-01,6674468.087673619,-139127.05082158546,2287223.1625575474,51118.03089684247
2017-09-02,6089094.016606892,-538023.6184048001,-820704.502829673,48943.3348503666
2017-09-03,5568560.130867119,347758.06730616634,-783986.3754053478,122942.75752186196
2017-09-04,5598547.334325292,353311.86801130796,733594.8742778882,-466956.30878283276
2017-09-05,5082146.287436656,543793.3943917037,-1244081.0537674145,285539.1225171086
2017-09-06,4512534.719112262,-123158.7949875129,1867325.8278263481,-12612.49807794133
2017-09-07,4974187.180867786,699567.6006616208,-1727420.0884635132,-24037.683582466783
2017-09-08,5521953.366993836,427833.54299106635,2192363.7692223312,-53810.366254730114
2017-09-09,4116898.5384272565,-154324.85057383464,767256.6887062741,-100202.17235110849
2017-09-10,4825238.94988609,7073.013124450485,-2246894.250151585,39309.6282728012
2017-09-11,3928408.8700344935,621723.3899138819,-4073545.4578775326,-124344.82973243478
2017-09-12,3595122.75983692,423816.49626336526,2130903.9333460424,-285115.6391806993
2017-09-13,4121573.213732806,69956.77391117453,1418097.8685322243,219273.41191670552
2017-09-14,4628511.891445781,165821.11692451494,1634519.3472292938,-209073.12556269817
2017-09-15,4210879.4292939035,833353.7288406491,-350912.3422350917,-527764.7277163381
2017-09-16,4552905.371725616,958487.3079132012,1970292.8776387821,-52952.134819132654
2017-09-17,4945034.32819885,-503937.4571952037,-1919924.3155068764,95656.49404523878
2017-09-18,4243583.091724913,127095.11495825354,776587.5193065393,-207316.4446689021
2017-09-19,2785800.723797553,567864.2030101074,-1398632.1157058757,350825.7904720627
2017-09-20,2693150.106225144,-350767.23883657774,-1418980.0261779071,-29514.349428732163
2017-09-21,2967382.7243109164,-584317.4690385923,-79429.07790466162,205730.6459777507
2017-09-22,2003119.4594259239,-855160.2437718088,573574.7094300723,865083.9780450994
2017-09-23,1616016.8349727548,-480152.91330585274,-2765245.7167644054,40011.17802430526
2017-09-24,322422.4141383129,-361231.4305112959,3790326.015169776,-250630.95807205176
2017-09-25,691768.4795160573,-70671.46385858773,889708.9144074998,13054.252995074608
2017-09-26,2426188.4179008827,864735.3124944756,229232.663138849,-81157.33427364245
2017-09-27,1956555.417635911,-227032.64727910672,100480.97008350355,-402485.1085616913
2017-09-28,2544464.3721869295,-110038.19653548127,-3376560.118890789,-152531.7634455013
2017-09-29,2734212.8544373657,406998.6321763708,652687.9073490984,91529.96629702931
2017-09-30,2483070.2521587377,-610690.33236704,636696.6339490885,-218057.74906476453
2017-10-01,2777770.6092836317,160444.4897491306,227758.71108441695,12770.651387094562
2017-10-02,2632838.815731296,407963.4861780261,-1755894.9544785088,417004.18501919677
2017-10-03,4153472.130917744,-418988.19763272884,626135.0888429682,6719.626304557578
2017-10-04,4715238.622357395,-1075571.9631626706,-1322244.6198534684,158191.83378349443
2017-10-05,4780403.930474591,300402.2548839577,459226.147514529,220622.74130930722
2017-10-06,4096406.015245398,-164704.80456127072,-365110.4110239098,130046.16796324881
2017-10-07,2791306.4942304874,-521492.14525005926,-1230692.7092606819,219664.29699310946
2017-10-08,2131764.8700293265,-793820.2304645445,-2059786.7240051103,97148.86643582456
2017-10-09,1177653.9733824686,12807.484969036617,1313394.811979204,-78916.52781070174
2017-10-10,970366.3640164469,-300201.2330675953,-460513.89100810175,-111524.16100462282
2017-10-11,1677867.2488566344,1144059.5988910305,2161121.4773193523,172951.36510838536
2017-10-12,-480927.0033591832,-629166.6862676075,-1738976.1042449158,-562245.9143312236
2017-10-13,376855.6420970659,-725381.9896910562,381938.3703822961,-162780.9379604943
2017-10-14,2060642.686477059,159589.37480933327,-548158.5565934685,374005.7929057622
2017-10-15,2307585.0594488624,384369.36651443335,-525690.8089349227,-138800.9653392001
2017-10-16,3027718.101434669,362312.7694444612,-1804699.2613389664,99103.25107353553
2017-10-17,3209249.5962483473,-79346.29200557143,-146048.08831655097,-15053.80429810654
2017-10-18,2377912.4637610707,-291958.0574766671,885482.432724054,348534.9950559026
2017-10-19,3060420.59531568,-26132.49002903078,197742.4124001277,-98255.78531239445
2017-10-20,2126985.475020102,1079059.9502356995,-2210473.7688716557,-12228.23364546348
2017-10-21,1115609.7829511657,883582.0323845268,-406337.7195305021,431646.36654106533
2017-10-22,920851.4557352202,-7926.661614988563,-2313513.870823539,270223.7748340479
2017-10-23,1964564.9970972207,152220.1890315882,-2296931.2564215856,58760.97687653192
2017-10-24,2422414.8434864753,80024.13812213873,-135130.39007118443,366525.9447237743
2017-10-25,2854599.795849723,-222552.91103498757,-545956.0519437657,411638.0451731538
2017-10-26,3575295.0902240817,276235.56013715366,-1053956.9765150854,-18330.615715951353
2017-10-27,3416613.4614552297,54909.60840180534,-2900355.7234760444,-490493.6855804792
2017-10-28,4863235.518862592,-51145.53209415387,4301759.405229144,218290.1476367555
2017-10-29,5533192.219543783,759423.4552407479,2616395.1667459398,-104887.01755148375
2017-10-30,5176539.041290944,-431399.76804215036,-3572038.261180056,439152.59755432577
2017-10-31,5383198.052478227,-194780.83933473923,-465475.5718030811,448084.9397761807
2017-11-01,4554519.825940461,217464.063913197,-1600242.533893913,-297324.7795026482
2017-11-02,4447857.835281358,-120611.02797470742,-1570076.106720381,166513.12021113222
2017-11-03,4978301.747886812,348114.5116981188,889685.1281717641,-474078.69132704026
2017-11-04,4408162.412193588,927329.9017425322,-852396.1902740794,-230576.9261930168
2017-11-05,3523544.770963558,143372.5951466732,-630736.8678220563,76967.49216868494
2017-11-06,3619632.898591781,-91481.70125404677,1254141.693199742,242153.7268295138
2017-11-07,3248245.192306964,-186874.62223775848,1563485.1442835866,123216.37978723971
2017-11-08,3379034.2955674427,1461517.6322596858,-1769398.0990192187,513247.860818963
2017-11-09,3872468.8821350536,-62566.52119721065,175280.9166428698,-146779.76617776544
2017-11-10,3106491.738970384,-62155.58668049894,-791513.4872894547,-55854.01267202752
2017-11-11,4259474.153126693,-56113.20362226415,-1425925.1943081436,515431.3259121572
2017-11-12,4306432.899258662,-254224.35870518818,2324748.2303762934,-334052.1210921452
2017-11-13,2195565.345312183,-99984.22894800852,-1060793.50086566,514083.15843450057
2017-11-14,1561864.2342856461,112241.69578256214,2385780.9688040777,-228059.7799822654
2017-11-15,2092032.1519724964,171612.2138613769,-58447.81929372136,-350677.39451472845
2017-11-16,479581.4717191197,656091.0572077447,-2497723.086917839,-40555.18745238602
2017-11-17,473044.3513133305,466532.73087086447,1510020.8092570745,-480663.7310962128
2017-11-18,1690416.6203843886,-304119.95405083813,4223688.079914959,-75474.34326415033
2017-11-19,479610.6221029407,-423382.2848824386,-323148.4935274475,-152058.0850666799
2017-11-20,-620524.0800444861,140769.16916386035,-394963.0707458581,-125795.69656269795
2017-11-21,-568012.1128239842,150341.93874260815,2070672.228500373,460621.4874787823
2017-11-22,-2047911.84568578,408555.03480278153,-540166.3134948787,283813.4424438354
2017-11-23,-1431122.5489868575,-300707.83439914964,1803500.7448676627,22945.01894429774
2017-11-24,-1166331.4781796494,301285.643875698,3052830.837187594,7520.938893937425
2017-11-25,659616.4664928634,347441.5305042868,-6438242.816367241,-250525.6350731464
2017-11-26,113630.49359548523,-366168.7980571303,-2345827.762262547,-604090.744473526
2017-11-27,-644362.8457030604,234036.09998779502,979558.8538658519,265886.9321430575
2017-11-28,-826561.1883156286,-708250.1540575327,-1721704.8025485603,-681956.0898389033
2017-11-29,-2466680.650199132,-571666.3948591995,-5199491.437662685,258710.11329044666
2017-11-30,-2334675.4522642284,851513.6840568524,873972.7573003337,-45320.917779125804
2017-12-01,-1675484.4561673612,-573071.7152425728,-526175.5077334868,-108175.36079708797
2017-12-02,-1518233.374398436,1597252.708281315,-761185.9629756178,-302525.0325986479
2017-12-03,-2237452.349062077,-41056.491469161454,1724780.651094098,218751.23970476203
2017-12-04,-2505786.728025445,-53311.39146950911,749433.649879982,-254341.24700432396
2017-12-05,-2933655.1736547006,901214.5001265187,-1887566.5911414328,-17961.927643982825
2017-12-06,-3297213.1844358454,-130688.03879925905,3471546.19211261,-135419.38909861803
2017-12-07,-2374725.9004174885,686865.7396518871,2962505.6617610496,256437.34880478174
2017-12-08,-4106238.6961752763,824468.6638976992,-2800866.728621904,-428493.5030406404
2017-12-09,-3381700.1381277908,-294386.073818689,-393814.45607575594,182669.98968413743
2017-12-10,-3804481.9977759123,-16784.450047265564,970994.972894021,60137.32119495414
2017-12-11,-4155299.534061128,-65880.2631275936,-2150003.8000707985,128220.81596455266
2017-12-12,-3532284.914896915,-1034639.1523800058,4044741.131662093,-463442.15696561505
2017-12-13,-4024922.4979288913,3167.859406530081,-4347740.649103703,-164130.86253530585
2017-12-14,-5315054.838937861,644262.6096502136,2261588.4595478782,490127.90235287056
2017-12-15,-5521316.061887877,-1243708.3334166978,3149938.1555079343,-164307.51102412862
2017-12-16,-5999445.329170316,-120885.97439962656,-403561.11339784216,385203.5973494655
2017-12-17,-7686662.089416265,-150535.1271052462,2537120.716203292,506634.0221101794
2017-12-18,-5804115.068044148,3728.2271295704945,-1373051.8903659906,-300196.7626528789
2017-12-19,-4710970.02999813,560023.5910252668,-3055656.597131127,209182.18725170006
2017-12-20,-4471594.799194793,-714292.3010456661,902162.0937733653,-20007.251809751448
2017-12-21,-3571382.347761254,25460.27552740666,300510.8047995474,75706.46677589022
2017-12-22,-3716934.0678330446,865653.0240684446,4853715.459685179,-62439.09707809194
2017-12-23,-3740096.2358811987,607282.0863072217,-4427206.099322639,-370043.4073095276
2017-12-24,-4029151.177990826,153644.7476389132,-3718464.161066664,161877.7846450549
2017-12-25,-4418324.862017553,186262.27504103718,-1580146.232602994,242069.49073993083
2017-12-26,-5344740.724880296,80094.24635501117,2127624.868383715,-49728.52398973297
2017-12-27,-4971370.923884036,-448954.3221572266,-3210847.3152709445,-436433.99310009583
2017-12-28,-3647406.58580935,573093.3827693001,-907514.3095838358,-254104.1890233209
2017-12-29,-2932028.3812721716,795495.041378781,-2041452.1624003674,210825.40357010972
2017-12-30,-2627128.0806844984,-306734.6086666013,3687895.599190158,230994.3012479842
2017-12-31,-3359923.8270455613,-300578.3174901945,3023441.2711540866,-577208.4321087769
2018-01-01,-4696722.346843928,741210.2182246088,-258366.02209243635,247096.83233622022
2018-01-02,-5780111.320591468,636901.5928658178,-143409.21528792052,525849.6846125616
2018-01-03,-4522177.131410796,386442.89430720854,-1706454.5636225077,345073.19446874363
2018-01-04,-4264668.297427134,-392759.00474477565,-1651431.0752952402,86549.86087194686
2018-01-05,-3162959.515608402,593998.810251473,573933.025661964,542637.8207823451
2018-01-06,-2743699.040535877,-734532.2642090245,-694073.4144037734,330988.71673811035
2018-01-07,-4705188.691376439,359973.6363623083,-667594.392350888,-394581.40524741594
2018-01-08,-4731429.531851708,-183585.16195088156,-2671150.6325770435,-168811.70669761722
2018-01-09,-4657378.8174195085,-312913.50215387,870139.7362262027,-913679.4704574167
2018-01-10,-4364683.342217297,338534.9379772261,1198765.5377304107,104036.90664042799
2018-01-11,-5242659.105078164,294426.6772444663,200816.56174973704,126835.86436870077
2018-01-12,-3724459.224186333,-279267.45469175687,-2533728.185669282,-122077.42404032098
2018-01-13,-2189046.428132437,69733.42401350226,2842186.0094734547,-834149.0799589681
2018-01-14,-1750315.087735863,-118266.75400546743,552751.7816122574,-250570.51610972398
2018-01-15,-877946.0564518465,25880.646942465384,505647.81576760375,17104.804387089094
2018-01-16,-2108676.552495743,337537.4671928839,2407616.049315978,-68500.73037611753
2018-01-17,-3119710.509637326,1001732.3742226771,1047271.8592713574,-50144.38296982373
2018-01-18,-3342589.3071228964,543050.1141803729,-351384.95047558134,421202.075800756
2018-01-19,-2790412.1489790343,577219.0263782818,1086300.664707897,-101072.4345692175
2018-01-20,-1839347.873862483,-276736.2608573424,292885.4696202681,-188756.48694197682
2018-01-21,-982050.7495489743,-762418.5028604135,2308519.924119832,296370.55098932784
2018-01-22,-822085.8787805835,-77833.06046216463,-301719.91276273853,73452.68762238162
2018-01-23,-4604.532088983222,-542236.629018632,920550.9546077141,59389.783052918545
2018-01-24,-805179.9873629301,552361.8130034638,-12546.081879317166,106604.0924662713
2018-01-25,-1173702.9792536548,-620223.4751875061,1253563.7583591081,-261807.21917783222
2018-01-26,488505.26623139414,-91741.1946866525,-1893485.2836896565,-214680.0875800726
2018-01-27,-106994.38259950676,378290.66891154426,-2128117.5525046154,-303076.4658919749
2018-01-28,2430084.9053049665,-299439.29061784374,-1816666.0004282766,-28412.246730048595
2018-01-29,134532.50530122966,-329466.9901875793,1876627.4354266452,-306342.8632641319
2018-01-30,-61947.75634724629,197727.9878956908,-1169433.4081602055,-474347.0352934905
2018-01-31,443967.472075595,62515.69717683885,-779713.5834886375,598515.4888844319
2018-02-01,551583.0858430236,-78725.7318566766,-1611279.425448479,40470.86963993799
2018-02-02,-162465.00305248762,346543.0323587474,-3379835.3381899926,176169.0854736076
2018-02-03,-1844453.2122157584,-473606.6546114505,2451577.3214019355,174655.89801247633
2018-02-04,-708379.2373413078,-354112.6543099218,2234464.482373333,-247434.77711462113
2018-02-05,-1227964.6880488375,-138480.16025406212,1895909.4005778825,204239.59054031773
2018-02-06,-960498.0033235955,51281.35879761263,421421.42158835393,784.874494842517
2018-02-07,-322427.61263358593,229953.86243163003,1911502.3258125202,-187642.21153975278
2018-02-08,1230091.184290142,117936.2637633944,1969486.62282187,-87855.40284058463
2018-02-09,1733243.2123793473,-231117.22200588672,-2505925.9373075482,-244105.65212378383
2018-02-10,2384754.0468861572,-205142.60640607265,87430.78803550219,-606854.8706993911
2018-02-11,4290531.956664613,-436663.78986246226,1988563.1017951558,-105081.58328922502
2018-02-12,4434877.358456173,1067804.031833525,1285989.5479926816,203029.99870025337
2018-02-13,5087072.992319321,112102.64341087239,-784549.7985529511,-549393.623830618
2018-02-14,3909403.4301977563,-835841.5929072069,1571396.089464417,34364.10849579686
2018-02-15,2974581.512270285,275944.90541351447,-1153446.9594062553,-167481.14955499035
2018-02-16,3185467.1321229357,-51780.73007025755,85440.5907082931,63378.33068309394
2018-02-17,2812490.883453034,249920.87184796383,877731.7163402783,591390.8008394903
2018-02-18,2133584.583282876,455821.1746672894,-2206089.6522167,-1121285.252765262
2018-02-19,4397912.427807862,-91458.20462938605,-371249.1438105042,42661.07339826552
2018-02-20,4180387.711505988,-579320.1928011576,1892022.4596039865,-287816.7686505277
2018-02-21,5579944.732442352,-306454.55477951403,-1676139.74765705,-28230.839963830007
2018-02-22,5190338.643284093,93457.34650527147,-4784120.004138252,68246.61204599336
2018-02-23,6250620.537037671,-737333.5484814135,-366100.0417881916,-226554.6882429717
2018-02-24,5496182.404768116,-305733.9719324985,709288.0798547141,-126972.93458926708
2018-02-25,5185698.159897829,619799.1187087345,2875085.5447453847,-676121.9052710056
2018-02-26,4670370.354345625,-54981.80179362583,-185852.36594300327,211685.96261600664
2018-02-27,3973621.42415271,-697878.5501587505,-3879834.0572427134,-302429.7346468049
2018-02-28,3173383.705567597,114510.66242183925,3274709.733269437,-111286.79658825527
2018-03-01,2079409.49128914,115326.80060491494,455359.3063218494,280326.6019174651
2018-03-02,2711197.1156371385,315295.28796130454,1588108.1350979572,-185839.10777923584
2018-03-03,2108670.6687422423,180778.4224218829,-2180362.3536013863,165488.5351661761
2018-03-04,1799470.5015091554,8423.833734012083,1028791.164996208,-204819.26584989668
2018-03-05,2026302.5572158885,145674.01326686356,-1197024.8164267812,37500.67235030394
2018-03-06,3857771.1205202364,-46877.98317598455,1160785.7291387382,147285.35180057675
2018-03-07,4885520.434105841,152035.88105857602,-1222063.5112768998,-295456.0232546094
2018-03-08,2775527.9107053615,42563.39771689215,1144121.7898436924,-244633.79428891774
2018-03-09,3072824.011593218,-29838.17673828533,187745.4737362875,-58767.45654969645
2018-03-10,1399406.3931756224,87406.66104111554,-140404.3865107452,431663.80955821363
2018-03-11,4832940.237310339,-936623.8784852483,2958213.030246754,-51325.02720664295
2018-03-12,4780916.468379504,525727.6180505907,562165.0573612024,-454248.5189424283
2018-03-13,4883382.15571099,432327.5734911812,-3636183.358991234,-89973.5687310524
2018-03-14,4536022.829490608,363988.3337928236,729481.2102289802,-126510.25286494858
2018-03-15,4707359.511293397,-190281.85580468917,1747012.010646721,-85035.81250036486
2018-03-16,4411151.522523535,281613.249833244,-4720162.955700661,-3534.9510449325885
2018-03-17,5642444.813252303,204681.4706045159,888242.5200500992,-188156.60219633646
2018-03-18,6220406.846871386,583230.7372922568,-2556615.6062560887,-6950.9165870948855
2018-03-19,5806738.6029885905,-477141.62944984116,-1547145.8344210775,244320.79596044924
2018-03-20,5411389.896205316,-702473.8895760714,-792317.6085149047,-164196.60554908754
2018-03-21,4756397.847832611,-398230.7256503126,2062753.8646645495,64137.49556710306
2018-03-22,5252985.984791841,-551849.5664571878,1319069.9070112165,149511.3060027766
2018-03-23,5509200.613735491,-674006.7015775706,-1367709.0010877044,100382.79057931749
2018-03-24,5673631.999391691,-1068962.5524454392,-1775687.5749292846,568197.2894087463
2018-03-25,6759657.318910587,366252.8835397732,2035674.455048908,23799.198193418037
2018-03-26,6639761.710682143,-167813.0161879905,-220278.92770781112,-178300.63789947305
2018-03-27,6162535.543006787,32634.504766960184,-1076567.4257737775,-572801.7743630089
2018-03-28,6432052.66080239,689184.4497421675,-728501.9319698067,173173.5866099578
2018-03-29,6755779.16462341,287152.1512569026,2407313.562432836,68753.31926350025
2018-03-30,7420532.753014804,-257029.5163340746,-154743.2456473692,712458.795341459
2018-03-31,8849983.786959533,-347945.7978487321,89659.38619949167,-141714.66664842772
2018-04-01,7948240.718992204,123462.41816315212,-1444057.8787984345,265913.71464032703
2018-04-02,8867567.172508629,470502.11057404144,2420221.4321775925,667106.3648022903
2018-04-03,10279598.077851046,-794788.4742255711,-4443207.894958211,554723.0464301668
2018-04-04,9912015.734704442,-419728.98263492057,-713370.1064487393,719430.6722784437
2018-04-05,7930486.4988473,266122.0101516905,-3470726.4130728645,-82271.78934234614
2018-04-06,8024603.52882232,76607.9621701423,-2119453.6392134097,183932.85541449455
2018-04-07,9131012.188435808,272084.3043219156,2112235.8007492726,18314.676986036426
2018-04-08,7932767.668859424,253356.11663058476,218877.46141415593,-614777.2145086309
2018-04-09,9053433.515523553,-155827.10883094542,-1959136.4644665946,-194103.26685494438
2018-04-10,9933921.553217594,-156312.14968936564,1609403.5723354307,-63907.77477883913
2018-04-11,11010194.256525643,726963.3167651527,1075892.006753643,279187.9501971059
2018-04-12,10087014.388353037,-806914.353573678,2728586.8796485136,605478.8544472974
2018-04-13,9951713.838405479,88689.63614065792,1736184.347158088,-54099.71568525521
2018-04-14,8936814.896716092,712590.9971575147,-240192.9232034243,-39503.720789169434
2018-04-15,9747205.120121181,-259642.66259204966,-1640848.7220260024,286875.97601089196
2018-04-16,10170429.07207285,-286096.73082480096,1297444.930641387,377201.0011901396
2018-04-17,9615121.140355205,21391.475312612394,-3572669.9226474403,-418208.7821696709
2018-04-18,8059851.719684986,285527.87740809546,-495518.896669521,-263170.6604352668
2018-04-19,8025137.55990752,747762.45080064,-2392777.7868627897,-298345.5125055991
2018-04-20,9132828.165578634,106957.02862594313,-1608766.5829367086,348094.55284012214
2018-04-21,9570623.827911733,-505484.3831747754,3393173.3624985497,-360488.01642505033
2018-04-22,9721008.766462414,678175.9047889649,3298601.269002288,-200604.1044144707
2018-04-23,11689466.468506549,997036.9937375012,-832893.6129217991,-270603.1415400454
2018-04-24,12849592.166091237,149097.2222619023,-414785.15959871793,-423716.9553808407
2018-04-25,12307015.873143783,18091.580407191585,4227168.697814611,92228.25361554707
2018-04-26,12402050.515317775,-447521.7213100656,-447709.8689163416,-122778.12784151682
2018-04-27,13797217.00807734,-303336.734605018,3525076.83495373,-127637.7260946242
2018-04-28,15017781.845270231,-524032.1348363891,-690249.7770827241,38770.005475157915
2018-04-29,15898028.778183887,404922.31320431863,983670.9127494574,-338458.48968285153
2018-04-30,15379396.29350372,-324104.5217406561,1893777.3405585608,206035.29857307606
2018-05-01,15157061.168738568,530102.4308368122,-1779797.1603293617,-537845.764312085
2018-05-02,13886992.466140479,-448426.3826613607,468101.6381793785,-173457.47152565565
2018-05-03,15716105.872456236,66422.10917528241,2785596.7632032875,55785.624126477785
2018-05-04,14851350.8754646,-788358.164789452,-2327020.2474000165,-112525.46555582153
2018-05-05,14956023.517955823,-72836.8862487031,-1674780.6716262114,-3322.7789570767354
2018-05-06,16781384.233776644,654320.6274187453,3661121.6174803693,-539195.5834000194
2018-05-07,16977239.18587125,957474.7079141238,1731902.1982315152,-241786.51932575725
2018-05-08,16839699.59765518,-792420.8364240833,-74625.0452882277,-193529.9927053786
2018-05-09,17928560.12838652,-126805.56470535201,-212645.6498688108,240360.11329907583
2018-05-10,17420492.442965336,-1050692.8813781436,2147169.6335241026,40222.73498680428
2018-05-11,16165885.266326595,141299.51522477125,774339.0929160407,170292.1285498879
2018-05-12,14633145.83598061,143566.0139765691,-1056951.3877024003,-447385.60034374363
2018-05-13,14796643.65434499,67797.4286905143,-3820033.2987062894,264100.50258350756
2018-05-14,15223446.25971596,-196050.52144456067,-1566790.0864073911,-203621.9133552683
2018-05-15,16747586.951105101,38814.0436604783,589156.2194595023,-382129.73315669125
2018-05-16,15293982.3358839,247418.26834469908,-827711.2575528828,-416950.4082357091
2018-05-17,15072251.31416008,585595.292633832,825410.9249548087,-215802.98967697014
2018-05-18,14994354.298549203,-156231.59197986184,-746318.3221061191,182961.66610335634
2018-05-19,13805929.470487671,300908.1617573796,-933079.7788331738,-33418.91590816665
2018-05-20,12951113.889568036,-881514.0929227367,-554857.2632301877,461383.6056037639
2018-05-21,11838141.927976651,268648.20685111644,1497129.552836656,-41818.606959015895
2018-05-22,11222635.26886238,205771.75554104339,-1341792.785580504,-420320.7505023005
2018-05-23,9811109.077164166,52127.19234428156,269004.1558073724,23258.4643411857
2018-05-24,9853008.18838697,-281056.3245514609,1584814.8845937855,230825.21870747753
2018-05-25,11459471.52062301,-460588.13442170894,2177963.0457782988,-162446.3541422805
2018-05-26,12000864.007233921,608166.6310963337,1130117.6318220904,-100213.3508678263
2018-05-27,11910934.59895614,-499504.2125152409,-1017712.4174700613,6429.973928564078
2018-05-28,11735373.771430414,-251862.05291579827,1619630.520767032,-244459.49011192567
2018-05-29,11361970.768101076,55217.16136769953,2101051.83243225,-45755.51392090295
2018-05-30,11956482.023695527,-500203.1434703389,3117122.852340197,-277878.8255475572
2018-05-31,12218501.687865756,-120427.00229708955,4011753.1039734036,224387.63811151145
2018-06-01,12692397.031210532,340634.5973354129,-1244878.675886158,299614.3117027569
2018-06-02,14582392.328635657,528885.0134727942,2273627.60302907,-368802.87883593945
2018-06-03,16179307.275721809,-172398.69987641092,-2850953.792828941,-453947.4318588797
2018-06-04,15656982.460244406,646701.8888819291,-1045230.6429313363,-824234.4724400954
2018-06-05,14132999.794740988,-119339.9357431442,969563.6250359853,-292894.2683078328
2018-06-06,13118381.46212356,344594.09665269306,-89173.25537054252,-65701.84189055255
2018-06-07,14373744.236016344,327949.9325898375,2981677.5781865264,255434.9135921274
2018-06-08,12930747.100308489,626475.8672330513,-830644.1823870544,254667.99823131223
2018-06-09,12993678.55569793,633286.8529934041,-2843627.3416045206,77349.83192780057
2018-06-10,13294827.2811236,-238024.8037805078,472570.70510952914,616489.5339045179
2018-06-11,12528311.649727829,-535905.3570498193,-496481.04563704133,-550852.6026052014
2018-06-12,11879476.745855927,-83195.49175534965,218251.9669372244,-127728.84397326742
2018-06-13,11416487.211635217,-302111.23977601406,-1787168.1284942587,-255813.43474272714
2018-06-14,9190798.436202236,186134.1598060674,-208110.34438767584,-186500.30473488403
2018-06-15,8365132.361410474,16235.969806647967,-1132841.533156615,88074.28162672684
2018-06-16,7775641.186863672,182047.62516573892,-536814.5412717095,241851.09411680617
2018-06-17,7772089.558337822,-499091.1157492869,2731877.7838875847,-102734.75070651557
2018-06-18,9471717.8666983,1130299.3542920596,-1726004.571384243,-94654.97585135265
2018-06-19,10273828.922563922,6635.5457300354155,-1431323.7913081083,-481095.6846595865
2018-06-20,10284369.363466712,-965010.4540936254,1731278.8027827253,-39307.24807149791
2018-06-21,10921043.262975723,-62552.477866414825,3277488.0364795714,167693.90774832154
2018-06-22,10944026.546724705,465435.6588776131,510292.3939654197,227732.95050350562
2018-06-23,11308364.006656539,663281.3180470727,-3202039.6660127784,-327932.1989960068
2018-06-24,10961088.29367079,-257214.98044551088,-1027128.2919898332,228234.96641011903
2018-06-25,11282867.311027145,86074.54496782836,1751660.2619482598,-12227.936594715984
2018-06-26,9926409.880660394,533587.7588653457,725039.8167827842,-674.8807544986457
2018-06-27,12001069.986333547,846141.3390583511,-608497.8334037176,-36356.0869345604
2018-06-28,12011920.603367792,-57787.52491311722,1092453.552977551,184674.22541851221
2018-06-29,10166481.557276528,-237228.6156867678,1728955.399180644,-136461.72736677967
2018-06-30,10233619.89260076,189603.81158998475,-1101292.7401952823,-183868.52674824724
2018-07-01,10671368.839712769,45619.7011069356,733195.1469830993,-130146.4981860954
2018-07-02,9350222.84360065,-68625.93533003208,-2032328.9441303345,-34442.03367792345
2018-07-03,9614165.958819615,430479.7556610914,120139.08556405746,262501.59455224976
2018-07-04,9942702.459548185,-312474.8081743682,-1038982.5518992875,177424.0180666262
2018-07-05,10933884.424347281,276865.6852038738,-2496248.2618179037,-148504.91103769935
2018-07-06,12544986.156413954,-211787.7612893992,1799973.983761652,-230211.34648681723
2018-07-07,12133531.284647629,-432395.10723148973,-559971.7125573374,105971.6770616962
2018-07-08,13317658.423009124,1386595.4079948945,-1678756.7299917142,222885.67148198673
2018-07-09,12998119.698345294,247253.68057684286,12686.987358571265,-324579.32871031016
2018-07-10,14022814.000330735,240881.0469571172,-1690410.2283348998,-94830.92060029556
2018-07-11,12531302.453443065,-241882.88743210136,970400.208568784,-388652.5025060752
2018-07-12,12501420.020783948,230027.41827793978,1300986.6313221501,-408095.8954248084
2018-07-13,12399181.288348513,-362936.69185681094,549406.2278737739,286306.08038720343
2018-07-14,11722119.530305855,42146.30584403346,-244242.35006620793,84900.92901377333
2018-07-15,12976499.316169603,-130647.4859558503,-3094224.8183961706,-111792.0285119103
2018-07-16,13139024.80528363,166929.6277971846,1967102.6920280287,-305617.1717304136
2018-07-17,12832328.200053489,-398077.491157216,-1469032.6635234798,510869.77186557016
2018-07-18,14154664.356672997,466770.2384300141,-1396506.870580921,89512.71668695596
2018-07-19,13198706.481911458,-141037.04781252248,-4143400.4029357512,66760.15764072658
2018-07-20,13236870.532587986,180101.02266503693,4655375.710578457,-271388.9757821164
2018-07-21,15175438.997311465,629004.8225892833,-2269025.247097485,12745.772738985066
2018-07-22,15014930.22656658,405764.2358887186,621230.9495195777,300881.5660260168
2018-07-23,14181093.475512205,-485.6044672175318,218801.07018335827,-438995.6453182222
2018-07-24,13808227.816556688,-774213.4257549597,218823.23126367602,268100.303821657
2018-07-25,15541144.26893524,-400124.81773721956,1788676.2325212157,-17237.33459656841
2018-07-26,14954684.214554135,-524346.4084069391,2196327.0166045097,59661.379242734154
2018-07-27,15796648.819343748,-597408.2434651282,3754273.453634023,-305950.0177350603
2018-07-28,15314636.238788798,236970.9566613767,1357630.7143054875,153008.33317221224
2018-07-29,15138605.05296832,149738.44726292908,-1127248.744691045,-15879.76696426573
2018-07-30,15739398.589617418,-287897.30046354566,-2664721.355214711,-52179.60710408147
2018-07-31,14314276.183178999,906108.558968252,1999268.9285724584,-285913.19147181156
2018-08-01,14477587.98039064,-302899.8124858361,4164135.597856094,-122096.4616949125
2018-08-02,15811785.595390111,486644.01967978885,-1741238.5690024882,-416754.7947970806
2018-08-03,15316765.534727227,203967.4347821092,-2938516.8131951867,-3918.944020724448
2018-08-04,15326543.993653039,-375964.783238649,-1782720.6390714878,-91582.02267201683
2018-08-05,15413443.00741701,-503742.4858218508,85500.9436483365,118231.52554061367
2018-08-06,14281655.123661356,-597734.9572203293,257330.87080688367,61070.94188115862
2018-08-07,13327625.931160731,206179.65556231124,-2048103.830278409,342116.96383563126
2018-08-08,13134239.572390232,-621733.2791453173,2010364.436170938,154504.7873629777
2018-08-09,11835072.501069888,-931638.0680584398,-1338827.694706568,-167467.85381050585
2018-08-10,12419862.978320912,-259855.03672271565,-1586139.81416311,-166613.16380636962
2018-08-11,12642508.100125927,89189.87965727558,826698.6296846224,186411.24954775526
2018-08-12,14767028.822708704,605971.2790399687,-4097030.0738120233,-100616.28831437539
2018-08-13,16334277.337220248,-610049.5801262603,-1838619.4074503263,-25090.396925813347
2018-08-14,17548092.566308692,-199207.73178284895,-182288.81912920403,34394.363320462166
2018-08-15,18686313.0539389,-669219.7939919501,2293052.548235691,-317459.11422681715
2018-08-16,19005995.262475114,-596178.0606229027,-644634.9209244496,220385.66475707918
2018-08-17,20342278.289892588,323418.07083145226,-1242887.9156323853,-545249.7561581271
2018-08-18,19983293.609739985,-614387.6064158748,-3419468.9537114454,-81857.29078385815
2018-08-19,19401566.2756807,-341641.53396154754,-2132860.391117112,189887.21668467013
2018-08-20,19197803.444781423,-440956.26315985894,2680599.575759219,-11996.718692705546
2018-08-21,19029532.909402452,428810.0928606525,-246187.14842847953,-50529.933733686776
2018-08-22,17853385.785646893,965027.43902583,-1355634.141689991,-27459.236449481876
2018-08-23,18692190.353417885,443124.5609304179,-2346940.444902583,-523334.0635778863
2018-08-24,18330767.12727324,485753.69898732024,-1988796.6144856703,87152.12054956639
2018-08-25,18399927.409438703,-623019.250973448,1964118.7737648312,-113824.22325852996
2018-08-26,17347090.83291712,138125.45014448196,2254906.3249475397,-420183.38301789085
2018-08-27,18466498.81779043,129239.02380217367,2790242.496684241,-26767.43315941042
2018-08-28,17715427.988647852,1011804.3779925901,1840640.2732075958,458440.45924675744
2018-08-29,17777905.02186274,915302.7070510782,1836564.4208248185,710781.1318055489
2018-08-30,18528365.40924349,608102.8160696536,-1939423.0331631869,65795.67125810533
2018-08-31,20250622.07542175,-176081.89253111917,-1149811.7859568417,-279145.83004851826
2018-09-01,19278590.619782176,-612631.58028547,-1728112.300852151,104730.83070169837
2018-09-02,18302730.358841978,135564.7943621416,-764682.9526303993,335131.3256319493
2018-09-03,16723340.159019211,265501.5909420539,704620.7009979711,-299579.53992647055
2018-09-04,16678461.894456938,1264628.765132675,2728030.8457813193,-482880.5111966444
2018-09-05,18533536.88909262,267967.8040299566,1749099.1169340925,318941.0768883153
2018-09-06,18576529.11212367,157481.135965004,3674038.2656851946,43516.52368813827
2018-09-07,17366374.65630029,617299.1338226075,1944186.3461368103,628483.2744545538
2018-09-08,16243592.481614036,266949.3938325789,-3358835.781328004,-145844.48337127245
2018-09-09,16901148.258567855,276341.0115769766,-1636148.5389995351,66934.11731558044
2018-09-10,18547490.125896093,220559.50973397616,1270362.5425512218,97525.73512154158
2018-09-11,18065142.824605986,723260.3934199796,-2077579.6142557499,103095.04880640541
2018-09-12,17952720.34554828,-520.1844051439314,-362675.6372621505,-49406.78124822484
2018-09-13,16901651.804453447,244559.86110215457,-1271382.315354029,135842.85284589237
2018-09-14,17133669.870907363,998971.7807138488,2283202.851950007,218487.89773705488
2018-09-15,16394717.368267542,-507204.51849144587,-480317.352799693,-142762.40080932694
2018-09-16,16440678.966696605,-729040.1143845691,-2795882.755477566,-102229.52810872301
2018-09-17,17088920.073264793,56014.43781954019,1402115.279472475,-286997.23851338535
2018-09-18,15854550.419511758,-230858.74843250986,-235610.48073804786,-400150.8880757967
2018-09-19,15834953.468473064,-171215.2498215951,6819.258796075756,-355240.92014196556
2018-09-20,14883145.449713513,-825200.910147321,729916.4807239345,83642.2618278083
2018-09-21,15479239.729528826,171070.82806218238,1201586.66538824,632842.1621030566
2018-09-22,15375142.101711178,709215.3045294931,-3029871.140024732,-517829.8580337565
2018-09-23,15337075.130847784,-792538.4669358366,-1705390.5815250613,-453449.7545717638
2018-09-24,16252109.444782272,-285665.29877033975,362747.83554226375,-96546.88425734466
2018-09-25,17459878.847402755,186748.70811685748,-1524136.139385198,-285217.0532627711
2018-09-26,18771585.29287563,-41172.62797811621,936307.7397698154,130112.72493306483
2018-09-27,17990744.996578787,-120221.04725181777,1929739.9296661655,344650.5161844028
2018-09-28,19045927.15660712,458493.064110875,3960177.846192619,-8362.880870657747
2018-09-29,20279623.578114748,-193257.7355967645,-1511075.737038169,-107346.5263839652
2018-09-30,19277638.504078005,-302826.5714119067,-502942.73398044,535545.206183158
2018-10-01,18657841.719260536,-250772.60491884974,-2483153.035733935,363582.93308899767
2018-10-02,20399384.872064162,-543061.7293579169,-604506.5556097524,162945.98474025258
2018-10-03,21420040.341676306,1231240.2341436895,1000810.4929463335,183249.79582127827
2018-10-04,20468495.664250176,600738.6519889602,1082067.1931707594,39258.73110848263
2018-10-05,20502610.539930377,133771.709240687,-274036.2577871066,-989.7634921219434
2018-10-06,20965578.410621017,723866.5477138407,-3765121.324112986,178906.7193886989
2018-10-07,22258914.179318253,77903.45572777362,-3177546.742142679,269255.3246566818
2018-10-08,21675118.64275123,-904222.4616706171,-178801.20530203742,58832.7317965462
2018-10-09,19751130.835538846,38243.18450958195,380434.1264107038,285410.8039416285
2018-10-10,19823696.13214112,390723.88069287274,3781683.7465964444,778051.8115296613
2018-10-11,19532787.782819085,-40161.69920405156,1450050.4106059517,-730854.5889545373
2018-10-12,18675619.363032904,-169610.1586043864,1954900.9936939892,169128.45513935495
2018-10-13,17564756.968702525,394091.88400877436,758576.2281024485,-554635.5545910192
2018-10-14,17144170.347352713,566742.2907438362,1493919.0738135874,128863.23333045152
2018-10-15,16991385.349069316,330192.2438646998,214772.70880183947,733092.6491231179
2018-10-16,16386805.786542814,116324.58256789818,-280597.39603711135,57327.75431554664
2018-10-17,17207036.65341281,-498619.5601386549,-1650695.2948570095,268641.65601454
2018-10-18,17439540.199806858,-392177.62894260685,-2180585.4681626866,438145.2213763714
2018-10-19,17163478.27765654,-493555.6111683185,-1990553.9672133045,146275.13159600092
2018-10-20,16914008.991123255,-10603.591524232228,-2943044.22297447,-427.7109220831496
2018-10-21,17259148.21264622,782441.6948058374,-922385.6341015776,-227201.36987759257
2018-10-22,18513024.36001506,212441.4594827073,-2476697.7494986095,-165636.11208648543
2018-10-23,18020265.578774486,-9859.691822890665,-244329.30524730822,323008.27282558335
2018-10-24,18401058.342622325,672754.2268116836,-1742617.0346077809,130096.7088121333
2018-10-25,17844408.89273419,211485.30098710413,-300524.21562511014,18489.40984652488
2018-10-26,17663290.905999675,262135.17339952287,-2158003.895356052,-35293.79243859321
2018-10-27,16171889.506866418,85084.33936273256,1861948.0020760926,-78857.33164935556
2018-10-28,15790049.446932513,-94119.38107929577,1706036.9158823197,-276206.0705306897
2018-10-29,16335087.510914342,-279751.07282510976,-1589940.0732224942,-275624.6595141755
2018-10-30,16542845.127050461,154156.42365591732,-952395.3241616619,469303.5877644677
2018-10-31,15109001.399986103,218548.7724093004,2065142.4921077525,-631555.3333679365
2018-11-01,15846050.062958747,-197418.57210498344,-1785329.167691318,-356830.88303155126
2018-11-02,16184746.31755279,-346745.863512923,-3064643.425090973,-249285.58178822303
2018-11-03,16599095.384619594,-55403.479898213205,-667398.326778247,-526515.2867271458
2018-11-04,15511004.555235917,30154.13773400042,-741398.0107859591,235547.45598652214
2018-11-05,16197925.307442546,-516891.8828429406,-611758.415934928,256104.85027104887
2018-11-06,16754261.147324637,527819.6354033065,-2424248.2056708727,-3000.106914798249
2018-11-07,16474719.23040188,116801.09029936473,-4529548.533005572,99714.26188150668
2018-11-08,15404204.916710103,-252476.4587520217,2651641.307422034,65372.05478805668
2018-11-09,15918661.149305109,-499344.3820711833,-509200.9946388855,-575384.9621024239
2018-11-10,14130200.718841895,-95449.79973901942,-1231375.081964312,484683.17683890567
2018-11-11,14325270.969264377,-816851.6951651415,913961.8893452167,-447549.9799409095
2018-11-12,13677694.006428063,938670.7000494943,1642007.2926482235,-414032.8641227718
2018-11-13,13918335.614435706,778192.1915136082,-2502593.3583356366,32304.583869249265
2018-11-14,14398490.452135364,-357535.7668443115,1211739.5942603084,-524090.306093804
2018-11-15,14940388.062577508,197547.10070515965,-3997860.3081515916,588779.6235945524
2018-11-16,16645616.010442218,805358.8172959499,-1395512.705577223,573246.7842135855
2018-11-17,18799240.808858495,-520612.1130094793,-151454.72901085077,254478.01220975682
2018-11-18,19035456.928497516,-376060.1540371112,1873809.477892846,174627.6819677668
2018-11-19,21207808.22299391,-24567.61571427179,232435.95068246903,-237477.83411820797
2018-11-20,21513553.30119419,634995.4093871944,-87952.01873239108,3782.765864915434
2018-11-21,19041158.14559097,-207885.2160211779,-1281758.3865861373,119749.90647374178
2018-11-22,20455804.71744373,184892.31579367313,1902819.7085692135,-158440.91710351664
2018-11-23,20935100.873149417,-743632.532015804,-2353941.9607366184,-140901.33350066477
2018-11-24,21337566.847719207,-406662.88061870506,-1021931.9781337437,-484714.50044129795
2018-11-25,23022497.028495733,353803.80490026297,658614.2472385156,427971.13900879625
2018-11-26,23941002.758604012,-656561.7677172734,1887302.8677866056,171567.12706678882
2018-11-27,23227414.327820066,131761.80920116822,-867607.0329753954,-197449.86179799106
2018-11-28,22751609.14470497,-722630.7681840471,-3163420.744774496,59755.67744031049
2018-11-29,23673510.023158174,852721.814185335,1808497.6492690188,-267520.7790228461
2018-11-30,22371971.828502778,-266812.1195492344,2894153.087277402,-239289.36474773262
2018-12-01,22622844.217396267,876022.5563871652,139994.17982218973,33265.84239181086
2018-12-02,21785306.24280886,-666753.6002358329,-1043948.7734761812,-48227.5870819728
2018-12-03,22649867.634622432,-240404.1930087227,2511211.6972243823,184690.43284546933
2018-12-04,21735694.735019233,-141099.15154209276,3817415.778817285,596107.4848554208
2018-12-05,21285013.517196074,395357.8929842889,1981719.2703091628,137553.9560615389
2018-12-06,21323657.142890006,115858.50576040774,4268438.8320781635,247665.93897078454
2018-12-07,22248161.390622325,117248.56514146937,-1330621.7905771113,98995.14871101269
2018-12-08,22258106.961599838,290383.175840408,145960.93310622434,-358794.9580571467
2018-12-09,22632407.00629714,596737.6416995648,1452109.1631035907,-528468.8164910361
2018-12-10,23178483.686842322,-49565.330365997834,1041506.9491790405,-50341.394077215286
2018-12-11,24018400.576711997,-181676.08663336726,-2316458.828245301,-166368.4626977254
2018-12-12,24476362.02112129,-146372.95640852352,592627.4934499564,-412026.7003558695
2018-12-13,24086485.88469505,448419.56179213576,1134761.620980318,-295114.80595949054
2018-12-14,23708872.469896916,40216.967329204075,-1468790.217903585,-249632.7360876476
2018-12-15,25142995.49753826,215762.93152948192,333485.4634044707,22596.78011892962
2018-12-16,25571501.194122694,2610.601212832782,-1572511.4012886,-132900.59902617353
2018-12-17,26338850.489214398,-1242863.2680734925,632156.063879372,-168718.03841698848
2018-12-18,26727694.22157168,525885.2912380529,-1092134.8953077137,829263.3415950531
2018-12-19,27689130.629953593,1059461.237690917,52887.294365825896,-81614.50647740593
2018-12-20,29397626.09080435,599376.3175544156,-1791264.0829088076,239926.74039356926
2018-12-21,30615927.3386463,-45638.70969459073,-571311.6794409829,-238168.77455209542
2018-12-22,30295698.0749283,-577077.8285765868,466427.25189680787,78509.46570178184
2018-12-23,30217516.84546883,-71525.46161355819,-1347196.0717567133,-215858.95048704106
2018-12-24,31676896.242309578,-261454.22831296173,1845607.4264193512,-460723.7246735628
2018-12-25,31464942.80795681,22283.34754506653,746837.8483125803,118417.01286882753
2018-12-26,30099225.98101086,-31449.736617604343,132165.40291670742,28216.687109301136
2018-12-27,28652616.518783424,-714759.5638495871,784801.6554844257,166931.5887498487
2018-12-28,27863941.51249876,500792.01252777205,-1273705.9314679077,13615.747168973572
2018-12-29,29406773.57198948,-197444.62034224527,504636.365565166,233895.29860644296
2018-12-30,29199734.393161852,-335226.7928151023,45117.24204073928,-362532.28652303293
2018-12-31,29197615.21196852,-526189.1075720998,-928580.9088961018,137116.25241777362
2019-01-01,29706620.04396544,729871.889674165,-454255.3533759461,257304.13909808252
2019-01-02,31186443.92804894,-206324.3529733168,-2734788.6197848404,-406086.3806915875
2019-01-03,29288260.995453708,-332628.1198511582,2083180.0875216047,-506347.8386411567
2019-01-04,29497164.933492165,85358.39227953163,2450198.9190751924,-513816.08153041167
2019-01-05,29171711.990322944,-452094.46164546773,-201443.55821034798,-281361.9037534023
2019-01-06,30409722.075686816,-38924.06761637874,-3663584.613057664,200843.97094903217
2019-01-07,28661298.574413583,-678575.8840865118,302006.2857646331,-4491.236122311725
2019-01-08,29367266.08974949,1023646.8335563595,-375619.8809224382,-4208.039277825977
2019-01-09,30657067.44176719,15636.206638912687,-1621507.525986631,-102618.20945137893
2019-01-10,29743212.461983085,747790.3404113426,-2190977.7494748523,-385647.73961569014
2019-01-11,29352973.840558246,504668.16516503185,133195.06338626426,125210.28513591996
2019-01-12,30980083.413781192,-543314.3940011231,322106.04956289683,-436399.45905281045
2019-01-13,30735784.340914093,198179.38785046586,-382325.61264511116,344145.3638261897
2019-01-14,30407223.62068336,-90095.99751369083,-1582231.7211095046,-122483.0997057514
2019-01-15,31197111.279735845,-285966.38077440916,464696.2237424721,-241236.67272090193
2019-01-16,30824395.01361321,514247.9212137107,2776854.150359487,-331040.78965646727
2019-01-17,30173495.273721326,-155391.04827412285,-4004055.621444504,-195312.85188280826
2019-01-18,30536004.312050894,291296.5793402309,2719117.2865678756,-220685.9593905044
2019-01-19,31038626.54035019,-195383.11300631007,-1477571.364025129,122716.4743076208
2019-01-20,32430410.163216155,-665877.7469183753,-1870441.8271336765,-87190.62543287194
2019-01-21,31525178.356622916,-268513.59795840486,-1663116.407900964,-51707.2108211905
2019-01-22,30701870.130226504,-761197.8754910228,796142.9254464993,228957.56988331518
2019-01-23,30073037.907639932,-816965.8613640507,911197.8567093238,-95375.03302132443
2019-01-24,28753153.809074704,978051.815836283,259803.9854609577,-624045.4528101514
2019-01-25,28485660.582871698,533016.1363558886,669096.1035148249,-73856.07399986313
2019-01-26,30564523.797332343,369208.5366964063,-1718518.2950159432,-465787.4859940487
2019-01-27,31163924.72248388,-88408.2963525215,207911.1370819531,8602.141656169317
2019-01-28,31310177.75273197,-457565.02258983115,-352507.0922039056,-14112.389258420813
2019-01-29,30913386.271383382,-132315.94957474736,-570845.8994150874,341699.1975541522
2019-01-30,30058690.261976644,431849.53660890897,-23229.8380692733,-215116.35237084344
2019-01-31,31350819.868543185,-252585.47769381295,411537.54805044463,32513.670972511136
2019-02-01,31666139.702982392,599792.9775718973,1623738.7217089632,-66041.27942154977
2019-02-02,32801649.900151376,68997.73188284131,-2218491.4370661997,-242107.65286932237
2019-02-03,34579919.26424989,-233923.51642293538,-1513227.5125889615,145824.9553070672
2019-02-04,33692219.648319274,-305988.63755460305,30132.821041228246,-74122.37479226738
2019-02-05,34387501.01686335,-408323.0749780138,-1016523.6780940167,-87475.84078856526
2019-02-06,35146995.85297996,210035.4951562021,2001396.311643182,53619.73258060648
2019-02-07,33877316.3521092,-67939.43852194765,-2170300.7468257416,381484.1770017828
2019-02-08,34112877.36974849,239998.55666185133,-2465137.6017317115,326373.7335598051
2019-02-09,35289185.48246894,879158.8667544012,-26014.72874469201,115713.33265271859
2019-02-10,33253095.897488322,378609.4622721913,-791339.5658136749,-107463.98249874436
2019-02-11,33435149.406268444,178191.8449455959,3829122.6890129764,-113635.5132922609
2019-02-12,33530172.201344103,479937.93493263895,2463178.403377835,-463608.9198036975
2019-02-13,35022370.76834164,-750781.2195095101,-219590.63898667422,30632.90835735819
2019-02-14,33981442.772860594,-44597.882409462094,1892441.0418224433,-187804.59919916413
2019-02-15,32718737.429388944,409021.18150181626,544412.6297077157,39977.75731859958
2019-02-16,32011817.02015812,321144.5925684623,825038.3166207462,-114859.9540181521
2019-02-17,33021902.734136432,34357.84917651448,1061024.5730854007,3106.409224985689
2019-02-18,33629763.029590026,154137.8450429435,-645082.4104626059,-34563.753318804535
2019-02-19,34530670.91241987,-204516.14334384116,-950665.0993926892,-46101.848809982905
2019-02-20,36273556.394565284,233982.59055200662,-3028455.6537106126,394556.69015210314
2019-02-21,35273022.586576976,-106807.09416362716,-2166641.1976517593,-620380.9973481687
2019-02-22,36064820.74969803,-589493.6298707284,-881236.6293576322,-147972.92618656787
2019-02-23,35050362.52104121,652909.0218907496,1349196.942876816,73372.40551535238
2019-02-24,34081753.64206603,-201827.21475287835,3010712.223708199,-357127.0668040487
2019-02-25,32864493.907333184,-151788.5417275843,-3254451.629501251,643485.0477360699
2019-02-26,32187527.47181139,-197068.14644852403,-953741.9158912492,160061.91909729902
2019-02-27,30820385.721190773,1485558.8285907123,1557716.5763266892,-440548.46074763534
2019-02-28,29467297.706526853,-780121.7280722968,404696.2866935523,-30855.37419023155
2019-03-01,27928530.97616349,917512.7963817888,-781059.2375982157,42634.29987781754
2019-03-02,27801880.090882048,241552.49303339838,-1520946.0340150495,57398.433888764055
2019-03-03,27453698.221479543,-581181.3662424589,-1130012.884086562,159164.25129556548
2019-03-04,25881684.513353344,-473168.4925364216,219479.134156541,506743.9388659725
2019-03-05,24827285.53162599,819146.8734975655,-885106.3051959712,308460.79684722994
2019-03-06,23669201.416713435,-185176.36793858718,2784035.972689564,730793.5385921036
2019-03-07,23518873.640981365,-296126.8413362875,47804.50025836853,-511877.0063825986
2019-03-08,23552613.11278259,-486888.67524571036,985926.578073486,279419.65428478696
2019-03-09,23440576.39485382,317616.720320652,3339923.9877202385,-518284.7405657806
2019-03-10,23497381.442799874,-302519.4114976646,3143574.009637842,150357.0796972498
2019-03-11,22702059.43614072,763270.828745858,-2255767.040671345,-96176.8343916878
2019-03-12,22277422.208542734,626966.0941597202,-1427271.837167031,-157385.76782891425
2019-03-13,21530848.651754398,-721923.6904464208,-5042528.479757719,112150.98264795377
2019-03-14,20496801.76935589,474643.3972850029,-945840.4247547837,-221009.01495447362
2019-03-15,19935506.86945463,505231.42565301136,-402757.03800083586,128822.65986010424
2019-03-16,20161547.344061434,-244848.95483792378,-2866624.021585421,-306481.006438534
2019-03-17,20211892.63455147,3918.9405085033036,1177379.9991034272,-74963.1036250421
2019-03-18,18273302.130112417,-375780.96672898694,94756.76763319665,248598.36451712463
2019-03-19,18349077.188518878,674763.904992143,1602893.784749444,278459.79414840986
2019-03-20,18286666.62697966,-245458.67056709787,249595.62796216446,-229335.8268508554
2019-03-21,18065386.22108716,433089.3375504266,-1494342.7736488045,17569.357479795108
2019-03-22,18081008.572015118,427399.9348917855,-453865.0024451808,241831.50643955983
2019-03-23,17353690.308832705,-122452.25802528209,-94973.84369682205,-140178.38730176768
2019-03-24,19029182.665970065,800672.1114785366,2031063.5925718553,-13779.236536537206
2019-03-25,19308345.75490241,15846.78259054804,-3649141.5344053213,-81612.6984511272
2019-03-26,20823676.8824403,-462592.91335899115,168780.63828659905,469803.4248831766
2019-03-27,20099590.419780485,-655558.1579351239,2538466.6809195546,330868.3162843855
2019-03-28,19130482.114312712,15920.316322113462,-1068123.8312301866,35558.53010237717
2019-03-29,22497349.32961204,-391202.0667168255,-247711.96807145586,119097.14293097978
2019-03-30,22924498.327464808,182789.15143454232,-3998639.5082553276,54816.321243607694
2019-03-31,23552619.498977304,-379407.16734354885,1475619.047617125,-267479.7441707275
2019-04-01,24774850.396595888,-140719.91874686308,-1408704.6109228323,-111577.78378708941
2019-04-02,25382120.034004632,-777772.0500186402,1794373.1458512226,477534.17154045124
2019-04-03,24769649.658379182,534184.9513798581,178994.41476545832,-86352.11298265313
2019-04-04,23480706.463307243,-985222.2987674363,1370588.735884008,-29241.34942821756
2019-04-05,23819070.201294184,64561.281618970286,337584.7939136322,350045.4428292792
2019-04-06,23594597.31021236,-662692.1563037176,480609.71331851283,-463206.8017356543
2019-04-07,23498946.525249917,-759415.6135917815,-138955.4340493795,-217119.21929799992
2019-04-08,25672836.642590385,-496206.1885610632,-1998982.543368273,-276417.90362673136
2019-04-09,26229833.243849657,-269078.0218549036,-1272564.874008463,-197056.6648449982
2019-04-10,26639927.70358312,856123.0692071229,-152354.7647390485,227882.19320923285
2019-04-11,27141841.468808874,-352548.4989901221,1907210.3193957233,302970.2057341862
2019-04-12,27404010.88804583,1474555.1876239153,16416.271469943204,50451.92433518132
2019-04-13,26021208.811408896,270303.742404215,2639483.5482006175,-535068.310304315
2019-04-14,23840550.01061979,-196984.63166929546,-468364.4604126478,183334.59713728676
2019-04-15,24358829.448921848,-10669.75165333413,-1946055.1045971375,144272.12545427046
2019-04-16,22769700.23632062,318299.21423287434,-1985139.498391501,-10627.73200970754
2019-04-17,24296850.63012558,866385.6654657577,1204265.3944985487,238212.6807141517
2019-04-18,24528194.63220815,214989.88525272,1845455.1348798166,54864.55451651664
2019-04-19,24815279.0167625,314281.6355674709,-533285.6557126384,174194.89988387833
2019-04-20,24217688.43408208,1197149.4943737374,730268.2421076527,569619.0603283005
2019-04-21,24978759.484569293,461857.6226922465,-121410.63033465762,93310.48728732055
2019-04-22,25382710.853552952,-889528.9987833945,-2383588.470305788,-276120.18006274384
2019-04-23,27632381.817243036,751191.8535402406,-3964473.037553246,-312818.7951782866
2019-04-24,28389716.466980316,212948.05834170262,-1665177.182107978,-16172.832990931443
2019-04-25,27120371.94749373,155470.7911093919,527571.8236329706,281206.7793575424
2019-04-26,26533047.77872359,258042.908548398,-1793682.5849761628,-920520.0843061171
2019-04-27,26538659.131286554,-247344.10256599108,-180977.98914652155,643686.7951445706
2019-04-28,27317084.445760176,-192047.06997703214,-107582.23987004317,-464622.19639764103
2019-04-29,28533433.676858522,-6161.373476434708,2381935.1453197855,663814.660010181
2019-04-30,29560520.384317886,-595720.986449007,-457646.72103337484,-477896.4865708875
2019-05-01,28203818.498507716,-449037.7696017084,-666628.063133417,8807.133374713221
2019-05-02,29152981.904435154,770194.0788604068,-2641059.646744097,215040.72653988606
2019-05-03,28016675.09647127,-580874.5649129985,-5225723.173296656,-65855.43119136103
2019-05-04,27577715.86701846,105214.17757679151,-1686991.7766899182,378586.7980301932
2019-05-05,28770571.24290823,191017.0585714347,-1533171.0790422466,-62910.08970014456
2019-05-06,29405801.253371134,-439545.9705005633,2481118.3836276736,28861.306864002618
2019-05-07,29463601.56331345,-770612.3994992346,1080777.659714431,503546.8154915716
2019-05-08,27449761.989129677,-641547.2823449256,2297335.8372740797,60005.448925165234
2019-05-09,27017024.73437224,300088.3800119419,-2994681.1872838642,257366.9615124122
2019-05-10,27110504.705172624,517129.4059548148,621357.3346816503,391491.7188719619
2019-05-11,26820593.888187252,94293.16474199304,-1061406.4197215033,-708543.5983101224
2019-05-12,26172307.398302324,-966188.3776323763,2617230.682201412,-430606.8919494692
2019-05-13,25334241.74857744,291850.31104644394,-2622482.3459783024,115961.74677928655
2019-05-14,24394942.18374292,-526218.72248492,194855.1910583645,45209.95148000337
2019-05-15,24393325.779626466,-371703.1566583444,-118846.06417686821,360694.1871702169
2019-05-16,25074402.234131727,126522.27512630104,1249189.899658239,-85819.82155969497
2019-05-17,23082793.070499733,324412.639606569,-265778.3311940771,-153558.8478997246
2019-05-18,22053943.03398625,708336.3676732944,2008593.5339415553,-472547.7881114577
2019-05-19,22391461.145776294,214575.59808662062,1110085.775488557,193740.5645642512
2019-05-20,21501777.325189665,635869.7621138911,692009.4028131703,6342.093714363954
2019-05-21,23525357.40756929,-821462.9363234919,-2806032.5542390896,191419.56283038584
2019-05-22,23763929.219361853,239210.04834760108,770364.4238622314,69959.2304240443
2019-05-23,23789360.43721076,264387.8392984738,1085339.1969622013,144461.63393295847
2019-05-24,25918337.10152766,-112399.74264650485,-1548229.5903526577,23512.327854947558
2019-05-25,26265117.40522749,-100162.9019210125,492351.1306629755,-337031.41625459405
2019-05-26,25675494.578024477,735315.3922445324,548720.7699250667,86577.5200937955
2019-05-27,23994817.62236443,-858650.9571087649,-104230.18538096869,-447493.96365031716
2019-05-28,24957030.105809465,-41384.47193736426,194924.99040229092,267574.4046942148
2019-05-29,23862753.43047791,227150.74809168087,-687158.6044865196,-479107.48326435604
2019-05-30,22841814.792834405,228206.21846506256,-4735008.106955661,788268.684549754
2019-05-31,23036243.93958408,-32469.942412087206,172997.83853077993,193620.03551619579
2019-06-01,22663897.716278777,1293098.9273416207,1230622.4707082622,99468.54201322279
2019-06-02,23222730.6947798,-446779.34989655897,-1841934.9858842653,290554.0138481295
2019-06-03,23738455.928195912,264252.8981697963,679745.2619869232,513911.2114269829
2019-06-04,24912071.365200125,-379702.0760293411,3280307.055660193,100686.61450124177
2019-06-05,23064067.347346306,-328274.97424544644,-1858498.6524520384,-975750.8067057207
2019-06-06,22427651.200773384,375895.715329115,-1019958.8567114996,554583.4002076825
2019-06-07,20332712.189863913,329632.77500807866,-1247211.6081872885,-417508.004324914
2019-06-08,20010560.41340659,-200579.16154195875,-559877.8380049933,-65738.55776482748
2019-06-09,20937255.321687035,792955.0437366035,1637200.6903331794,23233.914776191905
2019-06-10,19708768.994366497,-236296.84105578775,1475476.7339971103,33307.1734255742
2019-06-11,19672813.258786567,319395.28459086636,596236.5379114222,-131899.1090563239
2019-06-12,21034810.47583084,-416061.90073643177,2208925.2262854255,49885.02372657861
2019-06-13,20554833.705335576,-593910.9751363163,1085393.3592376735,61948.374450439165
2019-06-14,22116936.144652326,-120215.1257229582,-2301515.6750852372,2336.410100610048
2019-06-15,20866739.015780754,-545153.001405804,513255.4754265155,676805.053433575
2019-06-16,20171517.525475163,-81713.29411439548,-596203.9228007742,278745.91265153454
2019-06-17,19722155.54561499,32982.446137773266,-2310216.07418279,-74313.0064885231
2019-06-18,19909436.000063814,199688.17165626222,2388396.978440212,-231951.06347052898
2019-06-19,20584291.67393323,-312029.838474604,-1267698.258626698,174102.66283618484
2019-06-20,21974584.246422034,-223926.66190215494,369792.7278817459,-313094.525805376
2019-06-21,21848487.615269557,782049.3204563461,500960.9007772569,355655.96757076314
2019-06-22,23307405.799856428,383144.38601172005,-3070849.078225109,-193150.41616832835
2019-06-23,23513232.646928225,-173224.9892914943,-847572.3849502155,272167.8642526106
2019-06-24,23815034.081748214,-168480.44786014684,-3984352.566001587,205298.40141194244
2019-06-25,25256405.000472777,858569.3658810351,-2073826.437810152,430426.59027973004
2019-06-26,26339082.293592833,115087.97180397563,-84697.0539636559,-128777.63670903981
2019-06-27,24888921.158320375,74817.00865396115,-328269.0110460261,-287992.74975364027
2019-06-28,25777366.367734298,-49117.65543499168,-1857643.8165914447,-347840.54214549414
2019-06-29,25951715.388800416,751020.1075857171,4201148.5674340045,452619.4602891124
2019-06-30,26189193.378416575,578687.5354258843,361540.62711804395,233974.47373851482
2019-07-01,26406724.04180485,-91192.7740941441,-5862609.661637008,57422.01014098824
2019-07-02,26629242.596558396,-741117.5991240869,1603784.8300301775,-63193.67804678926
2019-07-03,26344443.204080846,-502739.48373210407,1824922.52154274,-269685.71516090544
2019-07-04,25638263.069125302,-180198.48635206305,-423943.96430144727,246265.63563478203
2019-07-05,25762254.11145771,73712.11242334032,-3718363.6477064057,106553.2731102222
2019-07-06,25335369.14896811,-71723.97417476038,1865224.401373008,-240559.06632801716
2019-07-07,23758146.642648842,-162248.34976332917,-98861.94893348702,38251.61160874976
2019-07-08,24857816.024827953,-292670.4045630394,-756434.6810551507,-1154.2918604508861
2019-07-09,25686776.66910481,-26613.67936449948,-1667257.731379838,-211840.45928734756
2019-07-10,25183686.18730235,-608639.4720883139,-1024993.120744127,91135.8274329906
2019-07-11,24163380.1087288,46524.83023509023,1233076.747738806,-383641.3798532949
2019-07-12,25237556.5107058,-216207.7996409353,-3847188.809445611,573901.8563276078
2019-07-13,24290629.235492982,-485096.2488088226,-1452503.2138133906,-287876.22518774326
2019-07-14,23060917.005273525,173304.894833918,380499.6069113248,57367.5918866468
2019-07-15,22503767.896093592,344163.4231100993,-2083225.2569170268,203985.09077699075
2019-07-16,23414378.61003829,-57205.24536854482,1018501.3009189239,230512.50913897387
2019-07-17,23191524.29811831,94774.39717106566,660196.3525206092,-74436.04716681824
2019-07-18,22389888.738891322,-375507.1202010965,-1052135.1521465003,110790.04571928081
2019-07-19,21200372.968299408,47750.437772883626,2855001.8678574753,-165614.8932663987
2019-07-20,21365774.34920255,-183740.89477228987,-2527521.8249821495,-217713.42425994828
2019-07-21,22276137.54972306,342381.20811639295,-1202949.5581082134,-509589.7618660998
2019-07-22,20254036.9801184,220187.70542363045,624737.5563399383,284717.6216807509
2019-07-23,20290408.489948343,-329105.5140870432,-90287.07173811135,-287086.78241376585
2019-07-24,20192568.922173038,-535797.6849544541,286413.66584277153,-591866.2994288126
2019-07-25,20427259.775982555,-610264.1724399546,-41107.4695813476,92512.55080608273
2019-07-26,20285970.836133733,-185583.14658809596,425633.4652607845,-340876.1917842144
2019-07-27,18573896.508905996,-618755.7311870728,-1719706.5968901892,130291.43897119912
2019-07-28,19550742.729176234,210720.91910378562,-351552.3479428974,244209.42510778017
2019-07-29,17744011.827586535,195578.9452545043,-917979.2148434083,-88666.2872127067
2019-07-30,18603247.763889767,-220518.35861574204,1792086.9574703043,-291673.6400076679
2019-07-31,19444284.453908194,-357667.3314655997,-988648.9305476944,-331778.3115174218
2019-08-01,19466933.18707737,95767.32071316257,447472.7131347908,-206320.6807216085
2019-08-02,20564546.266956504,-665572.0079425114,-877171.4074781496,135012.2445545639
2019-08-03,20563087.908367064,634125.5627971913,-3764349.5205882853,-133528.27088888866
2019-08-04,20794905.230058394,-245830.08935768652,5321400.993794802,-43750.87260847799
2019-08-05,20185005.740737624,-159620.839852088,-1945788.0195002265,459499.4322774828
2019-08-06,20556333.27617287,87623.20828199384,285689.77349821536,358972.87525419716
2019-08-07,19427171.652211756,1153469.0327888269,-41066.354985949685,-134047.03233390435
2019-08-08,19202143.288716428,201531.97521868275,-5146407.256257559,-13573.920686244108
2019-08-09,18118065.508138027,-508759.2700268717,-187009.58334828677,34551.09010215766
2019-08-10,18502881.96356983,-147198.9738725393,1404320.4044416735,-42886.64327753919
2019-08-11,19728643.600610945,-620398.9031156364,-1788913.7150180857,178731.47385264345
2019-08-12,20280000.555564266,-46023.454363721525,1396508.320325063,603864.9145262935
2019-08-13,21106689.780941468,516924.4821605897,1213448.8087262153,5218.463881045805
2019-08-14,20345586.493370797,-257609.70165727448,-2499457.4561950774,-482677.9792726122
2019-08-15,20094596.940689363,-376802.4576584974,1860489.9134329243,-452890.5960992361
2019-08-16,18937953.81058881,538642.5969682632,3296843.4164163554,-108390.34813470588
2019-08-17,19676789.77523189,-34229.92468173059,-414981.22368149913,-1883.0480478950901
2019-08-18,19762278.016314644,123711.85680000621,10959.24987960825,-284994.42858378764
2019-08-19,22182698.536609538,338917.73823264695,-3389772.0259644496,1781.9981151572897
2019-08-20,23185048.57608043,1053957.5869000135,-2898470.7849934273,378077.3608646782
2019-08-21,24636460.02741985,-196709.83236360498,5090313.535320449,244600.23252436562
2019-08-22,25076929.66680405,324970.1030615911,1860696.7654294744,-78852.6316070324
2019-08-23,24867774.64788216,-12705.959851070067,-2893873.1246329243,-113693.68970926106
2019-08-24,25439221.482833814,-52740.515918238,1603684.0728098333,-62777.13378838352
2019-08-25,26094341.480703846,622821.5954837399,-124295.08128761672,-273135.4624163076
2019-08-26,25962068.55422955,456764.28006237256,-2774742.265738145,290901.3817190291
2019-08-27,24637785.69932667,53853.794694245276,5872656.205965072,394621.3028950214
2019-08-28,24420841.69217472,-248050.97922683205,-193383.013951158,412524.0390597329
2019-08-29,24681859.538334567,686804.332728198,4431287.110045576,-353804.73974593735
2019-08-30,25259183.8442517,-965170.4226095316,857803.9277472016,28866.740311921872
2019-08-31,26207935.1634918,-318057.29663316166,1523295.3579848344,107151.71831129785
2019-09-01,24614718.643653035,-194362.17162583797,-1700354.120774397,773353.5695681951
2019-09-02,25219296.98190663,415945.03438618395,-56491.094273953044,462651.45556179865
2019-09-03,24860879.695598748,-725737.8078919147,3975542.3811379187,129076.00881958092
2019-09-04,24583040.846176505,-523809.90676051617,-250269.98818500378,-422556.8278218675
2019-09-05,25031346.015782297,1059265.7835144156,1063936.9681035015,81152.70567338505
2019-09-06,24917639.544227727,156789.66752129688,-893974.1119276797,-83955.4866820145
2019-09-07,25405972.914043043,-54628.48758767342,1785323.6633806676,-74066.74338209137
2019-09-08,24981272.947554614,-192624.05059227845,1337051.9012127474,-359790.36653975036
2019-09-09,26490406.070558663,-449410.6228701614,-2402061.875629659,-64450.406447900896
2019-09-10,27706946.8201062,349319.88574782864,1854695.9257528859,-33213.14997112046
2019-09-11,29418001.901825152,463734.51516335,-1722714.4128775946,109006.77079629949
2019-09-12,29383916.065645967,-564623.1815939943,2857518.695989895,184905.97487217994
2019-09-13,27443296.343020637,103373.5897150804,-1072245.5386007938,-311218.0107628409
2019-09-14,28026650.839680973,422971.6548885919,1347447.6819974803,-668914.3514017635
2019-09-15,27353907.386366982,369201.7028481424,601492.4649937099,439725.06319578976
2019-09-16,29962736.400473095,-981488.8649361277,116230.86086594626,176258.39727211974
2019-09-17,29702544.20024762,255609.59697578294,-578440.1172261791,142307.90582491254
2019-09-18,30304796.934346016,109164.52036064207,-162925.22555123497,417792.4574573155
2019-09-19,29487265.1231537,-78176.31776563174,1100529.7302491453,279047.78563219326
2019-09-20,28263473.79811291,-486779.9929731643,2774205.2587887114,94278.78441387229
2019-09-21,28603309.29253729,-306467.9633662052,1536939.3181815615,-252979.7442547539
2019-09-22,30324095.47263936,416905.05662873556,1133224.6226794126,624985.2913003332
2019-09-23,30424313.160907216,152942.91294408796,1613303.847159729,134554.69265082304
2019-09-24,30917319.915102575,410278.5668136065,4826263.938359288,-67943.51851388755
2019-09-25,29741459.521029,93767.8276499632,-802568.496135378,-96991.28700339446
2019-09-26,29183424.97033763,436548.15611844626,-2797123.144224025,-373025.2149825586
2019-09-27,28699857.779470995,1479583.9331353158,-1081399.1789379395,125539.19039239877
2019-09-28,28296741.19082434,66060.9765084588,-230386.82301452494,488586.3980942442
2019-09-29,27431040.763702027,-328025.139638547,-3060681.5009355927,-60604.82469785125
2019-09-30,27385704.035255082,-378797.7072223844,4490646.187078107,-101475.38373350869
2019-10-01,28715724.915072445,380110.13475136604,-904380.2714962758,-133764.0193977027
2019-10-02,30833103.719567005,137107.10999441124,2628020.8450235273,272412.4696282218
2019-10-03,30696555.562996253,-1127747.531426112,3982664.5949129555,-191686.74558822002
2019-10-04,29640190.171567135,-203338.2585048367,62684.708539241576,-20737.051428962088
2019-10-05,28529619.29295204,184802.19173139016,2158856.7076388607,-65954.44906970128
2019-10-06,28923613.764174353,-168445.14279109615,-1832745.0168319298,-1964.4064128981338
2019-10-07,29088228.407659747,-355469.8542808603,269004.613356762,378047.9212335582
2019-10-08,28374975.363416746,199778.20168746557,-1981501.350428554,-359792.9014347492
2019-10-09,28408989.8573235,424213.1221764715,-1848170.383401163,-565037.586828514
2019-10-10,30207917.941035572,-460645.2293207635,546264.0737873648,86457.6086916748
2019-10-11,29552068.14715278,329577.60387237323,107911.62439266073,-135202.27472379693
2019-10-12,27567346.869670745,-295981.32638780284,-3366213.736185395,-519022.43443575024
2019-10-13,26260765.474737126,889431.1422985576,901505.3799554727,-686106.6057246845
2019-10-14,26634187.672661524,-116107.28455031605,-210631.48936162036,123913.38028813736
2019-10-15,27142364.320845567,-1007759.6062206011,401079.3133285968,-292489.88023123535
2019-10-16,28940292.822554015,470561.96744649985,1319788.7250086933,253220.15360370054
2019-10-17,28759802.346929647,111586.92060323685,5473276.971596606,-371903.5565058148
2019-10-18,27198768.293288738,793024.2144676909,-546257.541750435,-258970.2271407413
2019-10-19,30370463.161636513,-756488.9018812916,1394019.7208165969,-117264.53061809092
2019-10-20,30104218.321589928,427285.92772762437,-755729.4249775701,-40259.958977404676
2019-10-21,29950795.08572025,417163.1840831356,110528.50545865465,-268796.04919366474
2019-10-22,31757880.66748429,144253.7270065997,387988.34955127194,48820.20947811669
2019-10-23,31782364.466520216,-246596.91124634066,220384.38580236037,6782.059071757728
2019-10-24,31286020.750057165,-354070.0000636699,-2538292.982151884,-88206.91029222096
2019-10-25,31253026.62687562,-247246.10149448004,-2728363.7749039633,396276.6827919324
2019-10-26,33517761.73718766,-815227.6870410256,-1818270.2829444394,-341081.6595005157
2019-10-27,33936977.97125857,149742.82220228596,1026471.8240659548,51623.14787953222
2019-10-28,31687501.098884962,676776.0741916306,1082894.9251691713,-244248.41003486383
2019-10-29,31973079.407917317,90710.78125982668,-945706.0231209922,-13819.493538158566
2019-10-30,32098722.932189573,132798.1670618967,-2829545.844888219,174318.93205562598
2019-10-31,31313845.517828632,-550114.0648074845,3087914.2748742704,-686981.7175146681
2019-11-01,30745845.649581548,-555889.4380413922,2667822.4758028514,57247.73591744477
2019-11-02,29478641.890796892,1279596.0567161487,-2169851.7956858906,411721.9562452337
2019-11-03,27797433.843189348,84043.69521482731,-2599480.1054326436,142627.30525751805
2019-11-04,27203482.139100462,632183.3545231506,-2125429.5301970616,312561.72738502256
2019-11-05,26881249.220957235,452067.13833217253,-660461.2356916951,-147209.77285063008
2019-11-06,27895543.4533711,603303.8313053853,-2418442.860888555,263290.6187217704
2019-11-07,28604092.69283101,493317.12429856847,1223476.4373643296,380308.5772282767
2019-11-08,27944417.55338841,98860.18276104299,-2369102.0850677057,-198500.66575376957
2019-11-09,27632019.53571404,-73175.4066226813,273817.301837174,46142.09015401552
2019-11-10,29016707.728883665,-835724.7229361894,885555.5795649352,-77650.49934676706
2019-11-11,29000764.479895305,548239.7174504655,-745500.174415994,-63002.37424441658
2019-11-12,30036442.015776563,-1952761.1494359158,-210606.79228036816,-272356.22805359814
2019-11-13,29791369.608766522,907822.8213354318,-2626184.3130169977,-136626.18140998436
2019-11-14,30961248.921218444,-357178.6029014337,2832538.5908552385,-392700.0066536271
2019-11-15,29908278.049665608,-696550.5241282166,614351.503751523,-342278.92596738006
2019-11-16,30797603.26719329,797349.1587802935,2496193.304408517,293728.479904124
2019-11-17,30828579.88011254,-183193.62917816816,2219125.4603092535,375236.56878117437
2019-11-18,28992854.416090664,-780666.4765029848,-809152.0329644529,-93103.42849101461
2019-11-19,29790341.18169777,-514073.7103821219,-938438.5806662996,189241.19651241845
2019-11-20,31105164.518962137,-430115.1090974829,1277027.2697946588,-165237.66418335732
2019-11-21,30683615.215680957,368198.9226931457,4760.794025035894,-389950.44440307375
2019-11-22,30919173.879592195,834238.2370616696,2664323.837482688,-213926.9161924401
2019-11-23,29520041.630007625,-205495.7713619923,353699.5117114695,-547614.3170914399
2019-11-24,29330033.187080532,-603800.2887374792,-276049.473894722,-52736.25323073874
2019-11-25,30990849.216788486,204751.91387538522,-8245.692375783108,-305296.3357640755
2019-11-26,30941789.578487433,-447717.43454277894,-960908.2293504342,360276.832998408
2019-11-27,29725850.437421113,4222.365638893648,-1507522.7711786313,469913.19364109804
2019-11-28,29697155.327530023,100073.99101672304,2583378.971376004,-485262.66094968066
2019-11-29,31840677.302443452,-903303.6255706578,4513154.39817921,144189.7768362863
2019-11-30,32067258.743327,154310.21638375302,-2000671.6301281236,-63974.689484741495
2019-12-01,33657394.82795399,-599224.5127688902,200520.0013817734,-68804.61856259848
2019-12-02,33768911.79651415,-202832.93906778592,731432.1117044698,68925.17982979048
2019-12-03,34248063.95425806,-837556.2656783524,1372603.1530936325,44193.927817707765
2019-12-04,33475343.046104036,-395065.11434261553,657138.5656115933,-5119.169617846844
2019-12-05,31499091.67713655,970561.60352216,2287927.0195698426,-261382.5148962495
2019-12-06,31706760.21493345,-515706.6601667397,-273659.37662457867,167143.31538826704
2019-12-07,33002913.752676826,292074.2488928194,473892.32502486644,-515177.3281743585
2019-12-08,31000199.17426333,-707624.2792144782,649479.3776325205,-5606.90874124545
2019-12-09,31593511.088000774,349629.5493207077,-2229626.3909820886,-100547.80703713745
2019-12-10,32771867.065093312,782940.5658323246,-656879.6712307867,86205.9620438209
2019-12-11,30434467.24306699,10448.7898426405,-774113.5139749486,-323657.8679685885
2019-12-12,31445206.166374106,136800.6079946155,529184.9285554261,-85686.89267287958
2019-12-13,30789307.670020673,457185.7811063924,1328242.2079801026,579.3973124773287
2019-12-14,31723421.458754983,-659237.4808101344,-1058777.5427835837,164701.06587030148
2019-12-15,32577059.841469854,-1200307.7072486014,2247417.9151431588,104239.11409931933
2019-12-16,31003468.166759565,153004.9129581788,313385.71013597434,-185075.3309837777
2019-12-17,31949147.85348624,574858.7787987122,3378965.512918429,-650404.0746179637
2019-12-18,32485816.52344991,550297.239768832,1105817.4841186388,-71593.77413185274
2019-12-19,34208975.37371087,-327186.9226677075,2453447.5070140455,-11749.487218924694
2019-12-20,33067545.849513214,-511216.9342680172,-2425342.254486376,554022.0657573084
2019-12-21,32475208.68530716,-443636.2308786206,-2071912.575239517,-21900.486220146064
2019-12-22,32991453.74166207,895502.1259372537,-2580330.743054422,-165484.7186146716
2019-12-23,34165046.28058374,228136.58339160503,2297945.4002067354,-345537.8804817149
2019-12-24,35092309.30324789,592167.6683577005,-2888601.7392515102,-1120195.1946916673
2019-12-25,34539967.37448663,101917.72756232659,-237760.02010118013,-303059.80120797793
2019-12-26,32620300.330223855,189175.89746044803,-2000041.2586717156,263301.32658174826
2019-12-27,32578555.53109906,545249.0482390259,91734.13737504823,-156488.67623795266
2019-12-28,33591422.05077081,-917666.1673353665,1540638.2696085258,126204.64137979191
2019-12-29,33095814.143997155,1161166.3230167972,-289122.7669907671,81756.20991517173
2019-12-30,33510679.862867497,-1127688.2300681856,-524932.3225956833,-190848.48997010727
2019-12-31,34380286.42273176,-152453.1991235346,-36220.58088608997,40869.98994189224
2020-01-01,34468855.28595006,132583.56163340254,1914563.8551029821,332208.9283338983
2020-01-02,34570939.5787694,-575574.2909604918,1679351.7043391322,-272902.7191664643
2020-01-03,34280266.55679666,-255046.62528639837,2857171.46908147,162816.27394879158
2020-01-04,34560505.06440685,505639.64877210674,-1430383.9934535066,540891.956476733
2020-01-05,34347041.27111374,12644.80962859726,-3596092.499392334,-111633.35428228245
2020-01-06,33386214.71387836,14352.97103955673,2522786.8396762805,221600.861433842
2020-01-07,32696555.506087,478028.68249244156,92115.08311630899,-31867.430463547393
2020-01-08,33919449.735023454,-8935.391758880385,-1604242.502280481,-375130.28696802224
2020-01-09,34972158.65635669,-28006.89629368164,-1700616.4626167004,-631954.0415245008
2020-01-10,36186435.37972192,-74272.29540102005,-2359868.8076064195,-309034.59288242133
2020-01-11,37091893.731415205,-489397.4060407609,-3470847.8290468534,-111540.5399754765
2020-01-12,37585727.98532952,-435955.48380036996,3620894.9529018584,-127794.60265901595
2020-01-13,38501865.6786822,123682.04688691477,-230931.2010417718,83878.95346699364
2020-01-14,39563370.43624073,-409378.6740866278,532615.7197516371,-750214.4015121479
2020-01-15,40618931.43775295,53204.93614602316,652015.4349639505,-148433.969492175
2020-01-16,40119198.51207712,-533150.3419250054,1203505.6767723062,-606053.509421484
2020-01-17,41160273.64176082,63582.14824342996,345488.84592661343,-231360.80567456348
2020-01-18,40638123.99485334,-811412.7810733982,-1703879.851455213,-573799.5590604218
2020-01-19,41837019.90459126,679883.4515117997,-404854.97041592596,37820.58432243217
2020-01-20,42411682.658644184,53676.28738467962,1855663.4224183226,-477102.60979141836
2020-01-21,42936869.63667977,-262119.16420111858,-3124248.566127135,-145914.2956961387
2020-01-22,43151339.83494179,-86721.79395120907,1247445.2948410523,34547.925718007806
2020-01-23,43417809.078296185,-765102.7135476053,-2771895.155102691,290464.2494651196
2020-01-24,43933747.481931135,-33409.65056944787,-318683.4629942262,201714.14504801173
2020-01-25,44783546.87923341,518076.10586760164,22094.46370222423,555906.7231913849
2020-01-26,46300668.14545081,-92703.17596223799,753668.5127270797,-657506.4401911134
2020-01-27,45062523.327192634,775784.2191824117,-94322.07780779742,546542.8394878427
2020-01-28,45153799.73299723,-961704.084999276,-4216464.834928699,65785.06102808363
2020-01-29,44704165.24612431,-284324.3943384234,-2394825.2162553133,228383.6593712361
2020-01-30,45817075.352485135,-312022.98942827637,157392.35432689846,70374.70474652549
2020-01-31,45691240.65371436,-639877.1451672554,-89886.1248981994,326780.5044068962
2020-02-01,44318907.828917414,846143.1580745715,571008.7965284399,-676844.848574329
2020-02-02,45571183.961365975,-292965.7495457673,953483.4567523395,381411.2536705258
2020-02-03,45692185.26295272,-509350.60722406534,-3636171.5997584024,77936.29261173186
2020-02-04,44528501.7107512,327380.4850344134,3570778.11842992,-129911.08809783479
2020-02-05,42919075.90012665,-39565.80878441504,-3222594.256604341,-52164.98102270405
2020-02-06,42933460.17955198,919508.4729587089,-413883.8557673468,-614844.4396184499
2020-02-07,42252351.61493328,-119743.83195346076,-307599.3218088746,248875.64496707142
2020-02-08,40823167.93179151,-1074544.3618771073,2776658.475413485,377838.9623463458
2020-02-09,41036840.98492131,-920221.1784624624,-2439844.2187540345,-164626.13692003465
2020-02-10,40362666.52728519,-111553.31533061745,-62257.535070275364,624745.0967986779
2020-02-11,38631470.20778907,-1134503.7817534262,352718.1197270919,241521.33724722266
2020-02-12,39692684.41019951,225785.1310795331,-3004167.0652822508,284478.1088858421
2020-02-13,42530881.38570369,338058.39410230296,-446427.69207817083,-70420.33701264745
2020-02-14,40656088.740925476,532724.3036968709,219693.3801323865,-99874.5730185549
2020-02-15,39322283.973688185,-243725.1012184251,-1865073.117678715,-81432.58064644423
2020-02-16,38089247.929896645,457911.1002758489,-169210.68280292634,-496341.6591311077
2020-02-17,38371255.28568544,-203308.30853202415,-500962.71193563525,246609.44544935695
2020-02-18,37166783.48670516,301745.19096483703,-3675434.6545592085,162445.71638902902
2020-02-19,35282577.57448883,372929.9114860177,-1227190.1676793385,-684343.4527740398
2020-02-20,34966021.13270495,-239345.49592437161,-114105.71650783009,-117191.99776522201
2020-02-21,35982097.9194671,276517.26677700854,1056864.478990195,-529735.9857845992
2020-02-22,36630698.09383716,1265160.7962670824,-1257276.4361443908,-222360.48968343445
2020-02-23,36041443.05219742,-427814.7127436442,6018556.088513118,138399.70568082947
2020-02-24,36149891.75782769,-318980.79660191387,-120250.48140907343,-481973.4489436191
2020-02-25,38568712.00163068,-428023.7855136174,-1241699.0451054182,377351.8047609913
2020-02-26,38460460.14540083,321683.9579448869,-750380.9602504753,-136078.2090455906
2020-02-27,40653588.67118454,575103.4549982332,-760650.4486121084,116605.56264488622
2020-02-28,40925787.22989959,319904.81466146803,-890057.6433586413,218029.92071588442
2020-02-29,42404166.16166589,88044.76404632651,-3151268.185383385,-16714.36754242355
2020-03-01,44040336.45772476,-168170.990805995,-1042653.1210748475,103579.55626745822
2020-03-02,43431924.15679164,-1100431.030287754,-3151460.963461069,-14356.563537148453
2020-03-03,44438030.012679845,-979.5138978968337,-448470.42103881604,27787.175555369926
2020-03-04,44657179.79564557,-139547.12672782136,773837.0902052823,26461.358825877094
2020-03-05,43990770.14851389,1010279.7630138827,3536792.980564752,204205.87822571542
2020-03-06,44946878.01744441,-296898.6207777229,759025.910800724,461181.86407692265
2020-03-07,44799704.89376142,374540.5890578822,-53534.11359244636,325415.35602755606
2020-03-08,44944570.345763855,961404.1950843035,592912.8224608764,422984.8817816443
2020-03-09,45038240.98870599,581339.2962803757,-1020840.9504031064,952481.1096066616
2020-03-10,44255059.508339494,-16972.63328304039,1249476.7958204472,153060.59373977565
2020-03-11,46174738.90729266,-152810.69979419117,-27469.950564406452,135324.45926540362
2020-03-12,45737431.20666379,301388.6667849257,272850.5269898308,2481.2965602913173
2020-03-13,46711843.526160665,-149302.08798309008,592886.7726740179,-116853.57602495124
2020-03-14,46900848.81883309,17547.93457338904,592629.174108397,-55326.831447329336
2020-03-15,46969047.9187458,-204936.42783876412,-1118773.7099344353,48637.10439886419
2020-03-16,45414939.47905091,-572642.4107495064,505166.52888007154,268102.91396883206
2020-03-17,48672942.44505155,-196425.3470497532,2430876.471718216,-485882.9990832982
2020-03-18,49316092.16971501,457329.64944106323,-1953480.6957242503,-22125.006666208676
2020-03-19,50297871.60301271,-579424.2696539754,1635935.5440114257,-347925.49561943655
2020-03-20,50575095.95929967,-297251.97462992923,1149809.1767424988,545357.7040448674
2020-03-21,51612139.14915499,457650.8530324902,1493842.5244196372,331752.3123230057
2020-03-22,51633561.656692624,-155241.66153302047,-1089254.1345287357,256241.89458761996
2020-03-23,52087250.640876435,-636153.43030311,-54097.78493464234,22517.664818385212
2020-03-24,51101999.28414703,127070.588570945,1953377.9412753857,59248.18672148644
2020-03-25,50051148.988954335,603557.7388326231,886380.0318929172,104737.19952248242
2020-03-26,49520496.372879155,-571225.7618601138,1718888.785841351,-336665.407814407
2020-03-27,52022319.69989058,-306174.96330477926,3199435.9372534105,-293688.51400053414
2020-03-28,50045069.01287246,922232.7626306437,-48457.011545418725,-249189.69790649234
2020-03-29,49853506.14431489,-663316.749595043,75684.50235010766,112002.57550643543
2020-03-30,50890372.46244554,562079.4152168365,767758.6428677975,-284778.8849616723
2020-03-31,50494561.778411046,-389178.79928041843,-1276187.5574051396,-326259.74343451863
2020-04-01,50947505.61369757,-560089.4953304535,104507.33101866658,358784.2655531686
2020-04-02,52308181.02069094,703610.9999699789,746760.0573039633,551564.4301858235
2020-04-03,52597594.5405509,562868.01330426,1499576.2008530356,274261.15314041
2020-04-04,51497355.628074944,689081.2354589045,1174361.2312810535,19400.317415088466
2020-04-05,51841932.31370292,-399003.00150853855,-384032.3421493369,33765.37602379558
2020-04-06,50148178.84850732,84985.41427715299,-1779690.3613254817,-402594.2937222181
2020-04-07,50073430.32329929,24719.466120579054,2208098.129458289,464649.95503744704
2020-04-08,48702079.583966695,-352390.72830488783,525639.7445217766,-47500.64263468618
2020-04-09,50832851.19606341,-492662.6704265551,-1370422.4918094277,-424503.4922576628
2020-04-10,51319669.833664365,470257.15742672514,-4328810.854806223,75584.11057458582
2020-04-11,50261354.917114,37277.37212143842,102284.39072930418,442951.448163975
2020-04-12,50707504.27663354,307463.51227886765,2108839.8254058254,-298600.4424131573
2020-04-13,49524549.66658764,-450137.7984488376,-3032978.884168002,-434470.2702233759
2020-04-14,50924852.2254751,-385140.11125173187,-2849780.717726046,-212746.72762035768
2020-04-15,50900851.58229733,315762.4518945878,1171508.681111931,142087.45300900936
2020-04-16,52383684.03008012,210562.28444244876,3144170.840835201,61448.6642738417
2020-04-17,52237803.98234037,744840.5734762904,-77484.23737115005,-252738.5066692673
2020-04-18,51847454.56363202,1230272.2546552967,-2744560.0897458335,-526552.2544383099
2020-04-19,50823725.59483923,-1241197.5037552102,149701.60322837328,-109905.28728071437
2020-04-20,51933010.45870365,-76405.6239999885,1408412.2816773779,315766.39931694674
2020-04-21,53193355.245058924,521262.773839646,648480.0971257109,-475150.92111419415
2020-04-22,53939702.07012613,76840.26243118406,-2107936.357772772,-379158.3089736258
2020-04-23,55007244.639420256,-382909.95553850057,-1270828.778556602,-34496.98573461075
2020-04-24,55754986.195118606,115902.70742186476,2408264.3262597634,118106.58677951412
2020-04-25,55649946.48526323,784668.6216719415,-624330.0419032057,-430868.88947339775
2020-04-26,55999519.63609151,-540831.1987662077,-4090621.4460753934,553680.8302242442
2020-04-27,54950573.26062633,-659370.0857588629,-1151663.1253342566,-1094793.4344420193
2020-04-28,54665268.542196564,369220.3667199023,-1085797.9508897264,-337257.63183258864
2020-04-29,53218953.58176702,-822927.8849614845,2179458.6361899762,67552.04748939115
2020-04-30,53877942.15523542,288956.15253315744,-847641.8091272911,90496.6219198053
2020-05-01,54309859.88990321,-118609.22902049983,-1291326.5495559138,466228.77368557476
2020-05-02,54599836.193504296,36175.68248468644,751872.0460522189,380572.92786908575
2020-05-03,53832976.51334188,-689273.6960702906,-3445860.1067133113,394640.6798219847
2020-05-04,54231178.01556405,-381874.90137798985,72085.22668261471,-72002.18183318277
2020-05-05,54588670.44978785,92973.5949689029,-2405529.6971137933,401168.608669972
2020-05-06,54215507.23208058,751004.3643429216,-70204.07491265045,-224200.33618707943
2020-05-07,53301892.70245931,-635712.2777533251,2403307.782120585,-327053.06417616596
2020-05-08,52164108.267738566,-830248.0912836035,-1845128.145523885,-112632.53254247564
2020-05-09,53526191.68872138,164452.63431227522,1294800.0251942857,169971.7990743842
2020-05-10,53545839.59302693,478239.76465814613,1960208.0760197344,-216032.93445375244
2020-05-11,54666512.373032995,-661961.2067875211,-1283439.1552052305,-300918.85557194956
2020-05-12,55061877.657107025,-220087.83328545463,-493516.7376845761,-91514.1554062979
2020-05-13,55244951.66843627,-180384.54558414227,749705.5567618869,-332649.63428598404
2020-05-14,55490045.12287632,-509843.465260071,1118295.8289316967,211971.254076023
2020-05-15,56219226.76284085,-263841.31515061646,-312846.52578836225,102568.89726972535
2020-05-16,57740853.01037532,-120497.16109733528,2755766.4845310817,274175.8087631608
2020-05-17,59175356.851578705,617803.2168271735,1471721.2767302156,-127151.43819858512
2020-05-18,59438011.49246624,447075.12506662915,-957131.5797439074,297705.1821968663
2020-05-19,59234232.25007609,-320879.3631072532,-549989.5982407762,162972.53849488177
2020-05-20,58051198.271074325,-176311.2091961632,2709624.10402572,-434051.0815642483
2020-05-21,58600161.874287225,285667.2152588909,-1519175.3532634764,-504594.01601123536
2020-05-22,58268907.94342653,663670.417343999,805364.4631063112,220743.00208495164
2020-05-23,57979027.39250337,-31539.410838258245,827318.7945810658,537283.2421745589
2020-05-24,58239431.98779576,-58912.80749009904,1010904.1628499434,199647.53943620337
2020-05-25,57253410.743418925,-185448.84520820534,-260128.52147412012,42555.72720422456
2020-05-26,57599750.99292045,-670438.1562297838,278645.712788752,-79739.02485672939
2020-05-27,56609914.249290735,505160.6245517797,5647.509240248671,-271782.30196773453
2020-05-28,56889369.68933411,114610.49637362079,-542183.6520895206,-55636.14338931396
2020-05-29,57223721.83427908,517312.12254399026,994805.0544717511,-184776.81771794477
2020-05-30,56141028.23697501,129201.5633523496,-2452609.05160465,-904217.1992744053
2020-05-31,56105685.636707164,-315361.0616962323,-2287922.3584470684,148043.69337559474
2020-06-01,56607565.17832131,-43948.80019611034,-1011803.8616525402,-38765.24835504539
2020-06-02,58092700.62847584,-61325.69629238968,103701.89341340712,316293.5946677428
2020-06-03,58880982.25101674,-498123.92793940415,2307375.9305873765,225840.26587273093
2020-06-04,57992092.907170676,-34454.78642191951,1323189.9282399854,-66669.611208248
2020-06-05,56434107.34777156,-239519.79255196813,-2521668.370015137,-166022.97978664402
2020-06-06,55891558.79208464,266733.91244796646,1066737.3314721656,360172.89386765315
2020-06-07,57778055.65169492,485346.4329050166,2328040.817354239,-129055.79013763602
2020-06-08,59294596.0229485,-189250.02920629052,142411.741438713,177655.80942929833
2020-06-09,58495951.37752,-354270.7488872337,-1635225.2510202092,-325802.0597906107
2020-06-10,57765279.06805035,1038738.5274013658,-699642.5519158964,-229727.3779019974
2020-06-11,59274586.62843947,-561962.776830095,1698922.3667871032,67282.59429537898
2020-06-12,59192001.154062085,21176.737477288596,-1586597.191979558,95220.13152860243
2020-06-13,57860062.524059586,69838.32210153523,2091074.630210671,75495.94664230186
2020-06-14,58244094.56409207,278006.61092158296,2036534.3115471802,-52684.74176482871
2020-06-15,57955243.99973042,515017.0675661525,2881053.0175534408,146629.72361941333
2020-06-16,57398488.31394837,-245841.25942482013,3612827.0923085483,-35327.015856044374
2020-06-17,58400400.8581984,-525834.769700958,-596682.3794036144,-222894.20371180726
2020-06-18,60285579.555647165,264993.0585933849,-2992542.4419304663,301522.18268172204
2020-06-19,58845420.03421137,-361445.8536710859,768615.1676408121,167190.99665743994
2020-06-20,59040930.05465745,-375073.55773920333,4217877.549505928,62794.1156275019
2020-06-21,58000573.56325568,954911.238381508,210236.0605243407,234617.05494740375
2020-06-22,57363304.49682398,127901.5563905421,833689.2211984681,313095.38270330033
2020-06-23,57530632.77616296,-165403.5425272423,182578.25888382833,-245170.34466181652
2020-06-24,59197222.928588524,213586.76835930528,1580147.6882603914,-209950.91047028216
2020-06-25,57792478.06367049,-368048.3871173792,878113.0741865342,21789.994441742256
2020-06-26,57220550.096794166,-298447.9335371747,-1605006.280888411,-227525.64024106765
2020-06-27,57300104.989960104,10321.964734647709,-1891836.5849570984,-148914.3522709429
2020-06-28,58291076.32695669,225788.7256365667,1875562.3969447892,-188375.87104303308
2020-06-29,57371879.08450248,-847372.0129225387,-1205588.6200542576,-70737.95372445702
2020-06-30,56301018.149354264,-2278.140682522688,-1584831.0610281536,-121260.71042536382
2020-07-01,57050106.29743333,-23051.534775790784,-339908.1335659259,447738.4073971489
2020-07-02,56804928.20507208,305750.83285053563,-355087.8240247074,-81074.24476160397
2020-07-03,55816034.69460249,-218646.75659074276,1423145.5595609215,302024.85865775053
2020-07-04,55339446.97286839,86297.33880330819,-1285205.833393063,543341.3429459877
2020-07-05,56437215.11315063,83753.85752382007,791357.3087139,158764.23691615855
2020-07-06,57165808.1540599,101549.45228699065,395286.26383397303,-184318.64944731892
2020-07-07,56199769.09307037,242948.65418485578,-3790610.7298526717,9703.332740856058
2020-07-08,56842623.56819935,35675.06573302694,381107.79686041013,-101305.90508667678
2020-07-09,57589842.500466764,-188177.41490475458,-1275740.900976319,62390.35829414236
2020-07-10,57642956.62923476,523555.3480575367,-1424340.867691504,100637.25257460216
2020-07-11,57298748.490559146,-224397.73165161436,702167.3774107251,350649.1083255567
2020-07-12,56743241.29172339,226159.76155535894,3662434.504576363,438972.96479462495
2020-07-13,57659503.92712548,-45020.81267196634,551929.0643113627,298593.4464077254
2020-07-14,58043443.93679336,-70573.0314284564,3729421.4584416673,170020.62724297727
2020-07-15,59698722.511249535,385481.86462210334,1326482.4241479794,77808.54704088981
2020-07-16,59519680.34326035,-718706.2096511362,-3383426.0196480164,342010.67940507253
2020-07-17,58913415.12953608,419226.0972594888,-608501.7146712231,199026.3434303973
2020-07-18,59048455.55617232,241079.00729079812,-956865.104774848,-9504.26846517944
2020-07-19,59580104.13108926,-804122.7381152915,3773834.7511062245,311529.6060561113
2020-07-20,60131790.84520913,269286.3731864128,1574667.868657571,-270049.0009821169
2020-07-21,59123646.200669244,42865.820842563306,-3807929.5813055765,31473.07135575915
2020-07-22,57848450.895518295,97368.51188345003,247099.27775666662,203405.004872388
2020-07-23,56150399.94171382,658647.8862812095,2161422.9496348444,172054.06240244102
2020-07-24,55775224.41766104,-282548.5714086865,1568281.9053954782,52753.6934606683
2020-07-25,54715028.57004716,-582698.1813996608,-1795369.6945829017,-379061.8132356516
2020-07-26,55504385.9076141,-175457.4602111884,1159423.6356248083,209831.21540468963
2020-07-27,55784865.480588034,87812.63898906777,1508326.2961406696,-104628.97021487718
2020-07-28,55472246.39349392,912126.146287256,-2234988.0830802177,445808.4904233246
2020-07-29,56510178.87918504,910998.3397236229,149366.6834592791,51890.84236695337
2020-07-30,56676988.971186705,291892.98149154626,-385803.84338579985,213788.0150448208
2020-07-31,57000686.99277406,115104.80803099155,1298574.668406936,88797.65787957095
2020-08-01,57382077.77269031,988019.1076349337,-1564252.4509501222,-134232.74718944874
2020-08-02,57946567.296041034,-367487.7064412363,239710.1917114756,-299754.5660793717
2020-08-03,57209062.226684846,21373.539223217995,453914.3266550366,-231097.88672367609
2020-08-04,58001133.14927283,-280105.5224036225,-685227.1883640256,243535.608630401
2020-08-05,57769762.88619867,-131816.88028399288,465726.48905486154,412872.00249262893
2020-08-06,59791243.57956964,313486.9651265997,252037.15158940153,-573674.2893208878
2020-08-07,58537757.58978757,-598006.4233595965,-1589100.01098047,-589337.5306367689
2020-08-08,59008788.27422276,781815.620409995,-1482995.5274725405,85591.27433554047
2020-08-09,58825054.112685405,597000.5059077854,-1628524.7684955322,135470.9377132222
2020-08-10,58923721.157002844,77803.60377547257,-830203.9420684543,244406.98209356124
2020-08-11,59736760.29129701,734558.9879646081,1078691.304213088,-177451.6681188009
2020-08-12,60308141.395602226,-831923.3711390169,-2126792.6853077826,19678.70302704901
2020-08-13,60699382.30838522,-587475.8368136893,379297.87996419333,106943.8914239336
2020-08-14,61107768.14754101,120689.80699452096,1789148.8339714431,-37100.6214037066
2020-08-15,61259868.17062817,297424.01671778364,-313710.5585586257,87821.1348753614
2020-08-16,60617213.115976036,575506.319283004,-1525095.1752332572,-167167.4117717719
2020-08-17,60807297.88831352,-355955.761368288,-747968.5805430487,-377845.80769406416
2020-08-18,59672473.62081863,-311593.3019824467,-1348619.0514819718,-156253.78990791203
2020-08-19,60842884.91781825,-157062.2223704078,1990261.882650376,163251.09966637334
2020-08-20,61672823.154488854,-354860.69393268175,2072972.9929661374,-205030.8152166267
2020-08-21,60256635.28802874,63278.968744104044,-101670.65202043048,576100.5565331343
2020-08-22,60431939.10731551,157345.67306762247,-410540.5580097441,-104133.03359930628
2020-08-23,60295319.41592477,9547.500812287988,3656835.504873523,-276549.9953031483
2020-08-24,58788821.70834796,745687.6980644405,-1731109.0431385804,29284.095677197565
2020-08-25,56141896.86450791,-80151.54255256783,2676177.9641264537,140218.1531519929
2020-08-26,56641328.74362133,-592323.795745963,-2421240.64790905,71306.45068259079
2020-08-27,57038788.44248432,267206.470903885,531120.1258541269,-238799.65901785344
2020-08-28,57388234.94452348,368345.73023703916,-1647092.7577166562,-187897.46332471742
2020-08-29,57492702.43690407,838622.3120163864,-761840.5766133335,400808.02382645616
2020-08-30,58460099.382491626,543992.5397214971,15461.060878849365,64002.84364173192
2020-08-31,58654789.63038792,964732.4934871185,945027.2209533688,552509.0449784826
2020-09-01,59864833.38156884,50097.636417723814,-1482568.1937648128,-328780.3645202387
2020-09-02,60593560.3140776,413682.915487084,1286713.6345531282,38763.820334833086
2020-09-03,60423751.408206694,-66636.34559945502,841902.1291162004,-84436.9012963824
2020-09-04,59232846.7626818,353686.8093376157,-23221.27333327992,-371954.2621253786
2020-09-05,58646357.13034637,-922747.9407339763,1760662.606177418,-26561.483462260858
2020-09-06,57699994.94061016,-369218.3554269287,-404440.9633494871,-339227.3494589158
2020-09-07,59446624.82237881,795460.5959849696,-3102107.6642653425,167909.0206364726
2020-09-08,59373466.47321451,-490485.0509231935,-2193558.4727225006,-211572.765254027
2020-09-09,59458323.29249091,-411618.36452562077,-368421.610107072,-345879.2906132553
2020-09-10,60969259.738742724,368591.17611173936,194329.7574774038,87433.57342770291
2020-09-11,61342939.064409345,-681497.5280280315,1482014.4476074206,489991.8199005266
2020-09-12,59737125.50310267,581127.1040448205,424008.60990425455,-3367.518634257867
2020-09-13,58677047.265315115,57324.40863357006,-1771418.4937670499,208465.14291211832
2020-09-14,59007465.046651594,-375079.97162073344,-598891.4507340435,149164.53227868993
2020-09-15,57403503.1528346,949068.7144978886,-2862842.2388069443,167369.23707558
2020-09-16,56616785.36862274,242690.06602194972,-42358.92219749652,-3330.7925015445635
2020-09-17,55173327.80808498,762317.4985672992,702730.93465822,-79891.35538865098
2020-09-18,55145788.59127219,170927.6037998096,1603138.2157061493,-297422.2560580553
2020-09-19,57518898.322924234,-556.4219631161518,73331.99877440544,-416983.15945059335
2020-09-20,57619242.797456324,-705346.3529015614,42752.746412807544,-309444.3798740453
2020-09-21,58597628.99978489,-737500.16950925,-3086505.4585059835,-262962.3665928758
2020-09-22,58336355.27940009,-701830.565080096,-1303258.579535026,-2494.2921221547535
2020-09-23,58160387.22271029,256760.68686947844,-401859.8276722833,-704207.4091819543
2020-09-24,56824536.11378519,62695.89359504513,4588784.360692639,129288.23970847417
2020-09-25,58248311.43104933,-205457.17682027255,-1913457.6650614543,323536.12710108573
2020-09-26,57904322.33506889,-48453.34996781746,2123890.1119230157,-210682.4429689804
2020-09-27,58204237.4962398,201431.790496329,-2714830.9784585778,-174209.70245343074
2020-09-28,57265122.80608084,244542.8249392603,-3420251.9859795244,514565.497556579
2020-09-29,56261865.85722635,659920.8594974154,2077941.8324776234,-226811.95576593524
2020-09-30,56300434.973804295,1477179.205203541,1404531.1386803393,41888.71317515273
2020-10-01,56246385.21573748,-111710.7152011708,2224991.82150849,183381.837748671
2020-10-02,55038835.05148607,34895.951322400506,814133.8032630335,109826.90670987016
2020-10-03,56428669.07918709,622070.1338874401,681641.2772695381,201706.04816004296
2020-10-04,57464169.603809625,-805228.077975753,-2170253.2281259173,173950.16184512782
2020-10-05,56636134.3562603,-269618.3324049546,-761230.6334512057,356399.9479515066
2020-10-06,57397859.84115088,687493.5605717668,-1022578.6940072452,380836.29128306865
2020-10-07,58433336.45997266,1041804.3123114055,-1752065.3496752204,347902.3399022257
2020-10-08,58509018.749256276,644489.5704817374,208131.54692730567,-106025.88388669689
2020-10-09,59134527.30462183,638500.2770275592,-459738.6269230433,85726.23106652527
2020-10-10,58774315.88078082,229197.95503195986,-2292439.5776127153,303738.3279956106
2020-10-11,58660419.12128653,-796115.1290985324,421685.4915473795,-356751.1627255117
2020-10-12,61006632.25286828,-83526.42577403542,-2350337.5804464505,189370.2841581193
2020-10-13,60679132.536165535,-530861.4734973075,-779676.7676758772,-32565.456470847897
2020-10-14,60268561.136795275,-21971.87512839123,24443.795945647646,-854749.5201867317
2020-10-15,62627299.01920638,-312145.62185317144,292655.32046354027,-510231.4535070683
2020-10-16,62616349.27446605,599000.1498866549,224936.87443179506,427965.8692393285
2020-10-17,63027265.68493802,-67786.1634182831,1699358.7978828982,-340053.08190761466
2020-10-18,62920970.0206893,139126.2463473283,-3857249.517954659,-373671.52320047515
2020-10-19,62642424.96306047,314255.2151383951,-3905276.704607314,449780.1844132807
2020-10-20,64548163.39254018,205587.2418389674,-2595142.45295361,-240236.60857726843
2020-10-21,66532055.27195157,342232.23491886485,-1533972.724129717,476927.82453082374
2020-10-22,67231372.04503676,636146.0471383994,-988608.0170838252,-8693.482400755629
2020-10-23,67425415.55371167,800945.8801092058,965305.970812485,416319.01897611486
2020-10-24,65628040.43123544,803547.3844504923,-265013.1168327626,350397.99156002013
2020-10-25,64952858.94174505,225137.29404975698,129595.92048320334,119893.5575141811
2020-10-26,63951584.67205015,-194198.9072361913,1520967.014958428,3863.7322039183455
2020-10-27,65448581.815742984,-36586.11122433984,2063698.2101783757,-253173.46275891204
2020-10-28,63296258.828182876,21151.453992304174,-2305738.089539421,633934.9299967289
2020-10-29,63598200.87307388,-1033671.5506526941,1575476.459633681,272033.62782227405
2020-10-30,62682664.93719592,126785.64505478779,202049.60170077853,714748.547672966
2020-10-31,63667029.905595444,265781.62476753123,1820499.2430310466,252295.28851219828
2020-11-01,61843836.99773511,100188.1756951938,-4808334.471295277,561242.4606621736
2020-11-02,62609949.769535616,32943.60177660518,2830983.429350193,348148.6491529574
2020-11-03,63764141.75373485,228840.12096546762,-1172180.2501246356,359568.4960955187
2020-11-04,64459042.830844894,169184.4958014991,2202912.8969814596,219423.54489923004
2020-11-05,65610406.41270802,-942981.975595969,-1841663.74012088,119367.68538691587
2020-11-06,65879265.64718566,778390.920299796,-3708330.7504522884,27343.458774207862
2020-11-07,66698388.25545177,246155.4418772791,695073.6988181528,112791.99994137246
2020-11-08,66318885.97478438,242966.4828253668,1489585.5110201647,-64469.97453258069
2020-11-09,64671297.886052184,-475880.804894566,1527904.0276529784,-138242.8953918859
2020-11-10,65162946.92153809,-503233.63854119665,1728194.700550546,-175474.3210988803
2020-11-11,65365463.259505846,537363.5865459102,4183314.341328967,-215543.7977481957
2020-11-12,66811092.28005501,577420.8305100321,-2594393.9054011423,283715.64732229424
2020-11-13,65914123.31597407,-99092.73956557839,2169787.2387684425,269624.8725253713
2020-11-14,66749102.308930166,-63096.60314298296,-540238.5644237922,366874.7405363164
2020-11-15,67180577.06575346,-452180.83991222695,1411062.5918125936,285343.944094477
2020-11-16,64893061.52411869,-416442.35983359,-1950650.163530103,-272111.171799566
2020-11-17,64825919.26532198,-142843.34781124222,-3006953.2157876412,-422733.69063823594
2020-11-18,65084176.93603711,178972.80477811096,-5385318.030427462,178996.89157025437
2020-11-19,65856423.33164909,162964.45180122158,566454.6366060441,-484660.4454080511
2020-11-20,65502321.65005036,427980.60532351333,1990860.3050452117,262001.49327478363
2020-11-21,65469931.665977724,-231288.97378959102,-4682795.5262603145,8340.036421393486
2020-11-22,66187153.153624296,-145425.9136053894,-1532185.588468866,203490.24880052253
2020-11-23,65880042.506183684,-1051144.2612735098,-2489195.322504852,-99754.5980608635
2020-11-24,64296200.93476841,426183.1343253476,836696.908409465,172329.00739208778
2020-11-25,63285052.23611289,-20944.28082354877,-1677330.156120537,416625.11665341415
2020-11-26,64015502.42718789,876489.3884775223,1106116.3173551674,108177.08432057536
2020-11-27,65243379.55527877,-292966.28491203283,-637600.672721117,-155372.40413264307
2020-11-28,65611056.73586021,-568745.7593452585,2279069.9943327513,361451.357333186
2020-11-29,65493825.71459176,77632.47934715147,50814.4557259313,315426.27268324926
2020-11-30,65312479.11829876,-557392.7399744319,-94933.82733570754,114538.8880809606
2020-12-01,67193298.38871078,-1377252.7745048148,-3233117.545131583,202415.00936250485
2020-12-02,67595806.7815552,-926556.2795558141,316859.46063163166,6744.80523728201
2020-12-03,67028582.81593788,719833.5760539463,-628590.0461419312,-58635.56647024814
2020-12-04,68373395.15957098,482252.94289959467,802767.089292316,165638.53384895125
2020-12-05,68814116.35268138,-153931.12880608145,-1001077.9344850234,462353.36064382514
2020-12-06,67735965.65637729,157325.4532566449,1259986.6602700406,705770.7803449414
2020-12-07,69068196.48651299,-980900.9692190705,1879430.151641569,25596.50827278
2020-12-08,68400548.9521963,-143801.20606817544,738386.4374170534,-278168.065474542
2020-12-09,68270952.35129216,783091.4912160485,2753432.4308828437,98065.35031857579
2020-12-10,67876301.98082784,-693488.8572323716,-898205.9637782451,-75087.94850091924
2020-12-11,67315098.31239273,-379531.8810192682,2086457.5555521876,-413040.81535361597
2020-12-12,67035028.78226313,38319.81898895102,2754454.167251053,220521.16633017283
2020-12-13,65965721.41199495,124780.39396378705,-2403500.0020350595,117089.94515772982
2020-12-14,66325669.63367969,-109726.47652688902,31583.371894378506,161722.84528103803
2020-12-15,63693863.743433475,-414197.037891493,-1890070.4063006642,-395631.8977374232
2020-12-16,63651190.23896102,-753320.1894662251,-3689604.551961165,-172859.20271015624
2020-12-17,64149239.30480267,-551421.1589590138,-1622518.538318678,216501.25765029428
2020-12-18,63347191.6155223,72597.72808655417,-1884235.0213925978,-309048.294075187
2020-12-19,63644111.88554668,118231.78183708146,4542351.597049071,-559522.9505967692
2020-12-20,64602578.58479058,274563.21861792525,-2349913.6978887804,168386.0412818337
2020-12-21,64244317.16522561,-498520.5201750313,-829666.6040559753,-676042.7202421501
2020-12-22,63609234.99695387,410739.36558380787,3627916.3980616285,230977.60885053777
2020-12-23,63082686.36050614,118053.76972315242,269686.2099434627,434679.834836428
2020-12-24,62749601.467023425,-357609.29270726343,1467556.3751794426,193564.33724797514
2020-12-25,63660750.31944151,7852.872772872174,157223.26657090633,373716.4494200591
2020-12-26,62573409.867546454,-472742.2838630248,-2860441.73041775,-384855.81481602625
2020-12-27,62238880.0620034,371308.03572898323,857629.7043224348,-246303.9675107267
2020-12-28,61493767.30354436,743526.4245517557,-924358.87792607,-726907.2431216137
2020-12-29,60006576.452395014,-349685.3789361424,2851599.087767208,522533.6248253689
2020-12-30,58469765.15378904,669166.6611047054,-2243534.168862528,-269102.63206558913
2020-12-31,59485342.6500908,-271167.5463789262,-2883054.1994131925,67083.87439709858
2021-01-01,63476822.841023184,-393111.56650793325,-966767.1101970463,620892.4744530105
2021-01-02,62523386.948976666,148700.8488061619,461001.95300368447,195477.49125505763
2021-01-03,61857103.7657631,87981.63195895197,-4369247.487987852,7295.986399496318
2021-01-04,63616832.01234183,-401801.19461627526,2242711.737536858,165543.64852737242
2021-01-05,64562170.593752235,-145990.65955324183,1351320.1713433864,-388959.5639213532
2021-01-06,64465210.359149165,-150722.96329323546,2862859.923831569,367835.83745486237
2021-01-07,65291753.61481916,688831.459969318,-126449.43745209253,136287.61581288575
2021-01-08,64964443.02030304,-672560.4055503827,-2742338.041052822,197706.55021107887
2021-01-09,66308227.935953304,17448.34181150744,-1221751.4891046132,150014.15559229994
2021-01-10,67285775.38957857,-308325.07123313186,153636.63506141206,-351924.7980353044
2021-01-11,69256043.62132478,513332.724765335,-1961658.8657496201,-103389.97069246536
2021-01-12,69359566.88751952,-46519.08460983739,3311141.1207174845,344703.75908895384
2021-01-13,70848987.69880363,476108.9540207589,4054929.7467943896,-300263.97552071785
2021-01-14,70475207.44117843,256433.15937117196,1395789.2152729188,98321.51034550606
2021-01-15,69661602.29368672,36334.23303569163,-2801995.514887246,-116825.74640951965
2021-01-16,69407855.2231694,-169354.5731472885,-1312369.5455267373,217560.08209213184
2021-01-17,69079419.82540964,-369232.40711719624,-1089737.5945829875,88053.53777313897
2021-01-18,67282449.27337791,72554.30081883914,-1596551.3745087998,111235.71285968876
2021-01-19,67478466.97284243,110976.433971462,1802854.3543088916,-392391.14586484956
2021-01-20,66496505.01596788,-156848.04965312718,4056591.357442258,-215615.0389873265
2021-01-21,67011427.068345666,75742.00428424313,-1800633.6723916992,172498.28094553953
2021-01-22,68047930.71335621,450879.23339240084,1127940.7743642672,-26251.812997016794
2021-01-23,67815229.55803548,-34204.66798586454,-1939680.0969221832,-148417.01499877285
2021-01-24,69816040.09164864,-241487.3066587069,1135773.234771286,-210689.78580512395
2021-01-25,68100139.8455251,-180613.39144791037,-3259884.5965577527,241893.01417205727
2021-01-26,69032820.52346447,743182.9473032674,-2598329.653386122,205560.49149197683
2021-01-27,70206314.7549702,374559.53639756463,-686498.4399531457,-103606.6307543958
2021-01-28,69693193.86451513,-321152.3916365995,-2125471.2217815192,8146.841082897308
2021-01-29,68829701.3587685,-440225.18209925253,3434445.5392133193,356732.87072451686
2021-01-30,68672382.89306551,-655253.0208687455,-377191.20008331176,1008426.1868471899
2021-01-31,68473787.28102691,229990.35388051707,1506015.3086968267,-42493.27624613984
2021-02-01,71734980.71823314,-704142.2347488732,-1580186.9376051286,-135099.65505761982
2021-02-02,72926063.56155951,260042.40961760955,-493419.1699776339,71566.40491398926
2021-02-03,74229350.88623834,811402.4713931245,655738.5703747469,146303.59009316916
2021-02-04,73093816.75806372,-692716.2651553946,-1910810.4301587758,239940.11938581173
2021-02-05,73388590.09755826,729046.491576848,-2315016.7254051846,376136.9453836399
2021-02-06,72054358.03043461,262959.1114421035,1686371.0718159724,127245.85347687532
2021-02-07,72361092.89494908,-1147892.6556603725,2265542.291776102,-123840.01165129592
2021-02-08,70711918.74447687,15691.814722464562,880996.1040925637,-450907.84573530575
2021-02-09,72083358.1492875,12867.788199935914,316401.7080733641,-341576.06860056997
2021-02-10,72959094.59175028,-16580.581188294876,2768519.4077232336,93853.41517575315
2021-02-11,73954863.86977383,-120506.5094432597,628392.1339036969,-309189.414181655
2021-02-12,72388799.98375463,-781413.7039585204,2598459.9880565275,53458.442479603116
2021-02-13,73358331.97415017,-537674.7327328675,686283.1151169334,137633.4095929579
2021-02-14,73426663.38919292,339472.76103553356,2450985.007574297,-378521.44314604
2021-02-15,71723721.99781173,337613.18267392606,-592206.8745637462,70654.69299065805
2021-02-16,73100917.09893061,404025.2536213138,-1463895.1532272145,-228830.18521282214
2021-02-17,73542620.80137014,785278.4172798007,-434593.4927017561,258242.90779905443
2021-02-18,71965855.811649,158429.58548656153,-338834.88716189325,108129.69398224964
2021-02-19,71396878.75301605,-795795.5662684685,3336054.77269972,-254405.64746944292
2021-02-20,71997536.62536755,-305042.2775495862,-721975.5330563787,-263118.98551981203
2021-02-21,72026372.55369553,238468.19677028505,-517384.04327694495,348291.9823209745
2021-02-22,71392801.2524513,147085.3896242696,1454862.5998652433,244369.1476980418
2021-02-23,71805231.06415017,-821978.1012868808,-1463845.352135382,-98019.07343343997
2021-02-24,73389316.64467655,-685011.4761708056,358788.65409983613,353078.73629027355
2021-02-25,72796825.13217777,83603.76824660624,587587.7724986546,297201.6982084187
2021-02-26,72864489.98216885,96999.7744262082,-792001.3591674656,-195380.01775557574
2021-02-27,74418689.01392075,-78866.69045907407,-2697253.249932737,-300222.3073834252
2021-02-28,74627306.33746509,-696410.1953318709,5927569.30067586,239302.35890877945
2021-03-01,73862500.36334957,-602433.4829931412,658976.4434776788,87678.51512545742
2021-03-02,73323797.2017531,331023.39804111066,3484692.3991394285,-264733.69146410364
2021-03-03,73725920.37838608,-89111.265773683,264833.6861468492,78148.07987700037
2021-03-04,73986951.72437215,548830.9305995448,-2782752.5955989715,-435045.9436508084
2021-03-05,73091009.2593813,-851716.7962291421,349781.9052591426,-40323.01662195993
2021-03-06,73233564.93926711,116803.65918537835,-295357.4503093077,-23871.219084390363
2021-03-07,74081028.19185336,124330.83545602062,-91332.59330487947,274952.7736687299
2021-03-08,72528147.91145645,406538.4377611652,3614918.288519011,-241791.82522841555
2021-03-09,72595025.13256888,37848.210779864006,1950670.5625687123,-264774.1098837918
2021-03-10,72958339.77262154,-247477.29994814456,-2872547.6354408637,185848.27259499894
2021-03-11,73474162.62918766,624021.3842653263,821646.1948126865,-482659.9733312073
2021-03-12,73991401.47492011,190130.6093916402,836125.1918497826,-39324.16926843052
2021-03-13,74509299.53146312,54131.63411134483,2378367.2475673566,-36428.06781039414
2021-03-14,74113798.90523568,661008.6286401888,2661187.9288693173,-362404.02106316964
2021-03-15,74604736.11524981,504008.65467565705,-1077011.9086051672,-428881.6945055889
2021-03-16,75882809.43686594,407846.2937070453,4020772.240216635,169234.79104426142
2021-03-17,77346381.82443671,376756.23414046195,397172.77812382544,641331.7728368614
2021-03-18,77801289.21987353,994286.7207422497,252497.13655172128,204305.0947086287
2021-03-19,76395516.37741801,227051.7482654864,1258194.1216429558,474396.0341909166
2021-03-20,76791905.67524745,-133834.02595798622,486972.1541926991,118575.92309348237
2021-03-21,78334876.73626018,-222447.46962442686,3275370.126819149,-113467.96309076493
2021-03-22,76933567.6811385,277937.37523647974,1639829.4313648276,-474139.29261265247
2021-03-23,77318917.44094165,722175.85221804,-1121998.7708689547,-992553.8677006036
2021-03-24,77797510.19775249,422501.56584663666,775912.8505716985,178820.59408058255
2021-03-25,78585392.22452098,293548.2457951555,2708908.8746089535,-57383.857571390996
2021-03-26,79943454.97056024,127492.04439741041,1978377.2709914828,357030.5557966624
2021-03-27,80792351.74633399,1010399.2349226387,-1322371.328009092,-54326.459735368095
2021-03-28,79786556.71217203,-89636.04232436251,2234683.412295079,184312.6586332933
2021-03-29,79826264.8996081,64132.62597270414,-883644.8743977977,29217.391150502255
2021-03-30,80629013.79237475,-1157164.3880505522,-2015204.1311147842,141807.79068071398
2021-03-31,81521149.20896466,214624.57553142376,-5651703.17468259,344874.3208142189
2021-04-01,81278993.85680558,-382248.42250341,1577495.1760915786,-103886.80828790326
2021-04-02,80467086.65382808,-375702.1728273809,1232568.984195706,393378.7288445463
2021-04-03,80420747.06763297,-303532.2073579675,-2785814.329152212,-502234.27825896145
2021-04-04,78696000.01837942,-896552.482020055,-533439.4373714165,138608.34448562496
2021-04-05,78504018.85591291,-369389.63047785277,531466.8076078647,420110.15639852977
2021-04-06,79192473.82701054,-10049.623797464861,-904249.3129566911,87275.6817260787
2021-04-07,80836046.83169606,547389.7992836118,1240686.3273849399,-165595.599631377
2021-04-08,78786346.90051018,472650.7305938597,-3564531.115387654,266058.4568243258
2021-04-09,77682068.08719762,763225.9091761286,502433.30972855893,-182746.5410766718
2021-04-10,78201147.51253287,44244.69595598015,2025313.5615345354,387730.6023729266
2021-04-11,79274477.55104011,143019.19839286373,-974332.1398748403,3652.3923742875686
2021-04-12,79851552.7095749,-12096.799922648966,405891.09917489224,20136.175877175443
2021-04-13,79366794.60916595,-696308.6892900215,2024767.7902817754,-153728.23612151155
2021-04-14,78836967.74769223,170874.37838588745,-919976.3803611678,6478.4988502127435
2021-04-15,78971050.87656485,-600061.3864764369,-428939.48336318665,-68545.03962197786
2021-04-16,77665112.46135966,220325.41080195573,-1861340.668727816,-111745.92616849528
2021-04-17,77848199.56995063,753901.6201877088,1919174.521835763,173051.38348516883
2021-04-18,78864233.07221307,516894.81612098153,-3141840.19203352,41712.82636870806
2021-04-19,80100544.97670902,-339121.0675894793,997539.5403200038,199295.75751873883
2021-04-20,80786860.09544133,107043.93816962352,2008092.1590111975,137948.38756330026
2021-04-21,80176587.48652047,406026.1340289884,-1725875.6536803406,46984.760078113264
2021-04-22,80104378.6187061,-808870.8449269601,2219611.1349917403,-89460.52354500115
2021-04-23,80372430.55936855,2360.275946593421,1373725.2311578048,-50325.89431913359
2021-04-24,80631754.39170216,-423327.33190115774,1222486.4344578933,150692.9815302754
2021-04-25,78893598.44685984,1069782.5401765287,1508594.2941028762,97628.23016244313
2021-04-26,79022263.9286174,262719.38306714094,-2797026.1123936996,492597.1551121637
2021-04-27,79146492.87251955,-428727.91117903293,4124752.2659678077,592264.6917668743
2021-04-28,77782000.41416803,-304894.1993222979,270453.51390039205,337741.5001961553
2021-04-29,76111502.34780431,-513556.95072466024,470052.2207380797,349344.73839625926
2021-04-30,77553748.34827642,-291094.79017091455,-1556396.038041103,481462.58708915283
2021-05-01,76529712.71103491,355825.6541698531,1333513.798467651,269164.6996062009
2021-05-02,77482478.8404472,149007.04757899046,-3425846.389801246,100432.02121011203
2021-05-03,78013311.63151729,428170.8051063896,-3771169.960417722,117865.77517316616
2021-05-04,76910809.30616367,767347.6521287573,-39172.00134458751,156731.10501914984
2021-05-05,75738708.42894351,579428.4030775023,706165.1308348771,-11857.058313309592
2021-05-06,76008185.00558786,943063.9290336447,2269327.5498534534,-368548.1408507306
2021-05-07,76801738.60306515,-508774.0458445652,1802919.5045836214,32505.749723679502
2021-05-08,77093477.46264246,-696871.3256556558,3320594.246952828,471882.3029321464
2021-05-09,78014263.58014381,213404.04296513824,-2191082.7149238596,-100486.89359628431
2021-05-10,77414603.48498046,-92638.73173188219,2633700.9413943496,3662.9190449798075
2021-05-11,76215002.70241387,-91898.5911532293,4911798.4804176865,-147083.58620126874
2021-05-12,76893018.68259394,-611379.8771731661,664243.012813455,285112.7715156752
2021-05-13,77838498.39829008,-297202.4933295381,-971838.1414100014,138459.02480449845
2021-05-14,75312047.76010141,-853766.0064983834,-1347835.8172902775,227296.26351297545
2021-05-15,75624318.15064465,123492.22538157892,-1109054.9234450632,205373.39605406087
2021-05-16,72939129.82664728,730451.1460765152,-998283.7233049762,-389867.4825623863
2021-05-17,72545457.82768273,551649.5446949688,-2846954.0273235864,-263552.4817208968
2021-05-18,72144038.9860643,343594.7104756289,531276.7319766048,67891.86863675623
2021-05-19,72405856.16558366,-263054.2207102766,924383.4594389208,-316770.58002941636
2021-05-20,71010936.55841136,-84108.28606282418,-2379148.8923880155,-331106.7309025748
2021-05-21,70649200.870276,389126.6085079851,-1557814.5964471446,514091.42560276506
2021-05-22,70548180.56269927,1022875.4881083106,2858573.934552276,208137.16170804438
2021-05-23,69868546.58464639,-968432.2348256474,3074998.292970242,-196353.6327035426
2021-05-24,69175207.19369136,600931.0872574304,-1257714.4404841908,-206081.01593318387
2021-05-25,69561633.39862445,224435.766619446,-5213787.271647155,209678.38299312713
2021-05-26,70117476.42790839,81577.35511651037,-1258995.838758491,-2113.224505984672
2021-05-27,70148705.44219154,-378877.6015204192,1036286.0633330921,122741.87764323883
2021-05-28,70371224.08491476,-77245.71547930653,-1076554.5263588475,440379.65376398904
2021-05-29,70036731.509554,-185396.37205291606,1905662.4056405171,-286997.6448497887
2021-05-30,69467717.92968996,-703142.8285072077,75415.31134812375,1168.1330320463956
2021-05-31,68240106.47874019,-237607.05735051486,-123597.20111672897,-584674.0421354027
2021-06-01,68220795.06244178,198048.75156708565,1650064.4718284763,-225919.32583106603
2021-06-02,69050543.47485495,-170726.7260895355,2029771.7394572082,-34974.304031497515
2021-06-03,69032021.50967918,-117212.11118625407,480789.4086364677,263624.63606029644
2021-06-04,68819603.10029441,-44912.37499427888,2707385.903727748,-159458.33262664094
2021-06-05,69470184.80775002,-174511.6401646176,-3144298.7039600206,-202432.890663588
2021-06-06,68872364.7829827,-37322.39474456841,-1505340.238673085,-236629.8028720343
2021-06-07,69539907.32219301,-416597.3054298929,1321998.569725594,247616.1359567874
2021-06-08,69461323.69898859,184873.33351345707,1063867.69051327,-286010.18288838567
2021-06-09,69573157.41173548,562599.9296469436,-1256022.1383392536,462433.4664873845
2021-06-10,67667709.71333405,-115810.77192496341,126209.12143559357,-53274.90709373644
2021-06-11,68292605.42907906,642509.6756031183,2096422.8403893302,174829.334733254
2021-06-12,68473149.14408429,182426.74565850676,-1350160.5112870294,352801.8832632293
2021-06-13,69265926.16251057,245055.48000475497,54118.15547182132,-366347.2041798406
2021-06-14,68860966.77081604,827526.4692903188,4988000.815880037,71419.9285217273
2021-06-15,68676751.42223425,167378.38430521655,3157341.4459909936,27193.208845792313
2021-06-16,68364742.36148904,418180.59839810926,-644430.521704525,-84418.0208530265
2021-06-17,68699624.45924443,329930.13599097345,-965052.1963755656,141220.32237162718
2021-06-18,69852989.19113302,-49710.65005425208,-617232.7669382369,-317758.89637216023
2021-06-19,69154511.9377178,-94169.3393746432,-1774288.3450051292,-180376.12098550386
2021-06-20,71469577.49436253,-1020229.9162220174,967921.5678709592,40237.88132803336
2021-06-21,71937191.79441975,-979327.9818253479,-1279316.1037669382,38086.27128967115
2021-06-22,72945451.46175306,70983.26260642496,-31081.67947826144,-92104.56863934522
2021-06-23,70754217.83435568,695901.262911002,803617.9512846133,-317086.4449616207
2021-06-24,69872679.08623983,466756.43543942494,-624403.1193775861,-109035.89320965146
2021-06-25,69136828.52089943,58827.38837522613,-878114.4143217686,307281.18656175776
2021-06-26,68180319.31104325,722201.0477886595,1228048.2327659465,-325235.7564483156
2021-06-27,68536211.91092676,258517.24671380705,-1471599.0684485864,534203.9013012818
2021-06-28,66406441.94565593,-265123.9773653616,-538912.2762024557,140635.76509456075
2021-06-29,65124126.5052388,-184079.65784470947,-3325422.3335245387,-230373.8173092999
2021-06-30,65165870.3013284,362121.1384542617,2085179.122796605,91689.40424359876
2021-07-01,65444388.98513542,-234669.78711849,-303525.12785330025,756256.2478543033
2021-07-02,64929150.883742444,231066.74298822723,-343991.77104799624,-42394.96555762718
2021-07-03,65098932.67197235,240274.31723080846,-1705910.7805294262,-41523.069372370715
2021-07-04,65871073.1676867,530579.0461896806,3028201.368865558,-223.8194026415436
2021-07-05,66098364.39849281,-540649.0026412357,3533168.155281193,23934.171537540777
2021-07-06,65711002.22440971,359257.8510264631,-473911.59222822404,-50935.93073569996
2021-07-07,65522060.94212475,-374650.02313598,652238.4278570339,-440461.8250043912
2021-07-08,66631557.24269061,-243431.53156416232,-3032844.559020103,-11874.361896327675
2021-07-09,64530532.074112594,-331086.1301762684,1652832.728127547,-530264.9615710002
2021-07-10,62321150.00068114,1070072.2456869942,-2218893.0229512756,253888.64879049244
2021-07-11,62031984.64021833,-161522.35762781417,-374117.0594029019,-15697.898632142847
2021-07-12,61356137.07067826,-199940.6362219992,876483.3583039201,97260.89911909604
2021-07-13,63122544.6763228,466498.0527350511,753236.572153146,478939.09466882
2021-07-14,63853669.70758811,340543.1031648535,2836593.1671800273,-454672.7679769957
2021-07-15,64538832.121184014,-1493847.6975404413,1866427.6982233291,-1193990.8058718054
2021-07-16,65791696.17547834,-1094948.5812776699,1719432.9745102357,451329.0387531696
2021-07-17,64833174.79329607,94243.53251626395,-419373.62972414255,-161851.83618088136
2021-07-18,63529428.06116164,222991.58535776305,1313279.3094787314,-291168.45555719826
2021-07-19,64359804.830848746,372915.08744605223,-258022.51045128348,133297.90481992398
2021-07-20,64678078.79458216,-376033.08640317706,772347.4116975816,361013.2533564879
2021-07-21,65674276.48486015,315539.6047260193,168492.0025444526,-238819.66805325224
2021-07-22,66170402.14902799,949336.2224229391,272038.35024069675,-617587.8976224903
2021-07-23,64074423.01580413,-494751.68454153545,-2253116.0184723004,-11624.765123136924
2021-07-24,62571272.68518143,-507393.1441128,-1152026.94362049,-485764.63407738815
2021-07-25,64522299.5782394,-110612.15055522602,57153.00969419085,-186504.79480428126
2021-07-26,64394252.487494156,1457852.011788958,193785.48403777467,-30530.45483662291
2021-07-27,64902479.00833596,-686866.5011368302,-2959167.6124804504,264521.37388376106
2021-07-28,64359814.52636434,450194.1392491235,1925639.9552457803,-174200.19441555385
2021-07-29,63511646.360424235,2052.5336310203043,-2107326.7887362074,-867386.4986235038
2021-07-30,62487189.270181656,414477.0563157816,263252.5587478556,152048.44528182273
2021-07-31,62820824.07971115,-383863.8668015733,212251.3973335278,-104492.06014047784
2021-08-01,63722089.84816248,-228918.09867107912,1784996.6663244038,-224418.8388430423
2021-08-02,63173233.26835064,172513.6893543678,986949.1163117216,15940.074594289099
2021-08-03,61622838.48798682,36593.5010380323,-215979.8283165426,-714818.1172115077
2021-08-04,61269580.390300564,-606938.7145552085,-1111487.7685374198,856681.9776178163
2021-08-05,61988952.44297497,165106.2634948201,-767865.116349084,-125533.08823916037
2021-08-06,62073798.10528242,828320.5173785121,-95143.79420663818,531075.906819895
2021-08-07,61309228.81650159,-636558.6609884431,-19301.60919420205,-354388.79693465575
2021-08-08,62272856.11499602,-309069.5271976468,-1198721.3726877861,-642241.491675141
2021-08-09,60991705.91653697,813347.9792495471,747383.148285194,-786918.0996212695
2021-08-10,60222347.48494539,141818.14849903388,1523385.8311643875,-135443.19561741196
2021-08-11,59988928.69460906,-688632.1225548664,3109138.0080024526,-132041.65828767893
2021-08-12,60654563.01769422,732474.10210445,2260338.6271502837,324860.8498754927
2021-08-13,62250922.88081194,574549.3241404315,-867603.2649090273,-143878.91778059487
2021-08-14,62803270.930363595,74115.44701347481,1841643.9872895388,-21516.49653999496
2021-08-15,64702623.066170596,-869649.9132327965,811262.3979420922,-143409.85342149038
2021-08-16,66541378.50255168,-281010.92644038174,-116399.2347285495,63962.582571972765
2021-08-17,65497041.04740443,-35148.773059195984,1153359.7847336591,156983.1175976947
2021-08-18,64473573.278126575,149549.0884564538,374129.551344936,606467.2871263595
2021-08-19,64453831.51159648,-321833.4689432821,1613030.0742331536,67040.64021789776
2021-08-20,63010125.449776374,-303172.89723408344,1293839.3414923793,75530.24214729457
2021-08-21,61681364.78721624,46186.25553342627,-1687897.993301317,-454212.25341405795
2021-08-22,62483719.48565277,-1051276.2743576316,2620025.0766332243,-23051.227743596475
2021-08-23,62950836.21811175,-216310.27310748902,2297287.9111421686,-286129.27100431913
2021-08-24,63242515.78187953,337344.74715785333,-337209.26981638424,-202578.38215581654
2021-08-25,63877240.86045045,-615552.9967926278,-3596352.3701373395,-383074.17750218837
2021-08-26,64514923.91057868,123800.42235543826,-4656060.859908661,313008.0070178331
2021-08-27,64846759.74500169,-143935.89901757083,2115006.0170808076,256191.4090175022
2021-08-28,64891807.77580895,-799428.9335084624,1933431.5848485376,142918.81471814043
2021-08-29,64005083.884247445,845928.724814115,-2159248.168345702,63666.67667762662
2021-08-30,63146157.882842414,726045.6874622181,170069.76531075424,167367.60014366655
2021-08-31,63808704.87052178,529292.3395505544,-1409076.196831766,-283820.97438034543
2021-09-01,66489755.572446674,-519776.3244760148,788316.1827192312,358667.5938199476
2021-09-02,65545272.25873784,92055.25444124149,-2522490.4960750104,-142558.92491424954
2021-09-03,64772093.52278363,546048.7675978725,1476546.8607808028,-194795.65362126805
2021-09-04,63650894.57689999,138534.69586920438,-4012794.1007792572,88049.49177956636
2021-09-05,62340199.84025504,-798421.3072955898,-4535231.005619924,87278.03759253629
2021-09-06,62712209.08526535,150286.82356786443,-2038257.6604058808,-208775.04001641358
2021-09-07,62099671.27525203,-683736.7159634503,4547021.758619742,75592.99637357403
2021-09-08,63530764.50428537,726818.133882243,2216411.055599966,-164676.54473833353
2021-09-09,63365311.500624076,-660640.6805937937,373437.3930111837,-14412.478578829488
2021-09-10,63456774.16539719,160862.15531646242,-5503250.708012167,-399207.86721589067
2021-09-11,64709467.44960887,-517564.9228364498,-192665.3113230272,-153142.7576578843
2021-09-12,65061955.42831447,-602890.8266807775,-581341.2478701007,-220376.64326384565
2021-09-13,63831580.59202126,-95168.4729414148,656973.692892162,-108414.84318728406
2021-09-14,63158878.43051373,-466194.412845731,872096.7664074074,-84438.58073071856
2021-09-15,62372751.4564494,200967.45080836618,-1212254.2535308804,-217787.40935616154
2021-09-16,63805896.63504337,624631.2129465624,-2219872.20889048,-184597.80350925616
2021-09-17,64836508.93072793,1058962.5709888935,-1347301.4863257133,-102645.29127811712
2021-09-18,64900063.787113965,309295.4102157179,-958272.4811253712,125094.12396928127
2021-09-19,66664231.43308698,-477993.7238749548,-1734563.2617158173,-361726.7382544344
2021-09-20,64335034.05154041,-483169.65156284405,-805951.9493105188,306424.7540465271
2021-09-21,63800833.942800336,-453368.11487943755,-818074.6080526238,48751.81594986389
2021-09-22,63036670.046076775,224117.50794220803,-1866556.0865104601,62806.369065140934
2021-09-23,62273687.34558835,495615.70709884906,-2843493.608614496,293007.2147836725
2021-09-24,62128588.7551154,715435.1900122875,-512367.5447421329,160517.2585639894
2021-09-25,62755689.846474014,-97218.08064452112,-672810.238010453,-216036.91701501564
2021-09-26,63492837.565184936,217173.15611537875,-438059.539631845,643131.4234465441
2021-09-27,64061499.706274055,-874497.3695538272,-1093977.8220825165,-320646.45743602904
2021-09-28,63832634.854709536,-95921.50628529718,59414.00467026405,-150916.01970711086
2021-09-29,64527165.03520065,-208618.1598876561,1115035.7550323303,340455.3163255822
2021-09-30,65816281.549155906,-573016.4716983995,-1698164.7333493799,-228187.37118843553
2021-10-01,65377129.08399174,479694.23709452496,2007541.259105607,-73051.48362905158
2021-10-02,65688724.41712758,341876.315780945,-200888.5857280751,-154609.43705694342
2021-10-03,65726809.72680313,287566.087280682,1712435.700459528,54929.94389946035
2021-10-04,66957453.15299839,736124.571108072,1498484.8743656748,-16955.56098985506
2021-10-05,66890005.30430773,-584852.5855527546,340010.88673633046,123587.33996843491
2021-10-06,65002324.764147945,692857.4069748365,-50775.80499873238,412399.1356072878
2021-10-07,63439722.64901738,406684.8418601406,-179613.5780732802,573257.2039442268
2021-10-08,63410013.30417011,32348.776104778113,273927.13600780355,-128427.61653653956
2021-10-09,63204260.9761268,-541549.043513241,-1523586.9681175111,-384587.5536618877
2021-10-10,62355085.95383548,-154392.51105640113,1935509.0531100435,477681.40775802644
2021-10-11,62932038.3518693,-430255.1425716277,-1489571.0023501248,14098.21583598792
2021-10-12,61961151.51651474,716733.3255303102,4291200.740555158,375810.895732421
2021-10-13,60123641.48783828,191993.46157930448,-3900498.880390557,-61212.2649631312
2021-10-14,59808998.78010678,190243.4991313438,-601737.165237846,-132247.93917729254
2021-10-15,59714960.069861405,597616.5077791857,-778679.9590297003,250824.783819279
2021-10-16,60262181.14399508,117240.80913790483,7530.651921681856,196651.38736426056
2021-10-17,60764946.66126761,-147127.83532802778,-1730501.4147188382,123406.63612842438
2021-10-18,61011102.413913436,854833.5998919401,-2104487.815643342,-207479.4233039963
2021-10-19,62034898.84277731,-104274.8034827267,893163.0204841112,210096.59597713966
2021-10-20,62759025.47809255,-126392.31129423973,-444720.06973667414,-205106.83854740925
2021-10-21,61836392.42143724,258110.50706512007,2760311.879566872,322857.0576906254
2021-10-22,62202372.59581153,-107626.76336788508,995418.7958450328,538227.3919766612
2021-10-23,63850839.045257725,324243.765738902,-1691237.8409412776,-234828.07455718276
2021-10-24,63305998.6617271,715720.6905846616,656055.5877250677,150838.2903214191
2021-10-25,61974272.17516423,568170.316643819,952693.1092835724,-51798.609101370595
2021-10-26,62005663.503570035,402301.5211553103,968918.5043764957,103846.26562032722
2021-10-27,58531774.03765896,-70013.26776426207,2123645.7612529583,196956.9091265125
2021-10-28,58839687.449029095,-561680.5691725834,-1515947.0601912714,-294686.8234977549
2021-10-29,58013822.688164614,586545.5708042979,-3658747.761168478,114359.32927538491
2021-10-30,58773433.3215419,495467.7928404397,135723.66876889457,-33980.483775696455
2021-10-31,57438226.654926896,371139.46926514804,1522107.9128751138,-281581.57071658695
2021-11-01,56953676.15364777,240573.96487076586,2007281.050883399,-38529.534416527575
2021-11-02,56623848.84673031,167401.96524373794,-4617727.088561353,-17868.89922488228
2021-11-03,58395040.33434464,-1045465.6135253398,-786979.7783239104,105514.71537729794
2021-11-04,57497218.51253663,-526663.8496866188,-3456464.233134049,59059.98120707576
2021-11-05,57279673.84941665,596559.6707653105,704865.8245608704,-274618.8598320629
2021-11-06,59266098.09883757,-292915.77016779664,-867580.670805869,52545.87502735074
2021-11-07,60788564.38884125,-508757.13385870156,3814329.7159781964,-221057.49244275477
2021-11-08,60947830.28618226,-262780.2123969009,957552.823573504,-383434.8486302436
2021-11-09,61385830.96906118,921274.3590419408,-3575399.3235064675,329294.6480699491
2021-11-10,60546343.050258815,608586.2787046166,-1403843.6247937083,-909237.7198954894
2021-11-11,58809959.00567012,322708.2603313774,1766106.9280811579,-294788.7885247146
2021-11-12,58254516.20314465,13369.727988031038,1249536.0192137395,273405.32783912297
2021-11-13,57313970.87722863,996754.2046550598,-2628342.403267075,228618.056699694
2021-11-14,57134555.94933539,602154.052532997,-3330200.3284756653,199314.86178094454
2021-11-15,56325126.23078129,-77801.7507714501,-1936350.9075698904,88866.14979047791
2021-11-16,57347091.31084781,763857.8837696848,2067219.0743201924,541185.8974030134
2021-11-17,57941279.22201644,538000.9301830169,950245.397079579,-155785.8896874344
2021-11-18,58185861.78303643,412119.83819411957,2688832.546663984,-157694.930752781
2021-11-19,57578507.30535372,-38260.45554327332,-598960.6264595973,-6741.065611913009
2021-11-20,58013100.77758877,96033.5815650752,282007.7585295418,291664.81363019417
2021-11-21,58689311.020482205,509923.14267795446,478475.25666993496,-279605.0698498961
2021-11-22,58922917.764366336,-546625.9318744366,-256350.90226837536,-536823.1693083142
2021-11-23,60340377.283840135,569987.2494342154,-1003221.8906445989,385847.14085766836
2021-11-24,59819402.94205184,372470.42399231915,2210465.8523558015,-140483.19869696154
2021-11-25,60638327.44781391,-19622.406880069288,443087.0667094274,148848.1573762174
2021-11-26,61653743.2020882,-629063.9784945704,503435.2546756937,227462.68764396643
2021-11-27,62602416.11098407,446413.5648841228,1855037.8185337458,-83408.94694559767
2021-11-28,63711877.943589784,-542011.7565123108,-1629969.3411518147,-137104.71613398203
2021-11-29,64498577.60253489,-141107.49815613107,1502536.724626535,229821.40189125523
2021-11-30,64540999.628945746,-320167.4431413716,1384685.1333037205,-23057.944883841847
2021-12-01,64370439.66393575,-623741.2607209077,2178063.153554976,610453.0514529943
2021-12-02,63793461.69332811,-540898.3530549386,-945443.0104893445,410713.35601919447
2021-12-03,64666175.111541346,733710.2594377759,-1177519.5309079192,127286.91230282174
2021-12-04,65071398.42965319,137885.45076047565,-1077111.5069585752,211900.458679307
2021-12-05,64009612.627289444,211042.49038124122,1106517.896908605,535025.7667533644
2021-12-06,62788602.14959888,-183559.24942140593,6464705.395316073,238341.86388101144
2021-12-07,62122773.83402423,20513.287354251068,775145.0935100642,157582.45425807554
2021-12-08,64272396.51932446,-183878.4595364072,-120088.97785216161,70282.5153005268
2021-12-09,63277390.902825646,436563.71000947006,-3043652.8686944013,-586819.2631176771
2021-12-10,64045537.09826663,654277.7020603115,559023.5885782265,-11990.450382342657
2021-12-11,64063391.84047363,-206780.86801185645,-2499046.890203876,-46791.1460584512
2021-12-12,63497498.70876599,69901.34319670348,36284.41592367747,-673962.707722148
2021-12-13,64098965.00788317,207350.52664283046,1348991.3678571503,-55885.970780615244
2021-12-14,64471881.802347414,320266.7788755435,-2020960.556807006,203390.62084778785
2021-12-15,63994389.86480504,-686096.564783147,-24331.648568129614,125213.7962430656
2021-12-16,63721688.4586,-289994.35321850405,473017.54629565135,206743.60647357165
2021-12-17,62915906.69862824,58961.55871695446,-1200945.9086257934,-30683.647510929855
2021-12-18,62232157.33656689,-168584.34355197352,797892.9597470824,294945.7719081441
2021-12-19,61284940.680187866,238606.5948308152,-1889308.5192183815,-175305.95537068258
2021-12-20,62210827.03941541,1133961.4227378326,1418414.1753752632,152799.0624971487
2021-12-21,62959750.09397481,-55261.11827784106,675033.4969756876,-13786.968864638426
2021-12-22,62558211.79986511,-1182067.433224205,-1128824.3395998077,-622391.7556821647
2021-12-23,61659672.00067582,128521.07108079555,-1362506.600289813,-358946.9913084734
2021-12-24,62026363.28652671,502065.20632439276,-1747774.2270361963,-309345.55198268895
2021-12-25,63281317.40708875,43653.0316848436,1313570.2616368036,-56176.57411027099
2021-12-26,62047330.21600883,452774.9625796861,250293.01279060656,154308.39108949676
2021-12-27,62775066.08034941,316088.90971849073,-35575.67225328584,301206.3194249958
2021-12-28,62296569.70503341,728033.3559327407,-1060455.5243028402,91399.72187331125
2021-12-29,59339603.38682367,-77003.2468018623,-190442.4490662581,775299.5036789697
2021-12-30,60170442.33140383,332304.8262693998,280098.76033701835,252017.19726791934
2021-12-31,59409040.317637585,-500556.9701019013,-1030750.3256897177,-210254.5181748156
2022-01-01,61380382.04602876,-830195.7743541581,-1914760.047622443,95196.50556870134
2022-01-02,59950366.676363364,-552306.1357410696,-1761206.8716506253,593872.6651174108
2022-01-03,59672555.63602079,111940.45641976657,-5567550.367162299,27747.91864827383
2022-01-04,59196850.929862104,27821.946182427462,-1298277.336748249,106348.73579532871
2022-01-05,60205350.910477735,830494.2164874555,3566186.1100906963,-603531.8393805198
2022-01-06,60601854.679003336,476934.3244609107,1637163.5535451353,200919.50159373233
2022-01-07,61130715.52436857,826191.4198419563,129334.76527411569,145476.72850808926
2022-01-08,60748927.28377461,-40162.163888338066,147493.1750918837,-344708.60792850255
2022-01-09,60114620.924681656,368980.2133456975,894697.1499612168,257238.34815406412
2022-01-10,60258579.59210553,-90867.29761263408,2224183.765783836,-147398.41910459328
2022-01-11,61657913.24932335,501693.6281997461,2730851.4490581458,141134.2678710136
2022-01-12,62168742.342849426,-213234.1690209415,1478732.2164150567,239260.2429270288
2022-01-13,62372094.43231687,-231017.31299060473,-898304.7548289604,-210453.39685697955
2022-01-14,64575971.81472765,18255.223877551172,2883327.5518334005,-62076.59536643016
2022-01-15,63879625.13262781,-43411.51947656007,-457947.11631941504,268582.0890693226
2022-01-16,63554942.07543699,-297257.1897361693,-179421.48613382137,33697.150215013324
2022-01-17,64418238.94062927,-395176.92626593856,1248582.9371547243,-452888.4555310999
2022-01-18,65184214.69199688,-346948.8741459109,486022.6065769334,-253367.2805913173
2022-01-19,64192784.38502984,81282.35254153099,-2356749.4658163292,113674.2911686805
2022-01-20,64889028.233824156,-102115.12000952027,-1159281.1435723526,-448960.2601212716
2022-01-21,64355934.52659324,240247.81536030126,-637401.4920631222,122809.06854269495
2022-01-22,62327726.62171138,-629534.5930453496,-1972641.304983314,-250410.90811367484
2022-01-23,63649211.54826811,-677273.3552894696,2414624.181340128,371373.1487873081
2022-01-24,63273137.373161696,-277777.648467239,346610.1838534393,-462225.64869072
2022-01-25,63406258.963676736,28049.068240141012,142146.60849852246,375294.18044964364
2022-01-26,62398003.62225908,185299.1014929393,-943392.4138090933,454072.0994251251
2022-01-27,62147130.68639468,-340507.6167674127,3056789.384454314,242012.22067600067
2022-01-28,60738247.29505064,461528.34567613614,621096.4610327521,206472.27266638956
2022-01-29,60024406.33332548,25500.564984935438,-21685.970100115977,28239.836859544062
2022-01-30,59209455.15977243,-534862.016268802,3985110.610641993,107480.34763089188
2022-01-31,60242224.69495089,264917.9137217569,-582574.963046176,-120993.64047486753
2022-02-01,61557151.27067184,19838.13043195361,5015651.975089879,-531774.7358741374
2022-02-02,63128056.08893536,-294947.5354486189,923507.8869293276,74399.50829491821
2022-02-03,63392215.96021601,112016.02586794973,1005639.1223521854,-94784.50677215497
2022-02-04,61818883.584573045,400754.6297139328,-1980541.4714569927,-438996.81003283255
2022-02-05,61175123.1174575,757096.6973388914,882551.0778297397,493339.31722552946
2022-02-06,61633147.859974995,-113694.06166820021,127458.8149135512,-268213.6455053889
2022-02-07,61683148.4548976,252991.25546788558,1798217.5150533172,211092.74562079148
2022-02-08,61257580.167378925,-175635.38797905756,2187726.456216724,134498.8459606203
2022-02-09,61023906.77766171,-6396.9462005806345,-443010.4151823681,-176716.2766862936
2022-02-10,62187132.36809132,335376.2593611079,-905220.4080276885,322530.96125316113
2022-02-11,64934457.55971822,-295634.8809276847,-1097657.446506638,185402.1019689471
2022-02-12,65202992.264000595,-99294.045077998,513633.60147975857,-1931.775505038878
2022-02-13,65340193.563918106,-263775.38989162527,535421.5282678932,-150426.28074665632
2022-02-14,66950409.35217658,-375833.84893613885,-847818.482366076,104675.97952311567
2022-02-15,66668287.458935544,462031.6622221063,17154.44052287411,-30097.820666834603
2022-02-16,69244681.10578406,-221798.55088330572,-589531.4075787499,-3903.4350629777505
2022-02-17,69820999.2951435,-7302.268864241719,1741036.9279208798,-204562.72930071785
2022-02-18,69220370.3247567,42079.542192855144,1399947.6708336158,-190544.16451643212
2022-02-19,68981093.94920307,-558968.634454906,-2368548.961868635,-132119.9618597833
2022-02-20,67729013.55865632,62119.770264884806,-1539832.5991532432,54692.55024550578
2022-02-21,69285551.8453987,-389854.63791950396,-1953795.1222061906,99767.27221281908
2022-02-22,68529962.40677737,-1405007.164253071,703776.7272773456,-86040.73956287286
2022-02-23,68730558.78402805,-228104.8848656602,-3688459.568266832,-596060.475292173
2022-02-24,69397426.07041904,422113.1362796669,-4277106.204010392,-689388.2527411772
2022-02-25,70589213.5533279,663666.0968133799,89689.83600140002,-104145.91985103404
2022-02-26,70962022.58876461,-195639.30425857202,-2723390.7441493813,44674.24856028092
2022-02-27,71674773.26870033,-606075.7489755847,-2988035.3965377635,-196863.21942983428
2022-02-28,71991421.99269621,-366448.9536487157,-484167.9466270255,-58443.83193985475
2022-03-01,71994279.36927235,275844.5807576358,-1400888.0907519734,-403938.06471458223
2022-03-02,71704382.61196849,204817.35885955096,-1383785.7378719593,-71276.2758567771
2022-03-03,71935667.32249595,21558.065358952597,-1352212.3927229408,-332874.45379563305
2022-03-04,72238259.09436686,-175763.11888513574,877376.0939563779,-162990.75507582675
2022-03-05,70865037.0686568,-348130.56616656313,-3024992.0813983483,-89326.44671902462
2022-03-06,71716513.1719349,345017.37133447797,1099178.5785175615,-12560.326155490535
2022-03-07,73473532.50477885,-731859.565412997,-2520357.520126809,293325.57042672555
2022-03-08,70955289.43216908,-1014280.8601491216,-117238.15633856763,-426224.42151134845
2022-03-09,71203444.01290326,15961.599493493222,3522868.5013959534,381600.40252580494
2022-03-10,71277187.26599577,181130.65145189586,-2968028.2151592094,-435197.34357184696
2022-03-11,71697299.34001797,208261.73436582962,-3879568.8694130327,21825.239315987605
2022-03-12,70575707.97810136,-167762.33650153555,352762.1467227335,35382.98479046618
2022-03-13,70685389.74936447,-62151.90411495908,1708244.5233989127,-131017.62038277234
2022-03-14,71758261.67949957,-65725.21487431035,1716032.4449137393,283633.9484511923
2022-03-15,73180819.41589251,696698.2813466357,-1631639.6561259294,253877.22176083946
2022-03-16,72409716.8228152,-63185.357855509064,575681.9909345685,101848.713373989
2022-03-17,72561474.53917898,337797.63634967105,92553.5608906568,841613.7626058046
2022-03-18,73115011.46995573,-228302.53041882947,-937454.851906362,126266.56302374728
2022-03-19,71796811.10154103,-93315.44906743789,1243013.791381671,-488843.87526702817
2022-03-20,71738196.20377533,180707.4793611505,-11983.850526788905,398085.4052347564
2022-03-21,72570270.29042263,-608127.4435512348,-31422.186486223934,-77538.75551075062
2022-03-22,71080333.44834864,-114078.11216693575,1894685.9571801492,350056.70756262616
2022-03-23,72440943.15607874,107680.14369359858,-826848.2259406406,-331107.3080329892
2022-03-24,73663428.22612545,-432506.08623384393,731699.9048788612,-425244.4580639718
2022-03-25,71713989.73009743,-420805.85931274306,-764773.0967295415,463131.8666775404
2022-03-26,72207731.38475466,-483546.8445221061,-5096065.992002248,-94369.0763562611
2022-03-27,73236482.64562692,-460951.39696106594,-3316439.975638154,-139214.39896037514
2022-03-28,73709021.71008815,-180800.49704554147,1764373.92995979,327076.38105457736
2022-03-29,73526402.16216366,654577.7677647824,-363582.13322058244,-414907.75259633263
2022-03-30,73185433.02195744,-90212.9057042192,-858908.1702952781,264528.31313070643
2022-03-31,73023598.21185923,827009.9304806808,3528105.7087687333,-31561.887325172727
2022-04-01,75280257.33789654,500331.49703886936,1641777.1332110623,55072.825358758426
2022-04-02,73602889.06499352,243215.76333984878,1180823.4401884691,-9007.46380849856
2022-04-03,72322695.2297335,-150553.3661876143,1060270.7827600946,-638136.2693678375
2022-04-04,72896844.14757386,-1418417.248939381,2217566.6251396216,160215.82682470727
2022-04-05,72901141.75968464,-170102.03805893485,1870623.7992143848,107052.2876520264
2022-04-06,72735983.99083917,170308.93035246045,2968165.0196642512,-73115.15972944781
2022-04-07,71720817.91042349,174922.46911123922,-433542.855621414,578989.2341725687
2022-04-08,69782510.74988058,-169340.4447607906,1761743.0154900926,-247933.11162734544
2022-04-09,71199687.09836888,461600.8323842687,138351.34304873942,-198742.99884723543
2022-04-10,71713846.50950894,-285273.1633188877,-2597949.005093453,-57473.54918575299
2022-04-11,72513258.06516933,-541877.9720939839,2896145.051132898,224737.5194391614
2022-04-12,72654957.85391675,99851.42975977702,-2949682.86124523,-7733.354185562885
2022-04-13,72692555.22530586,581715.8719769546,-2032151.501863527,-290351.1661573197
2022-04-14,71287358.28546691,460101.6019819319,-312347.320224197,-511768.96849302296
2022-04-15,71988478.61326945,4338.409196789397,3224784.1021291427,50856.46848439704
2022-04-16,73733255.83626068,284565.8377135682,-2102286.2711751424,280147.6147931207
2022-04-17,72906034.64661574,1154700.805115719,-174124.6769921448,-29805.968507220707
2022-04-18,72950752.47689076,583848.9375021613,-1005589.6777150747,-165743.77646065908
2022-04-19,72859993.98960128,484498.41342560423,895072.3053500982,-81903.98019281117
2022-04-20,71730438.41269977,49139.138435263594,746716.56377721,-354929.36293422047
2022-04-21,71066495.43267757,-362526.5425685629,-2011526.0840197923,-830878.7332943446
2022-04-22,71224315.4293218,-345566.006823468,-1951560.0887822935,128031.909085472
2022-04-23,72586549.75265312,483294.9098876855,-1650564.244628197,-8597.983126258987
2022-04-24,72258492.09936555,-255305.82544608304,1976692.475518595,42047.96500855802
2022-04-25,73301795.80740808,-421250.14038760384,-892163.7833224597,-602306.9367005226
2022-04-26,71283587.75796682,-360519.46884296456,1633311.0806532747,450424.79075623926
2022-04-27,69485391.92112903,-471300.63442340354,2312262.523073874,-91302.60001925133
2022-04-28,70170834.38652912,-113230.54643468178,222749.98580714452,352769.4666730632
2022-04-29,70855396.39236356,-397958.7393793045,1347826.9701368029,-320879.87868884765
2022-04-30,69033627.35374978,3139.3625118064942,1634058.0977527536,322186.4035415222
2022-05-01,68665021.21066594,177733.43917696198,-681142.3987044838,342304.9876278601
2022-05-02,69143307.39467801,488272.9637728939,-3219053.9425056903,536662.6383418606
2022-05-03,68225057.61959326,-261147.76528883955,2111705.3347339383,-307143.1172491085
2022-05-04,68456722.76806805,-216206.7020969762,890176.2249809308,-116205.39290770527
2022-05-05,69644300.01962937,600260.3834264902,-1754372.2011905096,308211.95086763153
2022-05-06,68851776.17919973,-22086.89191809307,2525013.1755427425,-128844.02652616019
2022-05-07,68979244.80628212,797733.5999710925,-1415270.1084968734,285493.8501940862
2022-05-08,69473366.39538074,49237.4768911844,-298455.3949691968,-295548.5505014396
2022-05-09,69376255.00978447,-1162940.4127120974,826796.4032029529,-472353.290472106
2022-05-10,67891220.10822041,-293158.986737333,1054722.2651093218,-36645.962728258
2022-05-11,67680972.07275948,-180313.13842118005,351816.51952939614,300118.8094187476
2022-05-12,67588314.58049801,272314.8624794242,-1082949.9368612287,-9507.91251666639
2022-05-13,67579834.8180102,491431.60960157175,1735579.5427563863,463580.5780886106
2022-05-14,66861040.83181009,-198502.66369942966,-2254571.4164088643,43203.49907835171
2022-05-15,66587762.592479005,32446.892949336685,-2005012.4623003148,-574911.3670464363
2022-05-16,68372032.75922883,268380.0554662024,-591946.260291922,-109164.36050861918
2022-05-17,68104942.13353346,-725034.1800279027,1114757.6135945302,211164.2135568812
2022-05-18,67196712.03814203,93056.02037050776,1341815.6412818774,-292513.84155126323
2022-05-19,67206595.69636494,629180.6475803141,-1105968.1192215923,70885.58622309343
2022-05-20,65796580.080375634,-469559.87628173374,1624308.476375395,528092.694599619
2022-05-21,66219720.80467847,-376475.8520562179,308341.46285100846,66210.60301778879
2022-05-22,67588141.26645856,318570.8692214243,154367.67341683529,480605.9841155817
2022-05-23,67595026.87206532,540263.812545242,-477206.36494904716,-175175.64685336428
2022-05-24,66494247.21105934,-65440.321874159585,-2202710.7503724205,522573.3812954222
2022-05-25,66867624.026133135,-717620.6546330795,167121.96316543687,-227755.01622070748
2022-05-26,66781463.902997784,211967.66808617808,-1867720.0289429585,-168224.56491249028
2022-05-27,65706289.42169661,565012.1237549178,2907172.700141509,-50291.25052651728
2022-05-28,64604116.42901294,152888.01075980096,-2431191.3677913463,405611.8375915725
2022-05-29,64812345.42892632,-723788.4602385943,2634440.8689047135,-1169.1083407135204
2022-05-30,64456290.80217845,476304.73116601264,3178019.3469395763,-146608.97653880573
2022-05-31,64546753.28305672,-38270.60847936934,-1021604.2623940413,212646.80829586534
2022-06-01,64836383.533209965,620709.3548055702,-428969.92451548704,40073.16371397336
2022-06-02,65789638.22215976,-210378.4115884155,1685344.2552188693,320079.40254440065
2022-06-03,66490051.91062879,-555261.1963028247,3682978.565370962,-262336.2486407291
2022-06-04,67623252.1826144,927928.8757358458,-1908972.9254374194,-161989.10463667213
2022-06-05,67000660.94315558,-586541.0738958456,1975330.5743442872,-168360.40955454038
2022-06-06,65249758.478017755,153441.92785508497,-3448841.9783177334,-37689.580013840896
2022-06-07,65052458.85692624,-134778.26590506607,561822.4178306793,196078.186696972
2022-06-08,64679661.57420449,-551422.9707326242,-2529020.879584359,-117495.22878577183
2022-06-09,65222912.67557472,-175308.27707305524,-2636890.283066933,-231649.87345589718
2022-06-10,65921310.50071689,43652.696829276465,218254.1604639246,-67348.61452893124
2022-06-11,66258368.61446743,-568156.8203143559,-2591879.3665314866,-270368.1220336536
2022-06-12,65702268.91994,-603329.2564360315,-2490410.7094551222,-75938.27420839574
2022-06-13,66422968.479259424,-850288.7073900197,-1434979.2977296924,-750483.441271364
2022-06-14,65900071.99235944,-254679.23168470163,28541.589563933758,-215212.74714612743
2022-06-15,66505095.98379736,443662.88168796303,-3065308.9360995316,-46180.439485293056
2022-06-16,65957170.00769617,330311.9907205728,-571051.394198041,-46943.546519722324
2022-06-17,66252026.15973281,-282423.39620728826,-2783647.0648609907,596016.5261514783
2022-06-18,64333849.518280126,9665.69722707286,40291.2500343191,218394.61445335217
2022-06-19,65874682.85693587,650415.2568570575,495749.41836952744,28613.248944359402
2022-06-20,66566698.4054541,339667.8683348333,-233753.21611476148,-174829.29105334776
2022-06-21,67553691.05761692,-1248426.823793496,-1525861.4960774176,-594485.275524331
2022-06-22,67591513.7918449,-25793.59487894946,-1449586.1359882315,40586.19528044721
2022-06-23,66243220.4919792,613146.5874394226,-875446.4180262062,-251942.35740785307
2022-06-24,64636032.47902076,-1092041.2289033907,3597926.136794922,150459.51196021275
2022-06-25,65389297.845983736,-185491.77014916379,-1891829.528159456,-221776.1934996053
2022-06-26,66576095.93364106,80889.11062666895,-3629882.098790044,263186.8362130969
2022-06-27,65775480.23854205,-135407.06545609672,-1643941.0684919504,256796.65719376106
2022-06-28,66261905.46310988,264701.85090124863,-915451.0787575968,358832.47965081007
2022-06-29,65173871.43296617,-28447.059685537566,4392683.862928976,-110829.62248168736
2022-06-30,64237719.84908303,-583389.5085533932,3232335.1464622896,-41851.08194412415
2022-07-01,65746049.91128475,352047.0903852847,-601975.7946986331,-302503.08065233787
2022-07-02,66312831.01159384,-285454.22013382206,113012.73497122308,102692.32750561177
2022-07-03,64775311.981489725,69411.8286670209,-2831664.3640705645,-230421.90363988056
2022-07-04,65414010.386398636,-299510.6854794996,2596498.284256065,197193.82647754732
2022-07-05,62763831.63975797,-702285.9374208584,-835786.8521645304,-159396.8255817399
2022-07-06,62458093.76642719,-126788.97471901213,-162297.407879732,255034.8251453459
2022-07-07,62828297.55062898,-28204.02605330086,-3075319.1709814584,576502.8956397837
2022-07-08,63702720.654590815,840563.7410144288,3418163.249378949,923.5823034554184
2022-07-09,63663673.903601825,-168768.11395517015,887828.9782665127,-280252.387863116
2022-07-10,62978197.47018883,124714.60718995574,-1480961.7502947024,447270.2269582503
2022-07-11,62407242.77295164,-222207.84389769798,5131382.411729999,-216188.55958607397
2022-07-12,62185286.73216961,-4632.197254981136,-1847297.5693184375,-225271.53786347975
2022-07-13,63000146.84733142,225832.95319701082,-441471.7095893155,292320.99347273266
2022-07-14,64822110.75201578,110678.18275632885,1284984.1939007575,-55896.94322067208
2022-07-15,64732588.65411797,-25744.915033803165,-2748881.105552061,-63810.276938918956
2022-07-16,64522586.76514345,-321665.24406660727,-4539.496929287915,196677.5624245024
2022-07-17,63680926.63289833,912123.625591068,1371498.3179782834,27242.20251690327
2022-07-18,62258941.87025869,-553587.3705587334,1779678.3457860935,-470847.8915350918
2022-07-19,62774627.118517965,-1122597.4078795258,-2737955.263509201,-78792.80400576198
2022-07-20,64404273.36040702,214746.16299935087,-449096.0519540485,-462592.6314982636
2022-07-21,65301865.69133431,-273167.9128761991,-24917.757115886205,-201776.22155393663
2022-07-22,65002963.2741824,657657.7028515707,-1091986.852265642,12695.372781295759
2022-07-23,64358372.76765774,166423.12107086353,-1061624.445343392,357526.55152389116
2022-07-24,63708811.011386156,177584.1422673486,2105098.4042531084,-75455.70429981593
2022-07-25,62733554.09946954,-930363.4132920733,-2104540.4287655884,-266299.8048135578
2022-07-26,62768757.67442559,587530.985651923,525678.7478850174,-95720.35337624027
2022-07-27,62154021.150282145,-678652.726778626,-491547.57609793934,-210666.9541347144
2022-07-28,62613170.554149024,115943.83487776274,-1036026.167378572,-502798.81758344814
2022-07-29,61878709.31713718,453411.48286842596,581792.627845902,-326556.0808045578
2022-07-30,62328269.26092788,547079.4479869736,-203897.02610424298,-119582.44016042723
2022-07-31,64297301.739285514,-122773.40161847541,533745.751179819,622026.5376495552
2022-08-01,64125985.10083309,-570478.1460336199,-1617556.834795411,270271.80433993577
2022-08-02,64000496.463767916,16623.394349764585,-2281914.0120830657,342479.66277392703
2022-08-03,62519875.07070462,-997719.30659143,-2776510.8253617976,-55910.086784427745
2022-08-04,62686467.951051675,-1115884.7957436796,-198716.9646502114,610547.5993941148
2022-08-05,61121335.96541718,-88770.16612003278,-3398007.087699028,1334.2600697076596
2022-08-06,59596571.42272124,-822623.0377636864,-3422205.5976264286,-178228.1020389402
2022-08-07,59001294.84810726,581251.0272637507,614533.3227274374,399077.1689156866
2022-08-08,57747250.35003976,544735.0382488316,2857796.6635095817,-183387.68640757486
2022-08-09,57719233.556680284,163609.08972170812,1652841.7545472994,-131044.82213529893
2022-08-10,57289820.54700319,1079403.9641717933,1272467.0037777093,-310942.90668359835
2022-08-11,57595769.86154564,289690.1171276179,-180754.14254539335,-94303.46058383214
2022-08-12,58775717.21656919,5706.654755751852,-2005012.3573545918,-193948.56920365922
2022-08-13,58642648.77354555,357893.10545042896,908150.3204227526,-259217.91461383348
2022-08-14,57223589.95794726,-343181.59883371886,2410431.5769419684,210361.71597763343
2022-08-15,56571363.94292102,-132571.8151463556,1960628.7172420048,351692.7531683164
2022-08-16,56117632.6089945,-691920.745746009,-1262900.6438937713,227017.1069595052
2022-08-17,55075172.938578635,-471520.8821781196,176297.809754877,-241616.6598580861
2022-08-18,55281023.07684535,-79115.30281986587,-924746.9926757115,-389568.7017358799
2022-08-19,54765610.41264618,455541.5303122769,-748735.9748172971,1060222.7511112439
2022-08-20,55340356.68011889,-252742.65218985436,-2634623.9773190175,-50483.334835717316
2022-08-21,54220328.27042971,-409893.72687186085,-2166.4539158603043,-767.7369810039146
2022-08-22,55736675.65223125,162696.63257467555,-3427255.6382096563,-25396.947784382846
2022-08-23,55607404.92489217,246443.07588043256,-907118.2685381254,67328.20785420822
2022-08-24,55265770.00112909,-512911.87354047404,-1839033.5606718948,451449.2258384625
2022-08-25,55225666.265485786,-327805.5142064841,1573608.0788629735,-158117.984614943
2022-08-26,53851591.75471308,-632048.0211694117,1945269.8028267038,-112690.0611144283
2022-08-27,54015598.405673265,-1252189.2405455476,1304134.5071961395,-179157.84189191821
2022-08-28,52950278.34309755,-70941.75195343247,2628890.8358366042,164058.8502264173
2022-08-29,51473288.35324699,-166834.95460037934,-174593.63682792668,-159945.89463607816
2022-08-30,52754973.98202172,147871.23358926308,-1859499.6352922805,-358369.79977456026
2022-08-31,53917547.601631895,-622337.9005288162,937791.624818381,193498.53068462646
2022-09-01,53857602.29043338,-392964.2626699572,-1949468.2815914885,-232932.1669604914
2022-09-02,52625455.10285867,416195.3127326925,-1066173.1436557642,-202102.36208311192
2022-09-03,52838765.48289232,-54662.080598494045,-2742404.1592636826,197920.2864484461
2022-09-04,54038085.52616087,-850483.9435307785,-551257.4784366424,322567.913568769
2022-09-05,54129423.45766139,-52695.61019254556,1934643.3175359722,21092.074494618097
2022-09-06,53635244.082871705,153833.63308366475,2078474.760518392,-93419.07960357075
2022-09-07,53496115.14223012,95265.85615335405,492671.6199858595,-80781.65709749836
2022-09-08,53142289.24560438,1267416.1517646185,1562416.5097764372,478991.4805630944
2022-09-09,54207257.95440446,197498.17365632905,1836760.8539412732,-139353.78392329652
2022-09-10,53599590.5359632,-662287.1662381781,-864582.8009304778,-131122.08760978846
2022-09-11,53795529.2045457,54334.321517921635,1282537.752497666,294465.35732118104
2022-09-12,54363011.838738814,-467799.94581735326,-780057.3146056145,385776.9702951713
2022-09-13,54058018.25267978,223104.11538589912,-87488.88811257007,79830.34435972203
2022-09-14,53478751.35459847,-120616.26946635645,486157.52152544976,-259203.99772805945
2022-09-15,53502886.53483417,555661.9279143509,1251394.295113389,58097.92722274554
2022-09-16,53509911.301557414,-372499.6779435257,1211052.7011368852,121473.61005274148
2022-09-17,54392335.731089115,-512630.6731949264,-3225630.2255495316,-263479.0493094631
2022-09-18,54848981.96913857,-612432.4454531439,-2469048.2434293637,-431016.54823846236
2022-09-19,53315910.58254878,793565.5861005326,1781046.8750096904,25049.963760616632
2022-09-20,53110232.913704306,-616592.1886401621,-1576821.095904622,-520738.47239457857
2022-09-21,52961519.480397806,-456725.25662627805,1984604.7180724645,-183570.4142763463
2022-09-22,53770607.14857921,227920.27315989492,3427219.653112855,-147809.05955987534
2022-09-23,53058420.33555816,-516027.45184229914,2527187.209004421,-98337.78044048931
2022-09-24,51560291.55288908,-445914.09844803123,-729596.1186387339,-4290.778661821081
2022-09-25,52887406.83341168,93304.0195620417,-1049062.0872439942,-496461.0022381546
2022-09-26,51746456.101032875,432563.53454696486,24553.681914427874,518796.78632558696
2022-09-27,51573942.93376962,-942223.3450518092,-3373999.765525264,142595.3133599017
2022-09-28,51425023.480209805,-212588.08297165768,-755470.4290751442,-254852.65356799445
2022-09-29,49412788.173521236,-662439.0431124717,-1532651.216275311,-173003.74233498584
2022-09-30,47393346.62513383,-354647.7846321708,-889975.3992059727,-286371.69075682043
2022-10-01,47075514.32163426,-565282.9508343396,-2752734.091150752,395005.47157006233
2022-10-02,46987528.64774255,-449502.39897180034,-3198871.055905037,-381932.7699830352
2022-10-03,46901729.85441343,224191.16309091728,-253839.344572428,-107565.53347289262
2022-10-04,46103206.94538586,-270113.60274643346,4026201.9064932596,550665.4727930049
2022-10-05,45388828.24641893,600046.1570834597,3424129.3571133073,-200239.25866456836
2022-10-06,45351188.58196248,-753280.2095101858,-2094957.4393422292,210395.2178552044
2022-10-07,44990423.563769035,-132889.07761324925,-414465.76950916,-103343.14670157983
2022-10-08,45178030.25360176,-1664786.8396967056,2593369.487069616,-324208.1113961257
2022-10-09,44531530.843024746,618101.4065798679,751846.5152788153,-83913.7619907218
2022-10-10,45283072.19608805,-174900.23956263417,-877987.573304644,-182885.76505961566
2022-10-11,45171358.72147026,317344.26158689725,-163978.3974990283,19374.11730699627
2022-10-12,45985572.851142555,-238848.45727351852,3989288.850204278,124264.12546535576
2022-10-13,46267611.13817479,-721263.5874543445,-2765264.3249538336,323047.9025684967
2022-10-14,46874516.994144514,802407.0933476182,-1141837.6061318428,-343932.0843676725
2022-10-15,47647109.62487392,1107195.0852092425,2291193.524052165,337167.23866225925
2022-10-16,46953382.34887292,-718731.2555526111,2510995.731948203,162628.2662631813
2022-10-17,45880141.922990024,-536386.8329871316,-3033008.9551421492,-444991.5679106079
2022-10-18,45674410.86469824,22499.642212899173,-1104378.8177230384,-257347.9589627141
2022-10-19,45031764.96313163,-540092.107623162,-2365698.02370964,-69039.62099951423
2022-10-20,44235256.757579446,-634098.5320419061,762487.964154251,249254.70098364438
2022-10-21,43814670.01756064,-734026.9555147897,2876943.2313594976,317629.53967669717
2022-10-22,43913331.824435666,-168828.40287302903,-937257.633332554,-33953.581683233155
2022-10-23,44087954.22433802,48213.709297934314,-840889.522569167,323587.7101182734
2022-10-24,44136121.51200564,663089.9775435668,-6028992.919892052,526487.7901893134
2022-10-25,43510715.27488754,-515937.0580982925,-2565683.946048704,-255684.35183791412
2022-10-26,45822126.586959004,33455.438974466895,430388.28847510513,-308287.35602921055
2022-10-27,46939464.407755814,233232.93466035736,902517.2191499835,11694.038521181235
2022-10-28,47140255.99925785,529469.8835771325,460328.28187045635,-205891.69018897138
2022-10-29,47725842.283031546,269671.3950983239,-768240.9430099453,447389.62384351017
2022-10-30,48552859.66008008,-47622.265942783364,3562336.1235499317,704811.1186610495
2022-10-31,47266775.25969554,-50321.63684375093,5136314.443213333,216251.33075403678
2022-11-01,48362565.03565364,504871.07861756865,-1274750.746713371,75880.7202290473
2022-11-02,49403403.87432933,-30285.666876514315,3934788.3267415315,152962.6057381764
2022-11-03,47598992.60765513,364669.1746212418,-473659.9245845336,-406168.8076146251
2022-11-04,46015611.21446699,299371.083815705,-1772363.6007378944,388391.28001237975
2022-11-05,44945012.56648737,258750.54898950734,-258421.03821379787,611392.4742395098
2022-11-06,44302936.125575006,777438.5450774803,1212259.5355117198,-83960.32656884023
2022-11-07,45811550.07129158,-617424.8799071016,812800.1681944847,49769.88765145959
2022-11-08,44367977.73085144,1116690.1702969295,-475956.4592261399,193399.09898058776
2022-11-09,45124077.07145534,-318556.3303611343,271093.3759932491,-376362.4209616913
2022-11-10,45531601.45261871,-106554.47529810264,-990972.7640988351,-219978.5205889435
2022-11-11,44491754.838948324,333487.8013250128,-1778242.2040757523,215903.4007315997
2022-11-12,43131337.810004674,856009.4524271531,1407862.973016733,-152777.98321859716
2022-11-13,43271315.65636597,190032.10823250737,-1097161.7528999355,-299267.1788344479
2022-11-14,42988596.931983314,-286650.5053735982,36614.57419542894,195781.84324734638
2022-11-15,41281318.66892193,205969.58952617596,1886148.0809537983,454494.4760694077
2022-11-16,40174683.672688074,240474.9070514906,956326.4925267639,-278895.83818802494
2022-11-17,42497351.526619725,118346.00956164034,-2554961.902067907,214732.09186890366
2022-11-18,41999896.122601084,-941206.7798910155,-782265.7946674052,-341368.01052949444
2022-11-19,40213474.88517513,-345046.36711399077,2335905.174337893,-482638.6428108828
2022-11-20,40501123.24163178,30314.308534906628,-1102528.2417200028,-145281.76004378087
2022-11-21,39050650.52063338,440110.0245720854,1328415.3668526632,376175.8125283327
2022-11-22,39590563.6170249,-7696.028946748427,-1203572.8616082359,-132203.03043704052
2022-11-23,38423450.337060556,-129949.4754277192,-1135121.4850343785,593375.1760131802
2022-11-24,38573329.13146902,436478.33874492656,1328344.0345066127,303562.3389705726
2022-11-25,39174517.29396862,829218.0756010128,128573.31525191548,-135111.2919409635
2022-11-26,38706183.850472786,191202.16613507888,1756432.2730249122,301354.3010893669
2022-11-27,36312828.955571264,-330431.82929557253,-1838233.6868325754,342378.256005269
2022-11-28,36337201.814716965,719303.2362731714,-582435.0689024591,329359.0211943489
2022-11-29,34693335.196721256,-144272.88399907484,799403.7097806673,-111798.43455615787
2022-11-30,34071880.58579608,1671791.166770617,2505073.443400453,76446.31515414201
2022-12-01,33234679.401489142,566379.4858643188,398442.054846662,169061.66386955118
2022-12-02,31847207.04913101,561729.6229699977,-948785.1177090516,376632.7685057172
2022-12-03,31745582.026644003,-293641.40101778484,1361290.9427631493,298355.3772035252
2022-12-04,32509522.99336869,13292.024910616217,-1226302.8029194002,90606.94449057199
2022-12-05,31491561.383819588,-247554.69758434585,-57525.371620303165,458371.1331752864
2022-12-06,29557725.82656363,676910.936138178,-355948.5846836371,-306811.9295388008
2022-12-07,28900581.41760862,-6723.4184229471975,2502902.154536026,-124725.56110280663
2022-12-08,28867815.304500744,-361810.5009298326,-1561220.8335936225,-151470.73672773805
2022-12-09,29129607.20582728,-344599.0248988303,315664.7262597711,-527221.7121211851
2022-12-10,28449756.839394,184360.09882601572,2953406.098867943,-339438.653806838
2022-12-11,28802255.315392364,1060286.1255236336,352893.80850939447,333127.1413848179
2022-12-12,28602736.395558894,-336948.00165168045,103279.44399753855,14464.81463628658
2022-12-13,28903984.82679719,149407.78851805918,1975543.5921254433,392298.1891129906
2022-12-14,28557939.89008824,-115089.34230920473,613039.7873244024,-153079.89015212143
2022-12-15,28959599.74233543,215585.6709026297,-649406.0808065954,459581.9718459059
2022-12-16,29366755.12201323,158711.475078345,3387997.225844051,-399145.5368681419
2022-12-17,29437025.027801126,168421.192148823,-2994458.09746059,-353535.3263612315
2022-12-18,28355601.01061302,515268.1551629128,-1079409.9674262968,-249719.92662775156
2022-12-19,27676701.475203075,-112324.39120984431,-1631746.2241523543,15118.668675298293
2022-12-20,26674897.534026567,66720.34503148032,-1763575.7154483781,91657.24367443855
2022-12-21,26461623.981376518,-333191.1797741746,-2021564.0415233343,78485.6436100778
2022-12-22,26291982.116831176,506240.387276781,-3242980.1244492377,-123834.91404148871
2022-12-23,27573379.332640305,462527.95663888764,-362747.4269900213,19981.38814903337
2022-12-24,27285581.16005629,222059.2347876137,-791029.7631505084,156605.7762218263
2022-12-25,30288884.358466975,234997.81532367878,1276439.0556173031,49582.86185881736
2022-12-26,28654173.438311394,662939.263739191,548344.4323456927,-568984.4371074782
2022-12-27,29568076.720478997,65282.91704230194,2595166.9980316986,-96404.49409423508
2022-12-28,28944353.58707252,-693778.1780315839,-1865743.3483433484,-313186.56574948033
2022-12-29,27603434.307742666,-7500.042768093924,-1032895.1014133802,-147286.17857213574
2022-12-30,27648042.221894987,-349807.6297002089,369184.53037407156,-69449.52108508733
2022-12-31,25958630.619842157,66876.83488367384,-2216619.314513772,-16215.90427755707
2023-01-01,24067816.63677218,-241140.94111442487,3580964.805847448,123429.56684750057
2023-01-02,24175057.73940977,-605395.9815224814,-1492766.0042762693,-230129.96953433458
2023-01-03,24871290.483631067,-523595.8795552424,1016365.6273490773,230349.65791208792
2023-01-04,25444957.621196404,86159.4366651334,-935031.7958235296,-7576.665625394211
2023-01-05,26920696.51973631,83387.68948346871,567588.8880423179,-43470.78766013647
2023-01-06,27923530.8669812,519089.3907577885,1345739.4410484342,-82711.12087082182
2023-01-07,27045283.80993131,374102.6847913633,-702102.9377752917,-68423.01572329001
2023-01-08,28049974.84119484,867783.7807406498,-1575271.2943928705,-229858.72312232084
2023-01-09,28951695.153563242,512420.2615834965,-2708086.092370093,-177826.8784681107
2023-01-10,28019507.441381093,635421.4595403823,2219889.6199224237,149855.1388844829
2023-01-11,28116154.65114832,150226.6357654548,646238.2581611086,143291.60773212343
2023-01-12,28460143.7119997,802577.0426025534,2482736.279098416,68049.6511556867
2023-01-13,26886770.58489364,678026.9613740313,3059158.342689101,-50087.55714468821
2023-01-14,25602678.89444364,321915.72803741996,1582134.5100874302,548145.6272930345
2023-01-15,26735583.997564614,310698.50967467215,2883984.4370404403,-465168.06779099867
2023-01-16,29107826.047985524,-126175.00583010375,1923399.3979708517,48901.10325990905
2023-01-17,30820945.7636685,200736.8396812974,490140.3429698025,-543163.734934012
2023-01-18,29140682.01675912,-595196.3756628272,-2366486.308057961,-122461.8783443091
2023-01-19,29762618.0506766,149381.13977010804,2394871.013184964,64138.064884666375
2023-01-20,30203492.26496259,4965.125659799352,1867704.0504690646,-192944.10956317864
2023-01-21,30361230.952987447,-229471.46307781857,-977626.7331578844,217482.46432127248
2023-01-22,30774104.962861072,190507.7478549799,-2725739.700925959,216511.97375344325
2023-01-23,30218229.58146671,549742.4948170058,1721929.423202589,-650659.3346192784
2023-01-24,30887251.961983398,384800.9492188198,-256243.2430312739,-85886.10034626967
2023-01-25,31459583.41704306,188931.26567638604,1586990.3899611605,642071.6008673896
2023-01-26,31145045.189018805,708350.8812369698,2002426.2525145472,-512688.3047697856
2023-01-27,31256022.132284813,-433624.0983176314,-900232.0303734901,193926.75984044815
2023-01-28,30970735.80540631,-625376.6258092365,-173543.74303946825,235104.58779135166
2023-01-29,34054669.798286885,-580988.0614049049,1682462.841457349,-410860.97839283146
2023-01-30,33358705.34087957,-218326.77163469975,-363662.2731214789,132864.10625349337
2023-01-31,33342513.250923686,-87043.54738053893,-1254413.5829972331,-691914.1081254901
2023-02-01,34059650.967442594,-689444.7916735464,3396541.33474769,204056.53357567327
2023-02-02,33049095.2885157,910021.0466287059,2349127.558345489,-41079.19546170953
2023-02-03,32827083.567567743,18825.757114650896,2378152.1300045126,-104019.64453618557
2023-02-04,33195660.338610627,-565962.2138949566,5483150.314226053,-204375.54577148735
2023-02-05,31761722.48755745,-15275.526865100448,1843950.8025546784,417889.77009355125
2023-02-06,30991923.719599415,-539985.5879796278,1243544.254598773,-65161.86954439651
2023-02-07,31097024.379681014,140297.57201029191,3266684.5072579496,-588803.2181023533
2023-02-08,32471875.95072377,-67823.88814507642,-994169.4422614803,-133383.1992486664
2023-02-09,33527097.837886512,965601.1041265518,1089168.0103502423,-233926.11949690283
2023-02-10,34674190.74005889,306862.5418022935,-1644817.3089547027,-3745.444024245953
2023-02-11,35506964.7272534,-671563.102052406,1419850.8446070987,-82711.43803727572
2023-02-12,35778838.64609238,54330.27800757646,1343578.0785722858,-408822.74567418266
2023-02-13,36126546.961407006,-278745.10435175634,3027161.125302632,-255858.11803333182
2023-02-14,34982365.44999961,-196788.34976660696,812714.6687944463,5171.136498459805
2023-02-15,32642821.731796958,-179588.4909300093,-463836.28151240334,52637.51935283192
2023-02-16,33464896.445976667,100568.07754994975,583936.0685117645,-248893.83194550325
2023-02-17,32851329.2496247,432607.99302192795,-2224828.3318121308,87307.04889942265
2023-02-18,32993447.418567654,1990027.9105874964,305793.6123265223,-36166.190715889374
2023-02-19,32456731.632424735,208844.55993219893,1747278.96339516,-366113.85211321816
2023-02-20,31452805.75027822,1190795.925562558,858565.0618506112,277534.5568516105
2023-02-21,31795475.16414496,785855.9382515084,-379876.54360650736,-336663.4887554757
2023-02-22,33240019.61377843,75332.2531858148,834943.2865270175,-219669.6752373614
2023-02-23,31827244.02333894,-191272.06427034398,1051318.991872545,379805.5501811783
2023-02-24,33765060.653367266,4019.9226401420415,2440152.3106256328,450184.04184276256
2023-02-25,31829542.162551522,655688.1239285275,1120211.151214725,-576522.0986574298
2023-02-26,32482323.860398006,753353.8019476424,-1118641.0630108095,310728.1169085897
2023-02-27,33977909.25252464,-527739.3078643358,-3270323.2040150017,-158340.12064956213
2023-02-28,33109642.584229596,-208480.23169000816,877421.1016989991,29981.870950778502
2023-03-01,35921889.15055559,-209608.12808061606,-3143166.3148276545,-180268.70448395578
2023-03-02,35861102.86032285,-377062.9089811364,-2145500.483710728,205741.1526521968
2023-03-03,36888999.83837393,-506010.4877098412,1708926.5852944301,539284.4528301636
2023-03-04,37633990.981650665,155657.3677376173,845908.1514851924,451228.7228190715
2023-03-05,35685519.57516766,248098.78550844916,-814285.4768410489,-40760.71509013892
2023-03-06,36907367.19863664,-451891.8925574678,2405436.573131644,236963.67879546492
2023-03-07,36444087.43327898,-863232.6823993981,3223700.478291437,-26111.68156889393
2023-03-08,37711594.23505385,-163464.05868858265,2394450.7624189546,24008.789028086405
2023-03-09,37006494.765597336,-51528.06564467487,-681134.8863342564,-87829.36467950318
2023-03-10,36975920.73896362,262608.8313309624,2809153.4678817745,78049.0911172453
2023-03-11,37953999.726229295,-166766.1193540624,554631.149115423,-509095.8059646986
2023-03-12,37849663.43715924,675906.7133468025,1830680.641088995,-378089.1307517217
2023-03-13,38395132.11949284,737396.3248935455,326457.22910252045,-168413.71536158604
2023-03-14,38109633.77438486,1008743.2204800606,-414618.8254751732,111324.7703167044
2023-03-15,37248380.199818835,-135754.22556862253,3889250.051507585,332202.1130152698
2023-03-16,36332666.862348996,375392.04445897933,-867317.8781700794,236458.17549798512
2023-03-17,35412250.88847419,-749400.9428380032,-591795.8347345432,-94520.47087712292
2023-03-18,35290560.293730155,273588.5710252071,-3840947.647457793,13363.54882322046
2023-03-19,36042843.537693135,164876.7130951512,817780.3899505712,166684.18488333756
2023-03-20,36049993.29317033,603805.8378322186,1546429.6400608441,199149.33098037945
2023-03-21,33545123.495346647,-630335.138079206,-4406324.590260782,-116290.49012974296
2023-03-22,32446010.54272119,-782650.7561533683,802164.2046633788,-224531.99162212873
2023-03-23,31108247.677429743,630468.3687739754,-3762282.2978332355,35376.65437532422
2023-03-24,29616921.591355532,130868.34393123112,1005034.2081215815,77168.53365577583
2023-03-25,29485421.865409464,-879049.9405688461,1910692.3194892306,-291216.7266984482
2023-03-26,30547143.8810609,376763.04836846277,1279042.3517785948,72681.75442623199
2023-03-27,30173691.530355543,-283246.9107932468,-2321869.233130839,-524039.4726915417
2023-03-28,30777577.40497633,-247404.34579018646,461726.73845045274,-74223.6775820421
2023-03-29,30686422.47982891,226849.01971122983,-184318.69735603489,383628.81638579234
2023-03-30,32161122.251503572,480046.99775796593,3728458.572971696,-471162.2685635929
2023-03-31,31906771.71477584,-64035.647107624936,-1229989.1046663,-54873.47061659652
2023-04-01,32331383.921283003,714897.8234435569,554810.2345065774,145305.3421770609
2023-04-02,30586000.7992689,-235837.68149965577,-3576889.7143213516,-136129.06282865236
2023-04-03,30087019.502134617,-934494.8661219986,954309.5409506144,-534768.3139424813
2023-04-04,29895805.19376055,235130.13406378616,806191.508009164,235402.6440407571
2023-04-05,30430233.3063846,364490.9619904473,2136360.667766745,17355.105067451637
2023-04-06,29841535.844561674,-165168.6916993475,-866923.8161248578,129037.4007828964
2023-04-07,28490468.51423579,769013.2162908057,-647437.8101072456,256614.96124266408
2023-04-08,29897975.48722538,552090.6242002813,-1341536.9116773936,-433464.99622233416
2023-04-09,30757520.461780667,600361.5570540198,-683340.4589906798,-42377.94988686472
2023-04-10,31414727.65146881,-457918.29392040614,2100702.590443075,-505290.06907890283
2023-04-11,31133145.43439878,552542.3850471656,1303015.0696532524,-350846.4436115509
2023-04-12,31321266.901919775,-1233082.2773066638,525733.2484968933,-576201.7743692837
2023-04-13,31467394.36864047,-513080.65805087355,2020191.95517076,180328.04109648618
2023-04-14,30934293.822431263,-440705.22797947645,2217896.373384735,-245745.79504863295
2023-04-15,30796775.622009464,-79914.76874633647,275954.27993439237,-208095.40406433246
2023-04-16,30068835.035223607,-119538.92313041663,-546155.6758801674,159480.85140250405
2023-04-17,30799758.90228617,-128299.53910947056,2206599.3943438726,85121.52513528515
2023-04-18,31758953.771546964,517353.70443509344,1968721.1670248513,-82385.54276580618
2023-04-19,30332337.36198125,192613.74583109745,4692084.532837562,59675.79049956609
2023-04-20,30516825.857897356,-774112.9514913413,1009520.4961570172,474320.4699302662
2023-04-21,30827004.117126215,94753.75590362218,799368.9548674062,-481708.2381812505
2023-04-22,31159549.871010453,-427335.67688536114,3051101.0709678223,237208.81074073722
2023-04-23,31244903.31571957,463201.58642468933,4205549.612083077,-111949.27198594523
2023-04-24,31358081.701092813,-166563.87121734957,1849017.21856341,-179633.56306189377
2023-04-25,30862657.933040913,-189079.50527458938,1664780.756535643,-338169.4837927209
2023-04-26,30293163.403413016,-134826.0102534247,-1006491.5320235732,132671.83368878491
2023-04-27,29652888.268151514,-152977.9598536398,1341111.7746650828,-352366.3595501945
2023-04-28,28076286.94608776,-450032.8415194465,-1770178.9649365742,-281322.6646352488
2023-04-29,28436541.568391435,286488.96485612815,-994774.852519209,63242.536301541266
2023-04-30,30098235.92314958,-231143.30442496456,-2224619.247096386,-509584.14980382094
2023-05-01,29197929.341923043,176649.9877406819,-2281054.6496476894,361534.2861243013
2023-05-02,28316152.82847984,-436087.1132774644,1062409.5863215197,-519899.19885792676
2023-05-03,30369724.30514098,1344857.842477365,-215843.38744768326,-168495.54736435806
2023-05-04,29580392.432930123,142365.68770495363,1816647.1595173278,-573908.2172314096
2023-05-05,30861619.966507077,38542.6736338596,-1949619.258305366,-197856.3015429479
2023-05-06,29976254.180123508,808812.7778497058,-2669926.064063494,-254892.6156001527
2023-05-07,29833950.40920757,246714.80305735493,2308586.7957498003,-74906.03084245308
2023-05-08,31277241.060642704,-332429.90904585295,-1526010.413692668,174497.19952779173
2023-05-09,30619430.969663307,552996.8287107766,1443758.2079658913,-454523.0200989111
2023-05-10,30080152.93499148,535410.8916895355,1719370.1814061839,-390068.3980116717
2023-05-11,29872194.532343686,110872.4723874778,841247.61097303,111742.84665434169
2023-05-12,26218063.113764886,142169.25377567924,426096.10910406854,287145.18504848675
2023-05-13,25884934.796410974,-627246.0457449167,-3300142.0465580057,-128668.0688092843
2023-05-14,26144978.613140024,600362.7997335813,-981819.3452197671,554405.4755685476
2023-05-15,25487264.75020702,344173.679897961,3036261.0908703264,-254564.95240513026
2023-05-16,24644608.803421505,110496.35080536305,2021809.997059575,54567.21120804724
2023-05-17,24370522.813061558,-22192.034233391834,-1556999.8844585295,-41430.69717317328
2023-05-18,24935489.72132,658520.9227495437,-903430.5054642267,-65789.46892287198
2023-05-19,24881835.305963736,25316.369671962577,-1441738.0015385705,107402.9466778762
2023-05-20,24072765.695874013,-60357.18108766412,395254.3178569737,96790.0199868246
2023-05-21,24146311.696658615,137443.6619044943,-2486263.373266624,-465907.2502472742
2023-05-22,22084392.50562428,248650.33963655913,2163348.302297886,-119348.77289348486
2023-05-23,21361886.110939886,466235.67480448436,-179376.90444076646,-103710.0038406187
2023-05-24,20323488.743119404,227041.32889058377,-1058411.161451959,-119361.8083110894
2023-05-25,20446432.632375617,110074.95544961414,-3036168.453208706,117495.6636816833
2023-05-26,21353224.184564088,-268790.85485777375,-2663454.6360327704,69436.54294317061
2023-05-27,21990196.339772288,282992.4944508322,1561684.6477288129,79450.0493243691
2023-05-28,21796033.692490224,169819.3617747231,1117474.7453468936,-810165.2081177366
2023-05-29,20069573.088169366,-397090.67740982753,1129376.325122034,-91184.6358732394
2023-05-30,20733176.808109593,-709375.0538622531,-41677.353993120916,133666.85608688756
2023-05-31,19343796.87197496,-204080.75670903374,-1769939.9212669905,579194.9884644054
2023-06-01,18198143.783609238,-841890.3644649311,206868.69220299096,86633.36749251462
2023-06-02,17232942.099996228,-257472.7640266634,-1253031.201516046,254380.45783792296
2023-06-03,16639514.192022786,640880.0715090019,-3882487.017850461,-60745.740873931965
2023-06-04,16592640.231729146,16880.43244449747,529771.945263814,-51247.1775532612
2023-06-05,16473375.436070135,318405.5542680025,2454912.265924287,-9101.546906094858
2023-06-06,17034269.18629359,-508145.6154588,897796.5625170601,254057.02595985995
2023-06-07,17094439.205538783,-157207.46391501935,-3455440.589139562,234636.87289646358
2023-06-08,17342383.52191571,-946560.874786162,-405596.0728835907,-20081.803365978147
2023-06-09,19757682.463280484,65918.05719323445,888947.7450129575,298709.90674334223
2023-06-10,20262903.550699785,-320796.8623253523,-588387.0293190832,-7644.445456118561
2023-06-11,19201960.561807945,-26912.398442140773,-4119862.2163793743,-22359.393689448374
2023-06-12,17641917.39012314,690030.8608264788,311249.05281300854,65704.81028606855
2023-06-13,17977800.124223407,-133643.95972375514,5356774.939970188,258707.76355742573
2023-06-14,16731092.22164295,261804.2275231875,-320469.918179897,393685.4945871407
2023-06-15,16501957.159595393,237437.65249440982,2017285.9472155946,261371.04942481927
2023-06-16,15274032.82825918,198721.50797196737,-2829839.0870868834,-100538.52619415373
2023-06-17,15813330.803865405,173484.79889591766,-525968.4249465211,-39564.28003452494
2023-06-18,17552512.63429417,-567174.1108562031,-5372305.320835388,-472668.13474655856
2023-06-19,18543592.51899012,243237.81298819432,2277548.6489822296,-28589.956639618016
2023-06-20,20044490.716382485,-223750.42096486487,-873990.9898562001,198162.57200342466
2023-06-21,21443706.043309353,-524585.682861844,825362.014616618,337630.1715697007
2023-06-22,21820268.37856954,-379130.9293511862,762357.9854089707,445071.0646142547
2023-06-23,23697685.652865916,-105946.73629541078,-3077145.063344036,-19843.63913308294
2023-06-24,23368404.26370912,-503429.00745817256,584340.8498254897,-183380.96345866102
2023-06-25,23433440.95681181,-1097075.5348778456,1212178.0999979354,-393763.9127389166
2023-06-26,23150514.950951967,-240611.90951765538,-1890607.3658689146,-109077.00129050623
2023-06-27,23062550.03289875,-243322.272407552,4938430.240128112,66502.34376077588
2023-06-28,21740546.842471104,705473.7815899262,-472814.3169077319,48932.97627099535
2023-06-29,20324636.10599795,1157784.7388830031,-1361393.164837478,-550459.3282550015
2023-06-30,20213246.966174405,608844.1488505487,-615607.2483325936,-15580.283229707722
2023-07-01,20564075.766028367,1038274.887697154,-2287351.8008089853,-127673.85511721406
2023-07-02,21150927.804713864,438846.6279905452,1660586.3170303528,226414.29228724397
2023-07-03,22039685.180639595,-302389.63673824293,1179924.3667850725,-262530.8630580195
2023-07-04,21903444.400545955,-629239.1739163963,1450760.2616053226,-210849.2096541484
2023-07-05,22708144.941123888,117027.51586177562,2058184.758119579,-160018.3252294882
2023-07-06,22055913.000798352,-325729.74580002896,-1476167.9431190062,-297145.3782108274
2023-07-07,22470096.438455723,381778.11164255743,480273.66953362443,402712.8494767947
2023-07-08,22874337.600557946,122135.53061354943,-1435472.3580626643,-197733.18408289575
2023-07-09,22992309.0094804,412409.31557658804,-3236983.6825326458,351032.96357839846
2023-07-10,22020659.67914862,-76799.86180003484,-1687920.725070062,107361.34105294611
2023-07-11,20403052.79970871,11759.547871061339,-1121063.513737915,-159667.22687666738
2023-07-12,19901591.050875872,-174448.57002495136,-1863228.7209942054,48693.8807977342
2023-07-13,18600642.184098557,-229885.83713861767,-1989869.5977474218,-35881.69215295022
2023-07-14,17562110.92287173,-46095.77912248691,-462181.6559399616,-173378.56455152048
2023-07-15,18993450.84966545,398801.2552523085,2160997.678568546,-231760.21728968798
2023-07-16,18701748.65174341,-381539.0342500849,3778672.0170353577,-566414.092029493
2023-07-17,19274426.12148752,-579059.766114683,1532642.2937554375,70099.39115164195
2023-07-18,17610116.363395285,496238.5281722831,1787523.4534202428,416779.5774933153
2023-07-19,18991712.91954863,-124004.37619647279,-1055121.0850108082,21127.515613415137
2023-07-20,17239767.30425046,-83138.2174601173,730152.9665832856,383559.84564783314
2023-07-21,18737041.98208876,-312651.19726580806,345820.5450343362,-1887.8030633572948
2023-07-22,18669319.159724828,-392015.49985040014,-1406171.815165066,85892.61451676332
2023-07-23,18052079.676705025,627604.6925944749,-1553648.6539659612,-403256.28238780185
2023-07-24,18285909.78599679,-310274.7955622904,177937.54222014511,-190189.29778612513
2023-07-25,17854393.51415429,-113519.11727205466,-457793.2315542755,597864.9309529206
2023-07-26,18609025.993334614,329916.9825265823,-1537335.8658631851,-196447.87128875815
2023-07-27,17522219.297531266,-792236.255694847,518686.62451392313,160858.78311948638
2023-07-28,16110531.178339053,-835250.5361469516,99553.05957868075,114824.37626055558
2023-07-29,18330329.545006625,-346671.32722399756,-1472314.4809952888,-83567.40059388996
2023-07-30,18879285.454177402,-136847.77000273485,1604269.3783280014,195645.82875824632
2023-07-31,18722058.29815116,148353.90993478638,-1293308.952042966,-197840.87294657988
2023-08-01,17494486.39306919,45869.606784747484,-622382.0037748307,-53398.76384664006
2023-08-02,17137987.31543765,-1053617.8613921863,2802038.8781973287,-201944.07894722134
2023-08-03,15652639.93167819,-410950.2918253993,-2153509.5905653755,216537.2533426723
2023-08-04,15393740.123217832,410628.9222572277,6631465.219168277,-406776.54844455497
2023-08-05,14624655.427223688,-229299.40694433628,1791734.1208293904,-23271.50631996847
2023-08-06,15161188.572109444,31220.69835548136,-165409.8444201178,215393.4669541768
2023-08-07,15641454.047433637,-47818.90975549468,1806943.0719272865,-149284.03909558462
2023-08-08,16198539.937678568,86413.76426164816,3478935.1158506945,95427.13917312371
2023-08-09,16927305.828997694,705994.6904591034,-3655969.6345026996,-292404.914199873
2023-08-10,17219212.006041173,-441008.48729738826,93241.18806882117,-104473.72828407581
2023-08-11,18332012.187186923,663648.3785238023,-1501584.8115150598,-123714.31682017422
2023-08-12,18235021.503375698,610344.1429396804,1553878.3121861082,549503.0075809362
2023-08-13,16905792.5906015,-23315.311963761393,-983707.6566824478,-287232.53225934494
2023-08-14,16438641.597608136,-536916.4188968787,1845087.8860904125,247813.25275879193
2023-08-15,16813490.543522757,-60418.35041539993,90138.04969565787,-514581.3908783201
2023-08-16,17460956.33908997,219875.12399708785,2094258.853123809,-320767.3833428084
2023-08-17,17222666.9015016,-214169.8157821086,-749861.981661302,-229941.71374944077
2023-08-18,18167890.476613514,245897.81472086752,957125.9090420675,60468.96659461137
2023-08-19,18639100.087942664,-74799.11449808007,-4544.949205283292,194407.24690792372
2023-08-20,19244444.219411675,-407238.9910744403,-1837995.9557556007,65703.42142114276
2023-08-21,18817236.360990174,208108.446774244,3024378.211938546,-63673.55266002407
2023-08-22,18984537.825285975,-673831.8940260403,4353100.270542646,-517766.60736281076
2023-08-23,19299566.121968742,576282.1498323029,-1217370.8870333163,406827.14145662566
2023-08-24,20131173.92161634,-374098.57385693694,-1010181.9747778884,106459.89790006298
2023-08-25,19427467.09055321,358061.02372012543,1155672.921955095,-233682.56968028453
2023-08-26,17135337.29833417,-39402.08351192248,-5035576.21172457,3804.547553274211
2023-08-27,17339124.28378519,-988514.9416834932,-1507640.8301842776,-72598.78774408968
2023-08-28,18006658.147860184,413081.9057588803,-2170132.6250146097,204268.2372928163
2023-08-29,18338045.291309938,-282943.6375664892,-527802.5239483025,153522.75745044884
2023-08-30,19100679.616314866,-152866.4203505985,164782.8608355896,101851.94809639451
2023-08-31,18235223.558356464,-97857.94037469102,1615122.808919033,600737.9202763778
2023-09-01,17302245.678889416,-921561.9786339338,846694.4411480719,114825.9418205994
2023-09-02,17174628.30698518,708665.5940088417,702415.9690787251,-13017.652077776182
2023-09-03,15856680.308648944,-234930.16678215304,-1528926.5308404071,604490.8860430602
2023-09-04,17075960.72069002,-698411.4415617794,5145402.040777799,285797.2708852388
2023-09-05,16998129.39670637,12965.054849257393,2061262.2898371061,102465.10086078709
2023-09-06,15834228.129808603,449931.88783262257,-1225050.5754942775,-221319.94422654595
2023-09-07,15471954.758167658,644460.1584837113,-1182941.3995029344,153864.55317071723
2023-09-08,16495820.562730148,336342.53445689735,-853751.4930992187,-877795.1325486396
2023-09-09,16332877.484053003,-8288.12342434244,-1465973.3313676852,360197.5460835657
2023-09-10,16416881.208898177,-320943.18667102803,338888.66989901994,-163994.41262487607
2023-09-11,15937695.668163676,567482.9791475851,-1121388.606256214,-84131.43366161622
2023-09-12,16615351.82054571,318104.493169091,-3753714.141071322,-510141.11108415015
2023-09-13,14677658.12061867,233341.2456658718,-525999.1381878756,316240.5769716073
2023-09-14,14055238.16689606,-957112.2650944747,-3329688.264465937,-215987.07730763304
2023-09-15,13313197.777495235,266311.4364197035,-1078201.3613691167,-380876.19962987135
2023-09-16,12725179.602434741,-1009528.7521829727,2937945.190917696,-250336.22831414308
2023-09-17,14030461.382560074,-1219689.5512279617,-2499309.1691714255,69773.8538884972
2023-09-18,13962203.44931973,321880.30817893875,1946939.2005110183,-249373.03609746645
2023-09-19,12475600.180957465,-764092.3903922231,2981452.1180252214,-794502.9139656886
2023-09-20,14583155.462744998,266768.481527812,-377434.41565802274,-213996.27277777734
2023-09-21,14630834.88622459,189620.39382126072,397562.0015496408,69999.96470055236
2023-09-22,13789208.175492011,209323.62476990206,2448924.2465968668,-26360.904053110135
2023-09-23,12643048.042884966,741654.8707291395,856005.226080342,-204360.7708483122
2023-09-24,14446255.968176732,508441.8955355129,-3102057.414241762,217549.36947743248
2023-09-25,14329477.620932145,452710.13430084905,2627067.7431608494,145541.72679375226
2023-09-26,14327280.70291806,280130.6355996274,1066795.7484896488,-7616.108153678169
2023-09-27,13981988.190863704,-271289.4494233496,-3467343.7782000788,-224326.258040947
2023-09-28,14894247.109552646,-171803.7273711738,-1758449.7131505508,-253818.38741391423
2023-09-29,15315601.097540403,299661.79428159125,603241.9347001618,-211658.62137742635
2023-09-30,14406313.231708353,-245957.06547842972,2034214.140413948,487462.1909490501
2023-10-01,14082709.008906364,-809833.8582767338,202690.72475390742,-150642.668117094
2023-10-02,12020151.641698938,-142128.0521970238,1435764.1958989562,-391685.47098821035
2023-10-03,10495000.217362402,-1215031.11936065,-1476580.827379846,-38265.07993255473
2023-10-04,11243700.362982366,-150388.4049848642,4089554.4197624433,-535628.8135582415
2023-10-05,11720486.016841885,-340521.7846034571,2553864.020948818,77764.50916576773
2023-10-06,12917061.695621014,185572.25157021452,207696.52219659754,-4144.175056827197
2023-10-07,13302527.033546241,381988.5134697331,1546232.8379292616,367119.8921044563
2023-10-08,12649378.418742953,339222.0321979649,-2200226.7525617285,-551435.293078434
2023-10-09,12258182.79533048,-782304.1439226436,-24585.438640990455,-506446.85321195703
2023-10-10,13159363.812629778,-261118.2973295979,1888564.959971602,-5070.389556075595
2023-10-11,13240906.220860189,526882.8085037918,1252688.5580581948,-451897.5167522219
2023-10-12,15543771.653406676,521532.2768960053,-1406139.6441830767,-170538.7985677317
2023-10-13,15403986.669805864,-723691.324001132,-2364083.0919452696,508704.7403849298
2023-10-14,12682641.997080583,-14974.694348604893,1597480.4151094453,61365.10056448022
2023-10-15,12510393.334496887,-401100.6283661881,-363788.841320315,572188.3088493419
2023-10-16,12460043.831321802,677102.7305465438,745213.8379611595,-47469.31931757042
2023-10-17,13989732.698782803,-339847.77880304237,1089149.3430192387,189548.2725473494
2023-10-18,13121733.61685896,97383.10637932044,1814827.1141098684,-354216.28494344075
2023-10-19,13073024.366033325,633795.8727622116,924798.2202213635,260150.7002048146
2023-10-20,15601026.588938199,-619055.4799173109,-102194.62323395695,342718.2390627354
2023-10-21,16060744.531411177,58369.54664480851,1273012.5015088394,-224129.89867533863
2023-10-22,16631394.229522454,346497.3745240008,-425916.3855595098,-59228.228565379744
2023-10-23,17033287.267452393,517181.0472703927,-796504.8590271337,-59930.400954463556
2023-10-24,17663462.694900088,34986.9946388402,342184.4604246966,354036.8481936397
2023-10-25,17385018.999390557,-520762.38512503717,1370134.0474589888,281021.7841458614
2023-10-26,17444318.882325023,-186459.71648223745,2935366.65741593,53376.58642131135
2023-10-27,17024206.554602254,-55399.39578868317,952880.7821345427,522821.28427380876
2023-10-28,16561063.64881203,148697.05206062444,-4039231.0351212528,-160344.77957266723
2023-10-29,16392906.70045381,-105464.71437470676,-982259.5468188695,-174942.19663428245
2023-10-30,16417950.231700337,506497.8101400839,-1779839.4377792876,268930.6948860805
2023-10-31,16265874.779826207,-297803.61546234856,-3808220.869565383,249700.41617823247
2023-11-01,17545892.468232736,-29682.207385240552,-4320907.043648836,37426.15225637539
2023-11-02,17986527.961308077,1092234.219429912,-750640.8444597945,69631.35269307691
2023-11-03,17787541.263584733,1413624.136772012,462457.8172377029,227098.01985934615
2023-11-04,17924113.80168539,-717154.4817557695,4293875.161965089,286062.30939449137
2023-11-05,18375191.43447517,-726769.4740363621,-2382073.865995383,362083.29200398026
2023-11-06,18378979.256682847,-245337.31014305315,1067618.8796562715,425808.9630750339
2023-11-07,18855748.510877863,248565.16754281288,1119622.9341954046,-232181.0689244006
2023-11-08,19893152.828290485,170601.35386069966,1913330.4826112431,152698.70906172137
2023-11-09,19811391.05137305,299018.06668870564,-1672504.6693281825,-171060.0086042508
2023-11-10,20820015.319930904,26221.037359214202,1573646.9534274093,428581.52951016976
2023-11-11,20971856.975351285,764249.6867831087,-3820195.4231275283,-244550.38213288787
2023-11-12,21154121.922953613,1431199.3646259794,-373774.02536031767,403028.8198688433
2023-11-13,22336784.591261975,-466376.60516031017,2066824.01475449,150172.58984343498
2023-11-14,21858067.759881612,-298389.35706148326,1717317.1056378172,514492.03356646764
2023-11-15,22376947.329235226,162264.37546726363,820086.9748614471,153502.05015439147
2023-11-16,22710248.32877766,-173007.94368769033,2325889.756643614,-396858.4792876481
2023-11-17,21894258.739938542,31893.077089219296,338418.35875550815,-371197.2646505226
2023-11-18,21858370.75494429,416082.301816355,2539819.199557937,-67423.69546831708
2023-11-19,23079469.94268632,133797.42636167555,-206489.4512618215,-230868.96388722552
2023-11-20,23960715.15083235,740211.1476403926,1250238.6661188202,-612461.5862769489
2023-11-21,24065062.483345397,-438855.9392410554,-1557494.4197375039,90346.01998084939
2023-11-22,22865368.075087145,-216774.4115271912,-2963824.937433652,26931.81260455458
2023-11-23,22414098.216712445,-1127997.23966299,4221932.808443964,-156318.46763127882
2023-11-24,21273604.484332427,734995.2694434938,-2610325.1661686823,-102643.83600396341
2023-11-25,21353842.026657965,239019.60442588213,-1684792.9472418758,-704208.6076931817
2023-11-26,20483575.486274607,247425.22404767512,143633.62803396067,323647.451102898
2023-11-27,22115311.279727723,-459018.8580692065,916707.655656255,186510.86359234963
2023-11-28,22361305.210555736,-11906.900653461862,-611782.073190603,53819.30625445852
2023-11-29,24993625.187948328,-221526.599612528,-16267.757156633863,-284672.2959097348
2023-11-30,25344491.723376643,610231.071328876,-2088377.0372417865,1041427.9670378711
2023-12-01,25350690.308642518,345136.1190873814,-3061415.547834715,-78420.45491452623
2023-12-02,26538513.037637066,-203112.8731031784,-108591.0747925568,-686534.631435939
2023-12-03,28174977.774930216,-830575.0406495443,-4803109.653712662,-211183.36600707538
2023-12-04,26710445.45955566,62015.565436518424,1957200.075986538,11835.477072138556
2023-12-05,26086867.72954852,46930.490099329676,-335330.5311492977,422252.2193769136
2023-12-06,25289073.7135855,-162592.74941496592,1235921.8512640619,-125091.26839985992
2023-12-07,24915596.402972788,745844.6223824677,-511905.0835904367,-312867.8316643463
2023-12-08,23469753.260850567,957961.9697149326,303170.44854444603,-206934.6220658658
2023-12-09,23640587.087548256,348317.209323391,-432707.19832148135,-141559.50931377447
2023-12-10,24495757.184630696,1087183.0315309966,-565246.0677520302,59110.430956786666
2023-12-11,23504743.320306268,279288.64991032647,1542272.4737838418,-234486.61043675704
2023-12-12,24304208.873815123,69760.8244237066,-764579.107560799,-45833.18545626009
2023-12-13,24179986.870327465,-430605.1164420802,-2506361.6003537225,648654.7221428115
2023-12-14,23685888.20146098,-318610.2138021149,-1544094.477027381,182352.54076287418
2023-12-15,22922420.071002975,18433.46116441736,-2530657.7323575574,164502.1821446102
2023-12-16,23281623.708489046,-525457.3950637025,1307269.6705109638,48674.54073549298
2023-12-17,21848421.58464206,-203162.0805937333,622063.9035261858,-41007.63522722199
2023-12-18,22431526.87539103,744425.8293883927,129812.02339661862,396843.9516163608
2023-12-19,22660809.11578186,909699.7353236323,636551.8733697778,-168905.27580091567
2023-12-20,24493371.26970534,69100.42732237284,-1593908.8567639065,-51194.19511400258
2023-12-21,24685700.017383188,491062.6529063005,-123812.09594712594,-12950.165793926884
2023-12-22,25463725.511249267,-229826.07662413485,-1062610.284851573,-155619.21451466225
2023-12-23,25577664.357980866,-50611.06341200306,3471330.6721224673,-219735.96654081895
2023-12-24,26445628.39659864,856108.5321293743,2918059.233900839,-186748.86043543086
2023-12-25,25304636.1128526,182004.97552391555,-495676.88499290665,30249.416863740145
2023-12-26,25140744.492089093,347468.4381134901,-2232789.386334212,-782178.9453346923
2023-12-27,24337916.691367764,-1044423.3775665304,1679369.4604277369,-143687.61567793184
2023-12-28,22658879.813292816,210767.05512197767,1396942.2578083447,187068.85336351275
2023-12-29,22502724.948532693,-261497.03259517916,1177685.1916196493,394481.7151989193
2023-12-30,23581392.732970264,-457454.1348041649,-463686.1824297564,163881.64122126097
2023-12-31,23781061.83367682,-965490.8142212913,-715394.413842196,-54931.84914757158
2024-01-01,24822402.646697268,-703792.1152997741,-1918472.52149158,-337079.49639660306
2024-01-02,26588984.38605203,-427594.1445380523,1035731.5166444267,324694.1784471585
2024-01-03,26124323.9788248,875119.2140878834,-2624706.3978683115,-23897.95093600096
2024-01-04,25696075.326081198,285133.87194045936,-1301616.3666685775,-172361.4117917536
2024-01-05,26342270.614837635,-537415.6129424906,-3567505.9589337455,-326367.58205263654
2024-01-06,25860750.55357384,10537.25802749387,1542160.6309502865,258545.61542877235
2024-01-07,25690205.69066785,22969.07943217078,73215.8107042542,32119.520286815114
2024-01-08,24734687.944073223,500452.99314953684,1514615.217919341,31673.91477145676
2024-01-09,23392680.08126044,975089.8762950868,4550587.969146824,-398765.66619347624
2024-01-10,24274239.289039195,-12002.301367201597,-3335739.6579343304,90788.27944744691
2024-01-11,22398680.89515954,624111.7399888854,1457414.8909517627,319837.6213243044
2024-01-12,22871945.075219247,634762.8686323483,-3456090.3549729455,431048.52313866484
2024-01-13,22872030.128572892,209489.55345605017,225974.018675023,42716.43315400723
2024-01-14,22812994.34631799,-715402.9960914948,705473.4348510127,-414846.4691292076
2024-01-15,22696773.814412672,-124589.63001451951,237389.7599734781,641453.5833393999
2024-01-16,22524632.667541213,155894.84772355936,-2712280.807578305,227743.913608797
2024-01-17,23665223.34342068,971969.1894282795,-1353319.9283849092,-392745.4745994209
2024-01-18,22524790.180103023,487058.11229072185,-2991413.4053518176,166370.56079400377
2024-01-19,22340287.237043064,-232487.3845866202,3451359.3181132055,-149475.03396582315
2024-01-20,23663496.507799752,-412080.59269206214,-4852473.06580583,-85332.94425777093
2024-01-21,23951183.14601116,-267108.5531800596,2950514.260004963,-522503.80052443105
2024-01-22,26884840.457088377,-313271.6814879298,-140583.03920658148,343398.66931917093
2024-01-23,26512438.170246445,218368.05833385288,-1017657.0921908532,335308.46320215653
2024-01-24,25572986.360986773,-1081716.8611107892,1384344.6791284424,-44592.42221352391
2024-01-25,24569254.062614217,-223213.27845995137,-459845.3440554365,283058.26819697046
2024-01-26,24539026.940618522,457300.13507859,1137846.1383672752,145529.22654867778
2024-01-27,23144636.64065799,-49415.17082812477,-878864.7298993341,-386407.56418332265
2024-01-28,24340340.25187583,-369852.2976200718,173954.25594334825,-148684.6640804221
2024-01-29,23436535.811955724,761198.2316341029,24371.794814096855,-628961.6135387694
2024-01-30,25717471.977926165,-281648.3066199731,588814.1646352432,129955.49478392475
2024-01-31,24682548.74062297,-104817.69375248559,3082503.285959351,-523391.25538930646
2024-02-01,23184359.92485994,564079.089624715,1441871.5837973843,382695.2600297238
2024-02-02,23240508.011018645,-813747.9892805152,-3837163.2486280934,286124.20343491714
2024-02-03,25240115.37325848,-296672.0192403539,2714318.15724562,-513157.23889930255
2024-02-04,25144492.91382094,817381.3542613476,-3628886.211888795,50698.08510013232
2024-02-05,25825204.513590958,-90362.91360520135,-3237720.7541245343,532101.3688250891
2024-02-06,27666010.288867217,-133245.9623730616,-3369534.9717940683,-247065.51768068454
2024-02-07,28146888.94510267,-174844.87111236085,-3150714.442529128,-333319.4259280117
2024-02-08,28391918.639307007,41514.600497927604,-2800992.4400695018,113586.19960088481
2024-02-09,28954368.512480147,-795524.8100560203,-3491465.357560481,-186927.88307949595
2024-02-10,28295677.80693896,-1009491.8038447889,5561815.198568683,-568367.1081135069
2024-02-11,28676754.669865634,274835.02779752907,-1600932.1148616748,-497894.34964426374
2024-02-12,29316251.41651527,-258385.1805279716,3920295.4953843052,68753.77390546688
2024-02-13,29744976.730348498,9399.600681271879,2811167.069909666,549438.3785669357
2024-02-14,29950335.57400418,-1367158.972540732,-2607095.103683682,-186564.90726553803
2024-02-15,30538613.39577383,-339596.14995006245,-2580423.9381314972,-103682.33094075171
2024-02-16,30505036.218395095,834308.1753805088,1695050.8465701411,322571.41667912435
2024-02-17,30450313.895214815,100.74300016963684,-1960552.622769632,-704302.973304398
2024-02-18,31379065.338929188,-672116.6437637929,-2153974.7593674874,51764.00491341411
2024-02-19,30464415.417751946,-644097.3217891437,644595.8241690891,117656.50855371536
2024-02-20,32158299.575074818,-442345.6872043764,-672246.4409974944,147569.8952690549
2024-02-21,31345146.198625997,-20387.79912466413,-881235.8132956257,282424.829740763
2024-02-22,31574937.101053394,-566694.4769457111,742962.802830646,242798.09066753424
2024-02-23,30788866.941234093,-163140.36372834782,1541695.288845584,-32072.177556471303
2024-02-24,30087605.301956575,168584.09540587425,-809608.1397802683,249340.73297969793
2024-02-25,30202835.868046433,-975996.620560693,-201713.4031729248,630398.7877573969
2024-02-26,30099063.787015732,428910.9665348674,856357.6842996912,394682.9029631199
2024-02-27,30871163.69954328,-387844.06740459445,-1425825.7046560936,191693.90569225542
2024-02-28,30607001.76389866,447560.7645761536,-1199350.6412803193,481607.90919027897
2024-02-29,29538922.23520678,976564.5358488774,585327.4637486867,-167662.8966364973
2024-03-01,30083966.22668255,361143.8002590627,-963749.2916367531,-77092.30514253645
2024-03-02,30357629.487602584,-925080.277794522,-2038947.7606907818,121552.44591891888
2024-03-03,29089925.295386173,-536822.1786892494,465127.1117471787,230765.18408416308
2024-03-04,29472428.271120995,423751.683852183,316047.44079890946,184717.64845232145
2024-03-05,30320917.17968399,-568744.7455954758,-109465.60623511256,37079.52751702545
2024-03-06,29355514.10121429,272391.301446106,-2638389.174551842,146504.605345103
2024-03-07,29738473.704611737,-73327.41628156617,2365253.347438331,-85749.9851274931
2024-03-08,30605787.719933245,671307.5867355266,-1269641.7485358845,-381904.2723092967
2024-03-09,31111488.3029695,100910.82970767586,-499905.9880633728,-228221.7015712006
2024-03-10,31955132.101860143,-236896.39777612634,2214029.8997010835,-610033.4533508986
2024-03-11,34012286.18211688,-46846.1362235757,1684480.151878763,-288617.1551791667
2024-03-12,34239871.24121176,634664.0434994645,-3146131.300231453,600848.0667137722
2024-03-13,34602170.66742498,-199118.6034915535,-2092329.044814301,-143274.53945281098
2024-03-14,34288460.89533349,339983.7492977673,202676.96959817765,38794.542769083826
2024-03-15,33764710.04272103,-176204.9497548974,-421113.64715095423,563708.1406844283
2024-03-16,34372918.92646713,-682189.4445664557,178184.2394852828,76059.82277668548
2024-03-17,33895818.5528163,-400549.3448923872,2194963.7347934893,-355208.02882360225
2024-03-18,32593564.493986376,-444227.3306603135,-1175501.7736090426,-521353.7013513474
2024-03-19,33336925.99459046,370491.40339707426,110405.99163899376,-24108.222996805485
2024-03-20,31817644.67820306,682151.8988110734,1348966.0221768464,-347187.0835475398
2024-03-21,32448443.00347985,-592634.0252663151,1035543.5913839018,-191921.17988002725
2024-03-22,33270750.517781496,-560682.3287902946,4850212.539001321,-369277.56845882535
2024-03-23,32665394.206544023,-462999.8691091213,817278.4704016559,-100578.33859773359
2024-03-24,35176043.0979473,-152665.2545425535,106449.05844707554,-58747.41413207847
2024-03-25,36250456.32490482,29358.55362107166,-914382.9711005838,150462.89562242886
2024-03-26,36148463.65580688,-427469.30134806246,-2220488.4532864424,227979.93066149481
2024-03-27,36146689.52596401,-528884.6667857785,-1589937.117147126,-323688.1744682135
2024-03-28,35961712.258088656,-101635.26061651137,-914787.8514646799,208961.42164927328
2024-03-29,34516579.47492155,192730.28370860365,-199925.56883874422,-190923.2004699257
2024-03-30,36819657.7278879,-434352.34084910573,806649.3649349463,-328055.5318227841
2024-03-31,35424807.52479051,-232257.659182863,4343652.068229802,136173.8408107175
2024-04-01,34907051.6474463,1035471.724151442,-2507451.8843611637,525993.6092723508
2024-04-02,34958942.102126524,-192728.42295912,619272.9474701103,203951.59223376116
2024-04-03,35833869.51780441,-130574.05774244187,2108044.7832006617,744719.6345068014
2024-04-04,36718105.39652374,-367308.1583544468,-2550818.288671608,-398981.90215840307
2024-04-05,37279581.4110803,-152122.55679162635,4257261.471759454,495249.1284081997
2024-04-06,35982143.59338718,-46298.90288210765,1810121.5584970715,-359894.8090493753
2024-04-07,35652140.37520879,656168.9093992084,12919.703137093196,330874.3289262125
2024-04-08,35823884.16345923,650883.0257423462,3347821.5221712245,139417.820816445
2024-04-09,36054841.30202524,-114427.46404535313,-1935277.2751670321,32676.31600054988
2024-04-10,36526534.0598304,300609.90986155026,-1936031.4510846387,-1028.90260705992
2024-04-11,35609594.47721689,134934.05132426898,-816054.5326714392,-279851.38383981196
2024-04-12,36408183.96046803,-1145764.677066786,-356961.97431468917,-102414.35329827452
2024-04-13,35720811.90406214,-332743.7483973488,3352058.520235549,186916.583583314
2024-04-14,33916128.731466725,-59395.976053391765,2859468.6539597786,493448.4386409385
2024-04-15,34146092.48404817,-181275.31170265234,-1935605.3602122776,710124.7368964179
2024-04-16,33457461.73029667,491664.91034821427,339136.58502058574,549976.7199324763
2024-04-17,31857790.29200004,-715936.5283480822,1367767.1907907955,243301.16662411124
2024-04-18,32313593.00764115,-629846.0603380708,-1266399.3310665376,-124808.82618615944
2024-04-19,31188005.173020538,545069.0130495776,2101677.077636482,-218703.39347895284
2024-04-20,32785816.028866965,136807.5156306334,2069152.486718915,-493920.54106374196
2024-04-21,32024911.03950854,-10635.607243525075,-21474.574507757396,13761.509511096223
2024-04-22,32173229.07323397,89868.24849770199,-4790598.685278803,301979.34126642
2024-04-23,32676835.09881269,204194.82560859685,2125028.7720915535,193784.7721657064
2024-04-24,32841020.51229419,-251273.96148060373,-31004.637028724854,-22287.37376521884
2024-04-25,34292584.72858896,32063.489560827773,105272.60992847073,-68529.44317973604
2024-04-26,34391182.66350351,-18064.43102452265,606330.3196455511,-184330.2017351144
2024-04-27,33736412.409148,-392930.1272308296,-1916502.609274128,83638.41222579451
2024-04-28,32724744.505224876,454628.02251832216,272873.3438860502,190731.22014509264
2024-04-29,32133774.220843375,-424412.30121771764,1138995.6639714765,-84281.32065502742
2024-04-30,31685086.041816454,307290.42635223333,-937898.43505571,68810.78706961265
2024-05-01,31655231.08847366,-271405.6734913759,689253.7624089827,-223240.4082389787
2024-05-02,32229757.51084289,1067408.5104383372,1032363.09724167,16837.0753732062
2024-05-03,33741694.143393345,32041.440821055887,-1689509.5531671306,-188554.57107371904
2024-05-04,33123253.96101798,-416714.8136596171,-1260200.5907309472,-652950.3262175564
2024-05-05,33734675.93967481,834519.860930652,1871779.996288431,112330.5304417481
2024-05-06,34112860.184683636,96798.17134428947,-112264.32424503271,-136904.17669649172
2024-05-07,34049619.64660725,469208.69592928863,584068.632580194,-517794.51559014694
2024-05-08,34259862.32299172,-464923.91079529247,3317163.2252253536,49057.60852118546
2024-05-09,35638798.920552924,591598.2250100068,-1250637.8199748318,105904.90604195194
2024-05-10,36169729.20020152,-1046022.4837714363,2146527.5286418437,-230423.19530553487
2024-05-11,37142295.22767992,-1290356.9214635452,-1465449.9347748358,73685.40469253118
2024-05-12,36283351.54093078,-9034.60834692766,-627457.0534814401,698902.683298125
2024-05-13,37606309.41233581,239986.83850054417,3043794.8730456885,227508.7280315801
2024-05-14,36846318.75268911,-573719.0055350838,-1664958.0854618691,495727.12965438113
2024-05-15,37887216.57213054,-216350.38545663608,412260.57044104516,-82169.1108351642
2024-05-16,37682306.59670392,-756929.2312767399,890838.4230024279,-280.1378383973428
2024-05-17,38562723.01470474,-192156.10248890673,599258.2242518426,421102.7034970911
2024-05-18,37823263.490035474,772722.1040887986,985378.5805710234,165496.46298667058
2024-05-19,37517594.62695749,142626.04387037168,-1344510.9584438456,137550.19981852674
2024-05-20,36782208.788131446,134708.5987905612,-1819214.5488072683,362290.02667659725
2024-05-21,37019920.77106405,-117599.21637686409,-5433677.698398541,37761.07038941264
2024-05-22,35403841.10011573,-828592.93421134,1031479.700146313,-297669.21026433154
2024-05-23,35441879.001049876,409734.94014536013,-723496.1955932517,179338.0322612306
2024-05-24,34398573.00587526,-181555.14768584803,-2231758.340631317,496586.8035347268
2024-05-25,34767368.541868135,-853740.2593114243,-573049.1910439057,-69077.21928437393
2024-05-26,35858617.65376833,617717.3877411312,-369303.64637090784,223039.2061946281
2024-05-27,35539568.13134855,377105.09318366245,2168920.0568173956,323958.42468256835
2024-05-28,35290572.15665473,34157.677509977926,3635866.036213318,-393328.04834433115
2024-05-29,32048823.657685537,-274862.65900667536,570496.3452990435,-444035.9501678094
2024-05-30,31502953.426204983,-211444.1403287909,-556886.2446208346,179266.65126016104
2024-05-31,32420209.654118307,-311564.2148627681,-1528187.4462079743,422978.8513688877
2024-06-01,31239825.865041077,-421626.10960178333,468162.062650703,-395529.6579165659
2024-06-02,32676747.92627837,333836.8758325012,776767.4811616928,418065.5825398616
2024-06-03,32422447.825686105,-811468.5137970715,-3004642.7247071946,-386204.8866572109
2024-06-04,32824065.02853175,109739.1669464776,-3560606.2666623495,-193987.43163511995
2024-06-05,33305623.71084925,-115546.68913716481,-209489.7855173886,74304.0318904085
2024-06-06,34566364.22626405,-808492.4207688697,4230208.226500896,10141.941249627736
2024-06-07,33987967.87008678,780305.8445311359,1204795.6503154929,-85395.05610184027
2024-06-08,33538450.232147668,265113.85464514437,-994309.4174405605,144724.52530252858
2024-06-09,32723309.796419412,217591.4391025587,-3951094.4481218434,118081.41268439453
2024-06-10,32516926.984766714,619365.732902008,-2798989.875652051,-22262.006023947597
2024-06-11,31234816.58397359,-555681.4313219744,-1932508.0602214881,83987.33519002484
2024-06-12,31916819.65691756,393031.32518539135,-254658.94400647416,-89226.81475821974
2024-06-13,31638981.39670238,21521.024847134704,573916.6049274686,-261813.05242491077
2024-06-14,33350867.059076693,385308.45663873065,2417906.349755913,85912.81741068226
2024-06-15,32631279.85316927,58538.13657376309,-1160282.3457383157,-152.1526308427371
2024-06-16,32458375.350049026,-568476.9504729547,661908.6319711336,210697.4971485465
2024-06-17,33259910.1290194,-239769.7016193627,1420799.7757072966,-711059.4346764035
2024-06-18,32020718.904701054,-303885.0845543006,1650741.905507071,-6191.19286475211
2024-06-19,31239604.872272983,-1040508.1607349049,-1678256.8738752233,422674.23094706883
2024-06-20,30728689.285513252,-83123.17958379799,-1378102.347223116,-362880.664835172
2024-06-21,31007019.991450638,338582.3870324378,-1361290.0708031328,247352.62333745346
2024-06-22,31015432.097310323,-1125650.145120196,-105260.82384013124,-18669.524928560237
2024-06-23,30510714.15259435,209150.80643149783,-915057.7317949905,292502.6195158758
2024-06-24,32899741.34364281,-144341.5854744055,567651.9371864435,17035.976612005627
2024-06-25,32845715.136682395,-240287.15239713373,625584.0963115009,282879.56008660287
2024-06-26,32813908.43133521,-616088.9015559893,1541317.045231812,144778.9538539568
2024-06-27,34072193.66051389,-976865.1474334175,-1622435.6043360275,322958.92468356784
2024-06-28,34239265.3004024,-732468.6054837281,-2713627.810893197,-283618.6669465202
2024-06-29,36066791.516024195,-272369.01682233677,2019096.939586405,357811.8940493834
2024-06-30,34873073.59340506,-569169.5463741436,1603033.8744072206,-839.8936413284946
2024-07-01,34758930.86643077,-375512.1661322785,-467636.75554224796,372288.2092410595
2024-07-02,35152662.36544284,-25121.225252804652,577394.367501247,-31414.889264951893
2024-07-03,36129679.10091194,327007.83407475473,-5176893.053287055,179400.2889439509
2024-07-04,37701312.52587955,-107461.65912796861,-715082.9844116163,1645.0999069127874
2024-07-05,38391619.93483444,-543462.7842102644,911669.9114070787,4111.29400513719
2024-07-06,38633170.9104327,375606.6655628308,3997261.811989445,-44717.00368189132
2024-07-07,37776604.65036852,-373911.3696893719,-5877324.782737932,47881.37904081498
2024-07-08,36723615.580272965,-161969.99691457453,-2762720.2707681926,-363610.18378933804
2024-07-09,37423264.88537827,-557490.0425414339,5069938.867670639,-611955.7434955743
2024-07-10,37194042.3031602,-189175.92594229674,-1669490.9702713543,452053.68673203856
2024-07-11,38004971.52219973,-249107.2772504512,1765784.3105700305,-246643.42654891618
2024-07-12,37869408.52285799,-27755.369739348534,2321446.9474004176,281278.25220301276
2024-07-13,38051222.79543867,-244756.44390431375,-1110619.3504617065,21428.30114386246
2024-07-14,37446622.92027134,209535.66494520806,720657.1230694121,-28089.838421547953
2024-07-15,36859950.97280862,-537442.1117272528,396464.3538516643,14159.786505081287
2024-07-16,36427141.36556406,-83422.14149387783,183892.51457231634,456811.98957565567
2024-07-17,38137142.510571666,129769.17192515236,-2977586.162644647,-413395.51826020237
2024-07-18,38384496.00123666,-806223.7202523093,188660.2578288538,582743.7440293108
2024-07-19,38965361.62152346,460202.70752593945,1537908.1560060594,-250981.9624904942
2024-07-20,38728535.09889379,910117.7422147071,-2020149.560773795,-576345.3780343068
2024-07-21,38663306.33524084,-209674.6779718925,2230691.9194109053,-188862.1872645453
2024-07-22,40827353.57919039,-92263.45013965481,988393.0394376019,165348.87306975378
2024-07-23,40095385.6222088,290530.232945939,1361126.2363228295,771720.5854724343
2024-07-24,37976789.408990085,924895.5287693335,1329899.926887643,-133798.34469633538
2024-07-25,41248581.79084776,-259545.59991640973,-2727393.34573852,287545.44405240304
2024-07-26,41532933.088053904,882961.3299939517,1308819.0447097332,439222.34104574285
2024-07-27,42192942.969213024,-386758.0609794758,1217232.9192986859,-336942.12526984466
2024-07-28,42575673.964329466,-395495.26771621575,-458813.6471061058,317047.67968305
2024-07-29,43867991.81243916,-1009643.9771270767,82050.58796872928,-79213.38110552754
2024-07-30,44254298.55673838,-513427.0939726745,-956892.9523646306,-37584.21330500674
2024-07-31,42734109.77016914,311222.5805812733,-817700.989756788,-281829.89641555067
2024-08-01,43150438.61465985,235910.70107845904,-194754.3073063394,159501.46877865723
2024-08-02,42861778.6883723,76383.73690673804,-1603947.058762659,-82539.9852854694
2024-08-03,42569075.05979401,-480137.09174403304,5724143.05978438,-192457.92329115357
2024-08-04,42300259.20466253,791947.2413479758,-1806491.3388967037,48759.94978938238
2024-08-05,41707070.34534418,709122.7278318822,1352445.7317203823,-80036.41861527819
2024-08-06,41672232.9784834,-131921.97616624134,-1794520.3612375755,-178868.24419896127
2024-08-07,41784912.93537754,-130797.96821328816,1986327.215296021,-4216.643542222308
2024-08-08,40921165.069521494,-590696.5598371287,-710878.255439311,288160.7955442276
2024-08-09,41665174.72528945,101339.0952703221,-896443.0805783296,569378.8238195478
2024-08-10,42792244.7187551,495527.1615469201,-3551660.1731232805,287465.1101666412
2024-08-11,41870626.71652573,-17150.84002647369,563908.5743628059,61951.19714702233
2024-08-12,42632333.53282355,284383.5522914263,-2008758.076147189,-746803.5033899181
2024-08-13,42278370.16644438,-1030732.3113090394,-922736.0349985223,317492.0547222791
2024-08-14,42860507.57395138,430396.32055235497,-494791.19038921,32664.339263134647
2024-08-15,44326834.969618276,-265879.1478041577,1166515.1899447907,-433982.30247324065
2024-08-16,42931459.88001307,385064.0341068135,-992947.0438195828,-451699.5258024659
2024-08-17,43125896.602379024,-105397.876808214,19221.707473795395,281772.98678714473
2024-08-18,42537136.818036385,-615571.994470928,-2214435.757226616,-97952.63593038736
2024-08-19,41954602.97608325,-439338.6177109203,1723073.615852605,-50697.75044408643
2024-08-20,41411059.92370554,405064.7181335039,-1017388.101833405,-20103.39070732633
2024-08-21,40376035.210077174,-426780.17062015785,2918585.044024976,158384.35073270946
2024-08-22,42221003.3971806,456282.7458350345,-1869352.760500317,-63718.537500179365
2024-08-23,43080633.18529918,132597.68144959924,2087072.073616329,60671.381001345115
2024-08-24,42257925.851422176,-1775858.7003806178,-2979140.9030723604,335472.74261126365
2024-08-25,42585943.74809849,-421934.4321725126,1907866.0383819502,-590583.8035419062
2024-08-26,41064299.8246302,550564.3583077732,1235507.0056342566,-176949.35344180284
2024-08-27,41330999.2502622,910408.796710033,-3079296.9955664994,84568.66865747978
2024-08-28,42836678.00326193,-216205.62179344485,-2440925.7293292577,531043.7068894177
2024-08-29,44154224.75806245,-334277.2274605916,134947.37719109506,-123365.50170490627
2024-08-30,47614838.82507321,-25671.76070046946,1525940.5364217297,148733.8409841357
2024-08-31,48661855.08950398,731357.3865977658,-1569907.036434986,-455349.39706721716
2024-09-01,49575699.06431909,47971.86718954369,-25327.506215613532,28659.98986425704
2024-09-02,48039561.720001385,529085.6206127903,1347245.4431388804,530388.0177415445
2024-09-03,47259255.351747796,459618.63520392467,2201253.4398674117,36065.029339692104
2024-09-04,46110373.34464159,25438.22212734358,-46995.79763092202,-44210.641497339966
2024-09-05,47117324.30460917,18229.99081468739,1480635.847830871,-260073.13244579415
2024-09-06,46011488.77392245,104963.72986093354,-55885.559416238124,298657.16853150964
2024-09-07,44999072.97250555,-237634.9808888892,1185552.6589132894,-443918.859994608
2024-09-08,46355808.885386944,-136157.2055093968,1526601.2755263092,-89424.20760259994
2024-09-09,46278485.569875464,-188147.567707298,5048824.7791717155,-143049.44145334282
2024-09-10,45752412.29199514,284914.9436347669,2399072.7780977637,266882.07988295244
2024-09-11,45088210.1949765,538113.6284426684,-1018626.1217446649,-251689.79036258347
2024-09-12,45061288.79693401,256246.63299590116,40784.48627217241,87253.68542048102
2024-09-13,44846012.45936091,367.11125538184194,-1227053.5180213095,-22881.242758080127
2024-09-14,44740197.35680014,407450.38192029134,-644298.2601565059,292572.82094502525
2024-09-15,43916294.48334188,-268609.3316560707,-926369.6866750739,-195961.9156808372
2024-09-16,41366022.7268159,-34580.594898998235,176821.2470802352,-211918.96655545887
2024-09-17,40907259.03787607,772272.8925355113,-199628.35284207453,41863.92122735694
2024-09-18,40821532.60463285,-372603.1476890633,2050611.6414383624,398865.7677480304
2024-09-19,42301516.07051243,-361627.0016388205,-999094.9395696283,206899.29477853197
2024-09-20,42138685.18571324,-63277.86572108794,-2206518.6027197856,-282610.3253172754
2024-09-21,42908404.21697826,80012.3312497041,2307628.002009059,-515904.10473585996
2024-09-22,43700480.35420517,93146.65250097433,1351465.1990105393,-232485.59453776336
2024-09-23,42847633.23869183,-715530.0011633103,3979586.596039741,360238.14231493254
2024-09-24,42731793.82850886,-267407.2963566486,321859.83778732247,61911.59410393763
2024-09-25,43480137.02168532,-513492.192591765,3118866.7820807756,247966.7862922676
2024-09-26,44756671.407602675,377276.6237279386,-2096155.6771141523,-251770.04758006945
2024-09-27,45014031.820422575,207694.56778855543,-583689.5259282301,241328.2312795807
2024-09-28,43391581.20785118,-342294.0100123962,2032266.8249338767,30679.550261084212
2024-09-29,44281599.5036622,-304253.01063701464,77491.09572230667,-286196.4136345431
2024-09-30,42629182.68775162,-322137.62851005106,-907383.8262697605,-176683.9453899292
2024-10-01,42213718.30461734,-101634.94181241204,-305104.3856326982,206704.44244555425
2024-10-02,42225376.15667908,231528.96605402915,2383983.890649714,-171305.8163593267
2024-10-03,41230353.08727705,572521.3798602723,1486525.6834951362,96703.09127250443
2024-10-04,41221801.9088137,199664.72136566715,1564005.6460957122,417916.2999744716
2024-10-05,40938118.374815814,86244.17937564335,3617362.231432912,463035.5609660957
2024-10-06,40036337.20616386,-313951.0358618065,901257.6912311256,-72520.37136338056
2024-10-07,41177339.76915477,-288523.06645991025,-507352.78633961244,384827.38242840185
2024-10-08,40028123.167259224,530267.6195602476,-226324.48927174252,442715.6230070447
2024-10-09,39110885.705520555,-358269.62055388326,2101746.4426618735,-348685.6059387339
2024-10-10,38771473.541631006,115291.05152726684,1231550.6785049227,534743.187528963
2024-10-11,38558239.00766235,101817.79527918056,871011.7441243005,-49301.837987368526
2024-10-12,39813217.06240695,-130582.95778216033,2561867.9916878543,177702.19958117942
2024-10-13,39303176.08054746,399535.512636012,160876.42894048084,891434.5808835999
2024-10-14,38717590.277557716,-405563.9747303894,-3913387.348527954,-228711.6637247304
2024-10-15,37630971.030080184,-529764.485817123,-2689502.736166945,89947.80638642842
2024-10-16,37741059.31816041,213191.6267478215,4174209.142906759,147265.9964578078
2024-10-17,38878843.74380642,-352620.3080537784,937620.3500807491,718120.8747926388
2024-10-18,36875491.112370804,26321.860662471896,-5122410.722591643,-423898.20016952977
2024-10-19,36102470.023000054,549810.6107027538,-985175.0242353632,335468.35962296516
2024-10-20,34450694.507500984,-213133.54650746888,-653263.9210312475,381893.3796821518
2024-10-21,34912542.62121731,646056.6904339141,-569376.2183200774,-371809.4107611373
2024-10-22,35515392.802715704,-187612.92446939464,721102.8668830512,42224.62936338769
2024-10-23,36396016.60749363,218558.24493044123,4030059.23654632,-293085.73861197074
2024-10-24,37607552.942580014,98845.566110104,-1192438.7443639233,48287.324977762226
2024-10-25,36900134.28053818,721132.2658135941,-2241708.4805426626,-151422.2583670431
2024-10-26,35695534.19231881,-285475.3794685863,-3634181.528592158,137353.2868345967
2024-10-27,36016192.65054635,644357.1042931112,1229102.8355388807,110664.02069183782
2024-10-28,34848708.85981816,-426250.2657070325,-3563481.101780726,-466249.0670675245
2024-10-29,34982214.68623504,182001.59295092538,-4249674.187117867,284845.8982253535
2024-10-30,34080110.94441838,-94100.0226185475,390953.06937884935,-871654.6504162749
2024-10-31,34988432.569926396,374278.1187431112,-2976005.2046714285,-84040.80475472848
2024-11-01,33876932.46607383,224894.6143053411,-2448409.374725654,386064.06752945273
2024-11-02,34742347.787952185,392236.5973417469,418036.9092947071,-152853.4646656312
2024-11-03,33157803.15041159,-695788.7021736043,128521.83747839078,-49441.452575362295
2024-11-04,33646640.81903338,21618.33489618512,-1298382.6919075006,-157361.32697703416
2024-11-05,34646268.01633056,-34197.14714307658,-1922095.918009459,509155.10386218945
2024-11-06,34967400.13781998,378999.77682370634,486434.65717738715,-62441.718837918794
2024-11-07,34239225.04711094,-421429.06098242826,-2573185.430173236,61758.62897640986
2024-11-08,35904528.836065635,271245.0511077759,-410437.5160208811,-768855.2964225906
2024-11-09,35686985.241773315,-100149.33683190678,-413050.00054322544,179860.46660709733
2024-11-10,35519083.95100405,-803662.1324929366,-151323.810070485,-186038.18429119725
2024-11-11,35152478.12214584,322964.4600818102,257257.45609074124,-28909.365734517352
2024-11-12,34324225.92273034,-69708.9003093208,417986.0472374861,-209760.09015042178
2024-11-13,34062240.89539471,156751.27644247614,-4646204.297418961,205417.5202566749
2024-11-14,34566282.016402796,674407.6303759621,4154423.9281054274,690007.7192730531
2024-11-15,32980265.347093936,46631.16703909717,2132757.373907978,-50147.930427433304
2024-11-16,33916266.90544794,-1269276.0415730998,675843.5803563392,3275.080720747104
2024-11-17,33497749.185483497,163311.11140099345,836958.5477136293,-352633.68809620425
2024-11-18,33392664.37732956,430591.5556489006,-1032905.5441056258,69253.65160236448
2024-11-19,33684961.128582545,-315890.5333650204,1129725.0705983525,-1920.6850603420785
2024-11-20,33532972.106665246,-116598.07800686167,-380727.28765404405,-195050.33921902816
2024-11-21,34292792.12465455,-80785.75781159851,837914.4831695096,-278841.62235254346
2024-11-22,35562048.54787764,-1439720.9418532539,485393.6598410093,19526.929361568487
2024-11-23,35984462.581677884,-779366.031696116,4836661.314144457,251100.4182772836
2024-11-24,36427863.58286855,444194.1903660885,801890.8361060151,569092.3643169244
2024-11-25,36963050.7678084,696866.3416040726,331593.5576469714,431426.6947697646
2024-11-26,35957864.85933926,-81861.17784426888,796797.8250193491,-286843.9068168078
2024-11-27,35763128.79866913,364152.7887257301,-2579376.4760596696,-478077.1385911944
2024-11-28,34932895.054521196,343179.87834331195,-1222675.5696459203,561754.101439003
2024-11-29,35346787.56609163,-28444.328163079685,1001498.2253320983,-480.1985765623242
2024-11-30,34958618.75686162,-301016.34294982516,1267689.029058576,-287228.6735222251
2024-12-01,34351103.94054688,125706.62693002999,-376483.8867116462,215168.4950974057
2024-12-02,35682197.86488572,-617836.0343725864,483449.7656387096,-309775.6896182966
2024-12-03,36565240.0767664,-127709.58191201897,830202.2258701292,-284210.10886920744
2024-12-04,36094939.44516758,-23947.08198251658,18612.928261448855,-96197.4016822005
2024-12-05,37303996.64646098,-1138539.1028772423,-2759618.370205035,444202.9025424139
2024-12-06,38038413.31467685,345637.375717343,1778172.7096102454,-179658.55098552126
2024-12-07,36262317.719152674,1334842.1172075532,-1861815.400568953,-356012.09181563166
2024-12-08,36293940.954471916,-643638.8518413629,1258655.7270817817,181610.75787934317
2024-12-09,35678470.35843667,-146861.75983148738,-1064525.3407130148,-526791.7753111472
2024-12-10,36048686.22893428,203602.01352481503,726025.9583277969,501204.7672873639
2024-12-11,34933255.58855463,578966.8935007253,-1272735.7695024787,-210071.60424786722
2024-12-12,34318588.33068474,394059.8774078147,-1254504.6209610885,100633.83165056814
2024-12-13,35078007.111234345,-497987.8754258066,3539650.497634589,-137256.82901567372
2024-12-14,35132952.600021996,-326897.2975790028,2194128.441515428,142119.05169594777
2024-12-15,33120613.55223945,121410.06130229692,-1697588.1176862847,23151.813471236143
2024-12-16,33852071.3624434,166902.35582126258,3704477.5119478814,-17905.19131197235
2024-12-17,34609677.06338393,473226.5154593101,-407591.2751422537,530410.6850686547
2024-12-18,36444228.23330838,314923.619740661,3440592.163056396,-589158.0771054155
2024-12-19,37502308.05776056,-409678.2491698969,-2108925.2436504345,434847.67857587413
2024-12-20,36955690.91882162,399606.48866473994,-356887.3704790745,-550474.8576022614
2024-12-21,37940740.180917904,333144.83853514167,2574145.3285341742,125151.15299195307
2024-12-22,38232903.18179918,-301144.8865414991,-2775923.975959357,52943.196843436104
2024-12-23,37558309.68933476,67399.44532266524,-784126.3513035238,-365104.55927962495
2024-12-24,39480252.79970993,644188.3784176596,-1192298.1191364285,-233045.06231512717
2024-12-25,38956153.88361459,-278926.6949783249,-2645067.2997045834,348023.4011912992
2024-12-26,37961165.04379791,1015724.4563361936,-1543092.131982841,441368.4440527876
2024-12-27,39490776.439784355,-411242.45584010554,-139016.74080819366,138812.14829476312
2024-12-28,37967436.667910054,649341.3715913664,3519357.5233821315,-107240.13647473337
2024-12-29,38207300.54977637,-432415.6004068151,1796679.7689887453,-1972.779971190221
2024-12-30,37741721.87427416,278861.9132690482,-691977.4927986461,190343.66492202415
2024-12-31,37673607.93172919,-419563.2408030664,-3295052.6195004354,-14529.627374934142
2025-01-01,38011509.10907812,-533179.6130446746,665332.1361889729,-517770.69357891945
2025-01-02,38083930.94969001,128514.893984998,-324060.4355320913,417627.76020806096
2025-01-03,38208822.538371906,-416977.08449350175,1277568.595777288,-360205.8925302434
2025-01-04,38266856.061856985,26997.837260942582,-193457.4847130701,158483.38452404298
2025-01-05,38714167.482386686,1096201.777176603,-4568218.860322438,-275718.7924632307
2025-01-06,39515221.84966983,-297385.80381318025,322825.71171746025,650185.9130834367
2025-01-07,39849088.186568536,231281.07917495354,953551.8700451509,-156271.5474332388
2025-01-08,40686829.040759325,610750.9472125518,-1199371.6062880177,-146604.3087955149
2025-01-09,42842442.16822076,-692639.1909641348,2899111.3152223327,-728761.9390671877
2025-01-10,44125032.93091291,213129.19709178136,2577735.961250364,-299668.40993610775
2025-01-11,44531685.70239339,-183499.88852014355,3489001.294207838,-192187.98535859282
2025-01-12,44076979.924180895,89241.66266568852,3392925.3240855164,-348278.11011545954
2025-01-13,45518832.3193983,828705.4087969088,-779758.9188317205,28497.337272319986
2025-01-14,44837108.72656021,-690138.4674092843,942991.877979259,163906.4846013026
2025-01-15,44769399.22886871,1401106.7638752235,-419883.87101284857,-206438.85623482283
2025-01-16,46630389.89076918,-115109.74573890511,-817947.1507792467,-411785.58508687426
2025-01-17,47902234.25078874,238130.4557914021,2505701.5334998583,144987.93900863096
2025-01-18,48381272.66106194,-135770.97344582962,1925151.4903638745,-195230.6625374949
2025-01-19,48187625.120506376,-16324.923931521906,-3301657.4312747307,52321.82436051829
2025-01-20,48863163.855523854,-119201.63519703619,1090507.7491342495,578741.5572571757
2025-01-21,48916666.0736274,-598472.8161828303,-23816.13813388237,-50047.64789646883
2025-01-22,49534413.28979276,41721.20195730833,914321.1197686855,-207650.04028928545
2025-01-23,50386027.64084575,-166455.39274289986,467834.79273136717,-63731.50866868803
2025-01-24,50249775.13463407,14455.305720087566,-1061491.45542725,-147117.37548021434
2025-01-25,51719313.12518431,691206.0947293957,-248854.29866678943,-330014.15565293166
2025-01-26,51394346.14083109,404381.681215375,347040.7343158906,-13360.247537615965
2025-01-27,52429827.804403685,393885.5496723474,-2538909.458369455,-83218.38601004396
2025-01-28,52076167.057329826,679455.5832601654,2977090.265967877,-175619.1356659335
2025-01-29,53545484.55533132,-533930.0001116752,3173347.366097655,431629.2358793926
2025-01-30,54852314.080067106,29247.27306472213,768531.7537780718,229134.34419302625
2025-01-31,54733736.7956837,874320.9583801712,-196431.43348084224,-311700.43403845694
2025-02-01,54370579.04447475,511951.84023711394,-1372737.7983625047,-440615.3673802276
2025-02-02,52909725.35194927,243936.1325267711,53132.417799793904,-201255.61442575662
2025-02-03,52838622.84455477,-40438.24028275777,-996879.4094359138,31502.86598615015
2025-02-04,52864464.71587356,950051.1105367953,1162159.563419303,-371671.5777758659
2025-02-05,54091155.24913271,716578.7338276779,931962.2940852916,-32380.20014266871
2025-02-06,54461401.88481663,8310.564793422109,-2529755.0974269053,-167435.93822524732
2025-02-07,55688683.20900546,-696428.9108460433,20743.884477826847,23203.565559983792
2025-02-08,55712065.1014837,-295497.64080820174,-1499433.3001515062,256156.28540262967
2025-02-09,57293251.443591505,29950.873119953136,1917848.9767136357,-158896.04726214262
2025-02-10,56775960.21340476,-193062.9530886463,601955.635634335,396821.5850528657
2025-02-11,55763637.17666178,-307109.42710670654,4616985.893960913,-188583.25305119358
2025-02-12,56571325.92837842,-177960.22193594597,1128052.7285611262,118155.3775264726
2025-02-13,56742620.49729598,-56648.24858080263,2282740.4710085005,-146347.7613685372
2025-02-14,55942883.48111992,487321.3508939666,-1982993.0951968345,570677.9745382261
2025-02-15,57200914.299456164,-462696.7385243451,1986390.6398641204,148367.0337720522
2025-02-16,56877202.2521742,-179952.26220184957,-4998663.436270887,46055.863128213365
2025-02-17,56476033.042858936,475951.55635077035,-1539316.6644751446,-122171.11958459947
2025-02-18,55911412.98947981,524157.3506075313,-4241379.488664089,-57998.37531305733
2025-02-19,55595127.686500095,-7750.306264655689,1183111.7900424085,326400.29708514345
2025-02-20,54904782.66631125,-8504.851591267088,1631560.3295953008,294828.28637177893
2025-02-21,55039217.05102368,-351660.1644563071,1398218.0703406814,424160.67939267657
2025-02-22,55238827.336090624,-130288.62985284606,3238577.0816390025,-208345.25528029114
2025-02-23,56070679.07296859,185507.36783845586,-131421.3308307948,-40133.12912752917
2025-02-24,56733123.561951585,106158.06642005585,952851.0103865075,364587.8514955758
2025-02-25,54597266.60326146,-36513.67893211273,213525.18557403146,-172017.81712482014
2025-02-26,54866243.96016789,-401667.7810090689,-187804.000078332,137158.24949990428
2025-02-27,56844047.321467526,131003.92945207116,2364085.626829776,-1428.9038393377737
2025-02-28,58224807.63219108,-683385.9382362934,-1564761.2765789463,-324745.7569593507
2025-03-01,60126328.10072553,-368642.2515543209,2235882.718680131,98640.39294611383
2025-03-02,59029316.00387847,319846.5125519625,-1195846.648557158,185838.4211788323
2025-03-03,59874512.422325864,-73749.40657285931,-179720.7448920142,781134.2786298798
2025-03-04,59838932.506577134,-169175.01479191947,-1547463.388148991,497074.54925212916
2025-03-05,61253355.28320893,-11249.268835535211,485765.7506768611,-481302.81663459615
2025-03-06,61646515.55223455,851717.3672519556,-1075958.0241400462,384201.86466382846
2025-03-07,61860712.45752219,-238888.2697343553,4506677.910475691,-753301.4523384424
2025-03-08,62375334.12850874,-947699.0023582887,3305565.4231965886,-279409.77693347924
2025-03-09,62674390.91274029,196789.29103567926,-264636.9675421488,343222.4151343199
2025-03-10,62050567.98132621,122878.67881396753,-1355831.7124611263,-518681.00178365305
2025-03-11,62889491.41330325,-590936.2537909577,-1173281.1479601674,-589145.778034864
2025-03-12,64720228.755960844,235478.5097309994,2504098.3616316156,-196275.3054375293
2025-03-13,64824237.816074096,-104796.94395692149,93415.65335205756,-570699.7379520792
2025-03-14,65069053.90959056,66971.239318326,-35525.26362778112,274725.77945785894
2025-03-15,65772601.1293674,-354972.99914766074,2333930.7983803796,245806.7791675158
2025-03-16,65981964.97850227,-729930.7861855187,-1231097.6730241745,75366.08677588693
2025-03-17,64906437.1983145,303904.18762704293,3116746.0967090568,74633.66187510313
2025-03-18,64423196.446479715,714035.8480555192,1748089.0432882854,314530.9350398466
2025-03-19,64855846.193347104,-44180.32972917128,-1796599.2621015487,-290623.19699127437
2025-03-20,63291907.304242864,494904.1227119554,-1055221.489082365,486374.2544914961
2025-03-21,64228507.63985119,207847.68579135207,-1934591.7640725018,386383.3576195466
2025-03-22,64219331.55977204,-85966.99202787392,3965.410589959936,20442.792908640127
2025-03-23,62323536.2222425,11012.853490374793,253913.32202497846,-14490.636286537225
2025-03-24,61443907.48689203,1183342.9569615745,-1379720.4147161017,-47537.85394482101
2025-03-25,63700338.95573803,185318.69587848775,-3990144.1629320025,-276397.41888725985
2025-03-26,63118106.38260311,896598.5115966178,1071838.104786666,60685.71176935192
2025-03-27,64094168.71029773,467430.65015131666,-2761758.650441564,438760.357370013
2025-03-28,63424792.18101938,-798682.1494447459,1058391.5955815224,-212185.7756186219
2025-03-29,62198798.89333036,3794.100391065099,272315.47853566124,238912.05395223948
2025-03-30,61557682.41406653,-533641.0581810276,43859.91257914732,-312267.3789978241
2025-03-31,60575741.36699939,-512757.2903694946,-2233441.4198084124,-343171.0139476106
2025-04-01,60505739.568977475,-1437980.7255116585,-730846.0310659696,65426.9422365048
2025-04-02,60306543.102347605,52758.640605303655,341896.1627398797,465160.2129128555
2025-04-03,59356732.29943144,-660678.438694204,-1638544.3257911322,-343313.41744809976
2025-04-04,58725073.633319765,499504.85152570135,-850240.2357518463,277942.81867817685
2025-04-05,58345041.82845756,-274885.1795705077,3444754.818925284,125902.77777043064
2025-04-06,59043909.92513271,-823884.0066136875,-2374295.877170702,-305513.374853197
2025-04-07,58903764.841933966,682049.2526440406,-2338157.802949969,662653.3932897395
2025-04-08,58792488.088055715,-516393.3642590358,176905.4250186482,-320888.097605809
2025-04-09,59070085.21029711,-55484.28602222055,1126674.9163522804,-503383.2946996255
2025-04-10,58055831.92158036,-1141205.964363719,-911811.4472659655,173489.37308875736
2025-04-11,59081587.20671269,-568864.6995425498,1962179.860177288,-203336.68795939846
2025-04-12,60264558.6550415,397062.2370707973,-834015.748097791,-157067.40501663892
2025-04-13,60437847.6703426,-47925.427845948805,1316513.3052167431,265645.4028870694
2025-04-14,59505696.99075812,619208.1270753758,2445573.708746243,-719307.0330881071
2025-04-15,58177905.4094168,79837.59087034126,-1157808.9047010953,-327756.07527016517
2025-04-16,56540848.951294996,-185873.87164503828,3035045.775661312,142219.86950916637
2025-04-17,57398844.23302952,-388636.1810534472,1247319.3274363128,-94163.0409451718
2025-04-18,57451467.03957103,26311.525043054386,1888838.282959339,-230298.63790175042
2025-04-19,56815291.80098664,-636195.2377363942,-689130.4564369442,79499.67064636163
2025-04-20,57314938.738710135,46200.22263266585,-3050196.0947192493,-129149.07555576219
2025-04-21,57578095.7848532,-434906.8744853849,-862808.8955923774,60024.61044004807
2025-04-22,56977810.73569799,-307426.39113130583,-2020593.2246282275,118757.47763556064
2025-04-23,56496990.5206286,-560610.6595827682,-2789222.2323057447,346507.2409735875
2025-04-24,56895387.651471585,63141.916073786,3525989.609054257,-113126.45280578951
2025-04-25,55811649.21981892,281938.6762574316,-1468233.7449460651,-41703.985478286566
2025-04-26,57632619.13138481,-43069.74024240022,1079438.726951173,162428.3310778338
2025-04-27,58271786.567808,-330643.78010568535,2645776.1102802637,5384.75768177094
2025-04-28,58490736.17752054,178356.70364757944,-514644.10085910826,-259889.18164714397
2025-04-29,58107105.59339842,167195.40737461176,1721160.2480038644,185258.61763226887
2025-04-30,59068949.40291231,-31653.792204456666,1003062.0641439321,741315.4500194847
2025-05-01,58156291.722860314,-661514.734740877,349927.40484029555,-115406.7826477454
2025-05-02,58689183.22324276,-1230569.2726936638,2729989.6656214725,99479.00583551438
2025-05-03,60414838.19845309,978982.9518548589,1373824.215056198,264037.15448534983
2025-05-04,61051149.48288963,354206.19194385177,487248.23311252065,-120209.14033844053
2025-05-05,61273519.58406846,-17296.651739976336,1816423.0877378695,-96065.45512196174
2025-05-06,61974480.628797024,-1068225.2147571244,-193794.87036208145,26256.367529704225
2025-05-07,60344871.257651694,340681.9527362402,564686.5113683415,-160278.79761271825
2025-05-08,58680840.12817575,152433.01763032965,3127953.3780543674,574465.0089064335
2025-05-09,58057530.47943006,-674265.869775265,1118613.1913154079,286689.1881459791
2025-05-10,57396399.8658777,213984.55502382314,128872.88134366459,-56009.89526495008
2025-05-11,57343729.85971495,514901.84713098576,-1840688.2701547565,-133095.70348872477
2025-05-12,56433145.55973667,-676892.4737146654,559603.3585571221,-135368.8502547931
2025-05-13,57188719.99162567,-409514.14000613673,304679.6738687915,-123916.03989555211
2025-05-14,56945740.24157206,945153.1789761198,1841398.831023119,-117044.30489403164
2025-05-15,58497892.675527476,545930.4926774475,1349276.827224071,-98763.08329591076
2025-05-16,57587514.48415965,-907178.4476379626,2056582.4280190053,14526.653618807772
2025-05-17,56904474.58584642,168509.07304312036,775985.8495850753,40569.6577195454
2025-05-18,56668887.741400465,-26203.97464343442,1684953.174647094,-247859.82033100916
2025-05-19,58229201.52145798,329078.853296495,-2874146.1827255413,-238023.18502099658
2025-05-20,58050608.15600682,116573.50584952517,1737101.0618620068,21906.910226732944
2025-05-21,56963339.52844728,278645.8102132014,-3124427.8776834668,316008.0121835725
2025-05-22,58056022.47163228,263387.97564938397,-2853291.7321671136,-246898.22731413107
2025-05-23,57869760.615067266,214285.2737374348,-3283530.9740773817,-430155.01003575954
2025-05-24,56972051.7202259,108043.58084008445,-855970.4408380302,394099.9487739222
2025-05-25,57059119.89350261,-611774.4598140197,-2275650.667861734,120922.31351656167
2025-05-26,58393353.37807994,-737843.9371187878,277298.656733369,168051.52512568928
2025-05-27,59420077.3266843,-841442.5522889602,3880546.6035846216,-90357.85874580314
2025-05-28,58436793.739256404,-521649.2776886027,-1250511.4924415408,-89225.07319709373
2025-05-29,56592975.44331103,-339986.55241044034,1369734.298637072,45687.37567065979
2025-05-30,58036971.687788874,-259804.33926063258,3402809.0866509667,451729.7478846748
2025-05-31,58299271.00247436,694226.0440474784,-835825.0921023318,-75815.19800612224
2025-06-01,60252198.00056581,-811160.9499627305,1390058.4173232797,258545.87512938012
2025-06-02,61964929.858651415,-778961.6953874448,412049.1197058683,-7114.644425940397
2025-06-03,60637204.51257913,-189495.9558263023,4582306.850197292,149233.80173336033
2025-06-04,60945987.07039929,124711.1726709375,411914.55451193196,-115405.11781153094
2025-06-05,59841457.52308165,-22639.0457361179,-2372925.0588172106,-197156.3075557807
2025-06-06,60356768.16596068,407422.3628930467,3413587.9780028025,-52640.23354076237
2025-06-07,60643892.57830224,-788872.5258613679,-1557201.8062848335,17370.16484288084
2025-06-08,59764676.91891553,569107.2593481598,1344742.9553534184,239319.8208056315
2025-06-09,60059178.107323386,351517.19206091086,1562294.6486100077,-218120.72227142134
2025-06-10,59941157.15796489,-524470.7517923275,3400576.579067327,-272027.5299257394
2025-06-11,59772763.39605201,682750.0659024181,-194231.98047252212,-120625.10710028678
2025-06-12,58809981.25595151,-163583.8903816135,2618419.8794214576,-59978.86376114675
2025-06-13,58147122.02550209,-166690.6198477969,-2919419.2954973965,323303.93070665747
2025-06-14,56488851.191854194,444978.996561853,-2770156.754021297,310707.4871982634
2025-06-15,56155444.03176043,93992.86764063062,-3864058.7237435356,433726.6914652829
2025-06-16,55990723.18482182,294476.0398467003,-3408004.544137126,689323.3867626474
2025-06-17,57223086.729898706,40925.50583672701,-895799.1570238298,-114227.11400066694
2025-06-18,57485933.557913296,260797.88477008563,721205.0219124223,-223170.98996930447
2025-06-19,56595406.611177355,-457063.8537452548,-1609250.4929134804,-169593.31547533156
2025-06-20,56000005.528340146,-20992.635582156392,-1620365.244821907,264521.71319161745
2025-06-21,53403782.68055429,63152.1605552778,-117960.46425793921,-29924.68728182973
2025-06-22,53138216.80777429,-555476.640036494,-328645.5812081813,419032.53400314786
2025-06-23,53929707.78864505,-228968.7775630522,2898551.017647285,366903.98101044004
2025-06-24,53255337.84310808,325782.41789864184,2110000.6511443257,134653.09055162792
2025-06-25,53842968.92692131,243468.50500824134,5894460.716533086,81640.06324392225
2025-06-26,54025580.958922334,-375569.05171296553,882758.9190065764,-208401.85096511588
2025-06-27,53277838.04284116,-853933.6030410553,1247226.8518978986,-202826.45421084258
2025-06-28,53089213.89761113,337498.3558580234,893489.0010467971,66285.49838655572
2025-06-29,52933197.04906504,698855.0342700855,67603.4209370805,173294.55990791784
2025-06-30,53110663.743756674,293611.00342374394,2770990.8055592263,-173045.08931808433
2025-07-01,52600377.42444156,-534041.2446368479,1530314.502963563,205786.26326728766
2025-07-02,53060782.79585398,587889.2665427144,-253058.26129569815,-186113.21493096612
2025-07-03,52931308.61192596,-231581.9678826543,-748102.968664873,525493.9717198095
2025-07-04,53829338.17086658,27615.177144532125,-615315.8910367087,-594648.9625765657
2025-07-05,55307207.17381841,-1277587.7079935137,3042966.5322159114,-103400.01969751564
2025-07-06,54329760.3395234,132953.94108783055,518218.74742452614,343374.9454515204
2025-07-07,54658034.02505736,741379.6611523745,1605336.8816965476,-390342.205786848
2025-07-08,54971041.46422586,-1197255.399639343,509918.7848455208,-101765.78343346322
2025-07-09,54163453.81967905,754142.2790078464,2543409.0102148904,-301618.9370432861
2025-07-10,52328544.569387175,-54692.626138603635,-929871.4987058317,19435.267076463315
2025-07-11,53351917.659180455,711675.9200004014,-212044.98680039932,-228285.17274997922
2025-07-12,53966380.52655861,112492.78145823885,-236294.71095511623,344824.0991394947
2025-07-13,53140826.52305773,217697.5344733941,-1116719.7549886378,-278124.5575769301
2025-07-14,52342801.63123861,-179275.53762507968,1619252.344013847,-371746.7514521987
2025-07-15,51404339.629913025,-470063.07009459607,-2071503.4672992353,183520.87411133086
2025-07-16,52070596.415670745,-469786.0102474094,-184142.92987357808,-216802.68352490306
2025-07-17,54127713.87075944,-20194.451067900907,1954007.7408708422,-10957.19367712741
2025-07-18,55378592.55333844,291640.89176685805,4130273.3677657866,-393280.9132605377
2025-07-19,57081724.74583224,-437103.30140454764,4272986.89967669,-40056.424927800894
2025-07-20,56727943.204339325,-79144.61416238645,2713893.0253507076,112044.80869439688
2025-07-21,57431842.22961294,-627347.5554667735,619556.9603887765,-139241.3025306752
2025-07-22,56282419.34877988,-929012.2177559164,1908479.0913685542,89030.13625947734
2025-07-23,57802060.7120294,408354.29639849067,1258085.3225274307,-188002.48544222332
2025-07-24,58343004.29843227,-814215.6253677643,-414954.3164290835,-67702.04048793981
2025-07-25,56054349.1309105,948587.1516248671,-406549.56439908507,335414.3380891992
2025-07-26,55483308.29698546,-136378.675500006,1958589.2231964855,-53577.1570580882
2025-07-27,56032944.078287445,-194904.90729411456,5319593.746002296,404843.2209267159
2025-07-28,56816316.75748662,402478.46653437073,-1865108.3873917318,-81314.21165701006
2025-07-29,58390156.76128232,-142861.6344098783,2508457.703300766,275433.1160619465
2025-07-30,57601245.7104961,492469.4235207167,1369617.4945235199,-154931.00606423925
2025-07-31,58426935.38280492,335653.8058266644,219239.51155899157,-601600.5405126085
2025-08-01,58139832.75062822,-119047.47560093111,2391993.9380628406,172851.05728851695
2025-08-02,57075081.89816761,681726.2012685034,2042032.9252108599,509936.9441058935
2025-08-03,56286271.47779086,1105525.9538449135,-746895.697823953,454629.541256657
2025-08-04,58570989.98757823,148110.65156489876,-802034.1072930426,235116.64941331232
2025-08-05,58112957.90710011,-898204.0071051497,-3455464.264522194,188189.3370564389
2025-08-06,57511041.71627434,-135945.09278022376,2938284.1954857577,-227599.9496434449
2025-08-07,57432483.15511553,326183.68359158095,419485.8452901922,-74124.36118674737
2025-08-08,57544643.011821896,231501.62364413,27274.26019059554,596891.2268805132
2025-08-09,56350398.64327118,-272195.2841797693,703604.6398927007,-360142.4130576475
2025-08-10,57601162.977103315,1056470.9999055916,4503383.561509579,-285817.2134773609
2025-08-11,57309734.72988144,-503741.3523082197,-880952.9583500521,120101.6854546386
2025-08-12,57417810.19057652,-161934.52445301256,-609732.7040294467,-80453.01462099559
2025-08-13,57385371.68268251,193654.72175197297,-1526739.0670445315,247280.19745897918
2025-08-14,57485319.80803892,80887.69477306798,3227541.917370975,171282.69230049584
2025-08-15,56611352.454064496,299863.9616084793,-3027943.7163505275,109853.11138223708
2025-08-16,55580148.096722856,-230863.0487632849,375807.26644774055,235296.47508183937
2025-08-17,56238348.57814316,461349.3169586669,-40888.742145112155,-236852.01154725786
2025-08-18,54540572.292635106,411270.5922587722,446122.4855288203,374180.37876577984
2025-08-19,54958303.45234751,-593257.38677015,-2312869.212961677,-111260.52020330956
2025-08-20,55344344.895235375,983449.6083429897,537672.8564525632,51813.402330894154
2025-08-21,54693232.04989238,10584.948654622085,1536304.5199436618,-90044.16579865593
2025-08-22,54594453.561319895,197732.3658247078,-2566081.8733287225,13394.778720710605
2025-08-23,54351093.275307335,-263638.0299971281,-858715.8478789699,267870.7057030373
2025-08-24,52984381.56261187,-466235.5009314017,-1369572.6714330977,212823.39894731465
2025-08-25,53324742.76745345,-759316.553498297,-715428.4806977147,377355.1136907886
2025-08-26,52225686.47113961,703175.2968119382,-595495.1318898323,450445.05646679783
2025-08-27,52799876.66339136,745566.426192135,-330482.153730494,63168.803084048595
2025-08-28,53010862.31117101,-544641.0860922965,1080170.7867101622,157817.7814708277
2025-08-29,50759660.12766202,273820.25793932925,1480711.4908123377,-404099.0377451613
2025-08-30,53340952.927656904,-380417.5816377308,4036668.2353076246,780636.0372297661
2025-08-31,51945805.09221159,-688392.386950836,228216.6022511277,-130786.31841229816
2025-09-01,52467059.072076045,573434.7754698456,-1960598.3724506802,-185675.42908250671
2025-09-02,52216574.93980401,-1154445.0283180452,1675839.5864282588,18103.548938845815
2025-09-03,50264929.11223844,263642.70803569077,3391450.0550107025,222704.10292232328
2025-09-04,49758698.556424186,758926.2171069686,-718154.7186911881,359188.0948336473
2025-09-05,51130992.19632973,-260476.41119891545,-646424.3905129343,-18225.426877155387
2025-09-06,51186558.796741486,162824.02002369286,1065356.9834378087,298227.08528382133
2025-09-07,49256013.781540826,432926.3901690701,2057733.7899498555,-168379.8652199311
2025-09-08,49603808.60631557,-314981.7128405076,101336.48866849722,119019.38173456005
2025-09-09,48719449.12480001,-994764.3219037502,-1834063.5000559872,-159758.18587204316
2025-09-10,48075038.61983785,252844.82530613357,739432.353272445,-286063.2398218679
2025-09-11,48032752.95307825,133905.8322922212,2087104.2180528664,-150620.80682399622
2025-09-12,48842235.281528614,230283.37848104502,-2153065.6910879835,57954.15243623185
2025-09-13,49142499.562789336,-554310.7165077322,3472506.151917229,-63668.48948099753
2025-09-14,48911947.63916551,-806613.947436754,-1582426.784946951,480061.4444975544
2025-09-15,49536993.02815698,-136364.9349784349,-2490334.3366692504,-27059.382897849446
2025-09-16,50355990.360500626,220922.75235310596,282158.88793613674,-244638.18312915214
2025-09-17,50184228.05037508,493873.826856762,-4216143.513667547,353225.9164105865
2025-09-18,50149511.36981685,13307.234571911793,-5011558.82231119,87294.37027117625
2025-09-19,50185123.072399996,228445.46495492966,3066061.7720688907,-27939.38021773983
2025-09-20,51577957.25133977,-124481.39363655003,-347739.66437557363,-363966.0713998475
2025-09-21,51230415.25416323,262497.94250381575,-122825.63614944102,-369361.03656729776
2025-09-22,50264339.14871146,377090.1079892398,-591125.1482823584,554918.4585068513
2025-09-23,48082090.56603786,-144469.46444036305,856170.6843964837,11319.73562782043
2025-09-24,46418655.29855155,-434540.76091306924,111936.78584605241,-280449.24008704885
2025-09-25,49245199.006441325,840820.7005842341,2427444.8556251153,144070.5507442304
2025-09-26,49036376.04586431,-111994.3969252982,-63428.814624310864,522047.96403491194
2025-09-27,49294840.58751879,281496.3389864788,-1158.3561670109336,543653.7210233832
2025-09-28,50287662.285585776,427261.8873684007,656032.2031694812,-174151.62327825595
2025-09-29,48908582.15606144,-259116.39730442854,-2734550.6735705375,-124796.75228242704
2025-09-30,48995259.417702965,-457396.9686014879,-1068983.5493804738,188885.51124487765
2025-10-01,49985220.66828051,21597.947672304577,-44774.358757618036,-258205.55752617444
2025-10-02,48744468.823879994,-372707.65460298845,21166.792651945372,5816.466000666397
2025-10-03,48291633.23086551,-466051.1982324503,289462.38029667194,199268.9410913574
2025-10-04,48799598.762403876,931410.0459869042,-404322.6030839275,232926.03290101947
2025-10-05,48824558.58855488,-594115.669413078,-427034.2333240611,-423091.5565372002
2025-10-06,49231018.15735569,-185638.56479936442,-2290695.9255124326,346807.7642640468
2025-10-07,47765071.776612036,159841.97848573522,-387735.6508015478,-681265.3940895264
2025-10-08,47123858.853684135,-238440.7455672064,984409.0025156828,16315.515480482016
2025-10-09,48537296.40862354,530632.5732845697,-29993.429875518254,-317714.43435294734
2025-10-10,48434474.7431747,429214.7890043663,329703.91931553703,-452313.5089199105
2025-10-11,46889989.71764265,241228.2703928451,349934.64667736064,204291.02213674964
2025-10-12,48777066.29968023,-213493.99386194078,810410.4709402275,284597.26728929626
2025-10-13,49605250.23347348,-651483.3574758519,-543521.3748878273,-364883.89642701775
2025-10-14,49744057.35473815,-116245.47143143642,-2593432.237259901,48590.57274262688
2025-10-15,49713307.80418887,282643.81290296884,838735.0559403765,-106607.88863465289
2025-10-16,49969106.43256079,-261806.14176682843,-2841855.7581674266,254027.7012814347
2025-10-17,52307720.1042638,258475.88717046994,-1898508.8381268291,-224865.06063045317
2025-10-18,52171482.24768003,-1064877.14691182,1193552.0471376013,-225679.84788702632
2025-10-19,51915741.31927599,-9899.476813324058,584445.7677935617,-595822.8434066545
2025-10-20,51914924.3171079,-233122.02213891273,-436477.76993860723,285802.5074095949
2025-10-21,51536085.65888756,-536895.9198107012,4450205.167809924,59811.450613248824
2025-10-22,52247663.04076245,437004.94318762474,1436907.4093239943,82153.62232356855
2025-10-23,53037332.26004774,-1585402.4548943618,-1857578.4008227664,-88397.17497152853
2025-10-24,53335347.76832057,-1224112.0284218076,956079.7484822079,-143825.66816572475
2025-10-25,53334911.117547505,-405160.5400388199,1755037.6664176877,-343000.0075804227
2025-10-26,54296941.50219116,799224.3405757735,-940804.6556846134,-174954.9069359601
2025-10-27,54374144.0083106,-8739.756268438408,4742287.207640553,445327.00436939835
2025-10-28,54218210.26102366,690043.5172321318,-2033839.2730749191,30065.02034802201
2025-10-29,55258042.29901519,78575.03583404604,-1894839.1030938404,-372209.3470267851
2025-10-30,55444070.98618908,339457.646090771,-3625456.076928998,18849.83338885772
2025-10-31,53919907.722546324,-1116436.705042745,-4128751.4656185014,17603.16242207561
2025-11-01,55147574.85182161,263258.8167070234,-765652.688320586,218141.10088059513
2025-11-02,54590621.99038744,-874635.1655060902,929898.5365457869,227414.20135384335
2025-11-03,53983394.36997713,157869.97910587632,-788803.5819035174,-521025.74861928786
2025-11-04,54714007.28594164,-333484.2677767727,526884.4852353748,436420.01369636465
2025-11-05,55267636.51649705,-18931.877866863553,4157382.736748163,-360966.051275036
2025-11-06,55401833.1018298,747573.0478166039,-1859803.9515420059,-283571.811647984
